Date,Open,High,Low,Close,Volume,Previous_Close,Daily_Price_Change,Daily_Return_%,Intraday_Range,Intraday_Range_%,SMA_7,SMA_30,SMA_50,SMA_200,Rolling_30D_Volatility_%,Year,Month,Month_Name,Quarter,Day_of_Week
2014-01-02,3.2356814490489727,3.246883894690576,3.1890038131948395,3.2039406299591064,13127000,,,,0.05788008149573631,1.7888065437575245,,,,,,2014,1,January,Q1,Thursday
2014-01-03,3.213275852825221,3.2226113347261927,3.196472074433652,3.207674741744995,4642000,3.2039406299591064,0.003734111785888672,0.11654747129119514,0.026139260292540545,0.8134770088151013,,,,,,2014,1,January,Q1,Friday
2014-01-06,3.230079174041748,3.265553908769818,3.2244778415648425,3.230079174041748,11781500,3.207674741744995,0.02240443229675293,0.6984633449638622,0.0410760672049757,1.2716736956505574,,,,,,2014,1,January,Q1,Monday
2014-01-07,3.241282775510154,3.2450171468804427,3.2114093625761893,3.233814477920532,17191500,3.230079174041748,0.0037353038787837356,0.11564124832610378,0.033607784304253485,1.0368667787389783,,,,,,2014,1,January,Q1,Tuesday
2014-01-08,3.248750381802608,3.420523403798977,3.222610902441005,3.407453775405884,42864500,3.233814477920532,0.173639297485352,5.369488530368893,0.19791250135797211,6.091957771411111,,,,,,2014,1,January,Q1,Wednesday
2014-01-09,3.390650163646315,3.396251497189861,3.3570423849604785,3.375713348388672,13011000,3.407453775405884,-0.031740427017211914,-0.9314998561772425,0.039209112229382725,1.1563891978527543,,,,,,2014,1,January,Q1,Thursday
2014-01-10,3.3103651989485847,3.329036163632043,3.2618206017414115,3.323434829711914,17033500,3.375713348388672,-0.05227851867675781,-1.5486658161218525,0.06721556189063138,2.030457603649891,3.283158711024693,,,,,2014,1,January,Q1,Friday
2014-01-13,3.3010295375826413,3.3178333158562543,3.2692889438572363,3.27675724029541,24355000,3.323434829711914,-0.046677589416503906,-1.4044984122811854,0.048544371999017955,1.4705827817150408,3.2935610839298795,,,,,2014,1,January,Q1,Monday
2014-01-14,3.256218890278897,3.286092519338913,3.239415113042281,3.2730228900909424,14303500,3.27675724029541,-0.0037343502044677734,-0.11396481126356717,0.046677406296632196,1.4334849059436006,3.3028965336935863,,,,,2014,1,January,Q1,Tuesday
2014-01-15,3.246883610161615,3.2692889446323363,3.2375481283239624,3.2506179809570312,13571000,3.2730228900909424,-0.022404909133911133,-0.684532613619715,0.03174081630837389,0.977577890659098,3.305830648967198,,,,,2014,1,January,Q1,Wednesday
2014-01-16,3.226346001764092,3.233814298940369,3.205807850666129,3.2132761478424072,11705000,3.2506179809570312,-0.03734183311462402,-1.148761045849811,0.028006448274239926,0.8680547051967348,3.3028966018131802,,,,,2014,1,January,Q1,Thursday
2014-01-17,3.2039404655429555,3.220744467006226,3.1834025382995605,3.1834025382995605,9680500,3.2132761478424072,-0.02987360954284668,-0.9296931906367822,0.03734192870666542,1.1655000805496325,3.2708892822265625,,,,,2014,1,January,Q1,Friday
2014-01-21,3.183402860243542,3.1852698233224137,3.1404595933728467,3.1460607051849365,14266500,3.1834025382995605,-0.03734183311462402,-1.173016376828373,0.04481022994956696,1.4076204588865266,3.238081761768886,,,,,2014,1,January,Q1,Tuesday
2014-01-22,3.1497948848526,3.19833948315729,3.146060513771115,3.1946051120758057,19626500,3.1460607051849365,0.04854440689086914,1.5430219388603783,0.052278969386175156,1.6597578984455568,3.219677516392299,,,,,2014,1,January,Q1,Wednesday
2014-01-23,3.1647315245190555,3.170332635677215,3.1124527806311293,3.1348578929901123,11469000,3.1946051120758057,-0.05974721908569336,-1.8702536617075216,0.057879855046085726,1.8289025339955727,3.199406181062971,,,,,2014,1,January,Q1,Thursday
2014-01-24,3.149795190534425,3.1572634882712567,3.1049847363869856,3.121788740158081,15650000,3.1348578929901123,-0.01306915283203125,-0.41689777585310894,0.05227875188427111,1.6597508320977845,3.1778013025011336,,,,,2014,1,January,Q1,Friday
2014-01-27,3.075111570903466,3.086314241798652,2.9425475964710026,3.030301332473755,33966500,3.121788740158081,-0.09148740768432617,-2.9306085484725464,0.14376664532764938,4.675168429268107,3.146327495574951,,,,,2014,1,January,Q1,Monday
2014-01-28,2.998559829382072,3.0751108772212863,2.992958717773492,3.0657753944396973,10703000,3.030301332473755,0.03547406196594238,1.1706447007691967,0.0821521594477943,2.7397205365991915,3.125255959374564,,,,,2014,1,January,Q1,Tuesday
2014-01-29,3.0228319184067893,3.035901771450283,2.994825472014361,2.996692657470703,11498000,3.0657753944396973,-0.06908273696899414,-2.2533528416428528,0.04107629943592217,1.3588681258060753,3.0985831192561557,,,,,2014,1,January,Q1,Wednesday
2014-01-30,3.0284331211107403,3.080711863295411,2.9966925277550107,3.011629343032837,12195500,2.996692657470703,0.014936685562133789,0.49843902159592,0.08401933554040042,2.774350041105897,3.079378638948713,,,,,2014,1,January,Q1,Thursday
2014-01-31,2.936945655762249,2.950015509971634,2.9033378725782755,2.9406800270080566,23952500,3.011629343032837,-0.07094931602478027,-2.355844891368053,0.046677637393358395,1.5893258801632055,3.0431036267961775,,,,,2014,1,January,Q1,Friday
2014-02-03,2.91267273823307,2.9257425896724443,2.843590223458965,2.84732437133789,14380500,2.9406800270080566,-0.09335565567016646,-3.1746281408640553,0.08215236621347932,2.8205148190907243,3.0020274094172885,,,,,2014,2,February,Q1,Monday
2014-02-04,2.852926088527433,3.050838401084664,2.852926088527433,3.006028175354004,39691000,2.84732437133789,0.15870380401611373,5.573787293561594,0.19791231255723085,6.937169292716774,2.985490185873849,,,,,2014,2,February,Q1,Tuesday
2014-02-05,2.961217822659491,2.979888787746022,2.925743078025267,2.96868634223938,14067000,3.006028175354004,-0.03734183311462402,-1.2422316404345213,0.054145709720755164,1.8284946587322142,2.9766880444117954,,,,,2014,2,February,Q1,Wednesday
2014-02-06,2.88466669309664,3.125522491846922,2.88466669309664,3.08444619178772,31628000,2.96868634223938,0.11575984954834029,3.899362755211744,0.24085579875028218,8.349519177611734,2.9793553011757985,,,,,2014,2,February,Q1,Thursday
2014-02-07,3.123655297499496,3.1497947813335,3.084446183036216,3.1404592990875244,18125500,3.08444619178772,0.05601310729980424,1.8159858793756367,0.0653485982972839,2.0920553669796993,2.9998933928353444,,,,,2014,2,February,Q1,Friday
2014-02-10,3.11805442710607,3.1348584311918546,3.084446641509988,3.1143202781677246,11094000,3.1404592990875244,-0.026139020919799805,-0.8323311474660589,0.05041178968186655,1.6167706773693094,3.0145635264260426,,,,,2014,2,February,Q1,Monday
2014-02-11,3.136725031218325,3.20767496571008,3.125522585700254,3.1946051120758057,24315500,3.1143202781677246,0.08028483390808105,2.5779247712863995,0.08215238000982561,2.6190494605743964,3.0508385385785783,,,,,2014,2,February,Q1,Tuesday
2014-02-12,3.1964725448214684,3.241282775510154,3.194605359136324,3.233814477920532,13905500,3.1946051120758057,0.03920936584472612,1.2273618951059717,0.04667741637382994,1.460278970625008,3.106051410947527,,,,,2014,2,February,Q1,Wednesday
2014-02-13,3.1441930621483967,3.2263454293904426,3.1273890626197067,3.2114086151123047,21296500,3.233814477920532,-0.022405862808227095,-0.6928617260268721,0.09895636677073583,3.147273873288172,3.1353914737701416,3.1540890614191692,,,,2014,2,February,Q1,Thursday
2014-02-14,3.134857798836434,3.198339208284948,3.134857798836434,3.185269355773926,20059500,3.2114086151123047,-0.026139259338378906,-0.813949966235139,0.0634814094485141,2.0250171944665727,3.1663319042750766,3.1534666856129965,,,2.1710671023569104,2014,2,February,Q1,Friday
2014-02-18,3.2300802922021705,3.2468840728744714,3.2114093258660694,3.237548589706421,9163500,3.185269355773926,0.05227923393249512,1.6412814143246246,0.03547474700840203,1.0982620801731349,3.18820367540632,3.154462480545044,,,2.191567787012523,2014,2,February,Q1,Tuesday
2014-02-19,3.194604946710909,3.220744430050918,3.1778011680158995,3.187136650085449,13277000,3.237548589706421,-0.05041193962097168,-1.5571021785202976,0.042943262035018304,1.3442432711196945,3.194871868406023,3.153031063079834,,,2.2073225488541266,2014,2,February,Q1,Wednesday
2014-02-20,3.192737580284596,3.21514268990445,3.170332248089321,3.2058072090148926,8962000,3.187136650085449,0.01867055892944336,0.5858098029446923,0.04481044181512939,1.403511584911875,3.2079414299556186,3.152097487449646,,,2.2099965623137883,2014,2,February,Q1,Thursday
2014-02-21,3.2188775207613416,3.2356815234734526,3.196472406387329,3.196472406387329,7017500,3.2058072090148926,-0.009334802627563477,-0.2911841548460359,0.03920911708612351,1.2180990681760895,3.2082081862858365,3.1450647751490277,,,1.9630990652892377,2014,2,February,Q1,Friday
2014-02-24,3.248750925064087,3.263687741114845,3.2338141090133283,3.248750925064087,9817000,3.196472406387329,0.05227851867675781,1.6355066470241653,0.029873632101516723,0.9195420883466903,3.2103419644492015,3.1408326943715412,,,1.9856781698782047,2014,2,February,Q1,Monday
2014-02-25,3.2226116447501747,3.2394156473337805,3.2058078647420354,3.226346015930176,9754000,3.248750925064087,-0.022404909133911133,-0.6896468720041682,0.03360778259174513,1.0428741125693566,3.2124758788517545,3.1375964005788166,,,1.9703339484504176,2014,2,February,Q1,Tuesday
2014-02-26,3.239415955388159,3.273023741175858,3.2039409838328976,3.2450172901153564,8785000,3.226346015930176,0.018671274185180664,0.5787127013962667,0.06908275734296021,2.1325682868251,3.221011298043387,3.1365384022394815,,,1.9575986922610904,2014,2,February,Q1,Wednesday
2014-02-27,3.2450170476949616,3.2935616482701477,3.224478896088044,3.271156311035156,15480500,3.2450172901153564,0.02613902091979936,0.8055125314561984,0.06908275218210358,2.128887188163626,3.2258124010903493,3.136476182937622,,,1.9631712415751217,2014,2,February,Q1,Thursday
2014-02-28,3.2730230920763232,3.297295389363554,3.2543521284054444,3.27675724029541,11012000,3.271156311035156,0.00560092926025435,0.17122169433969603,0.04294326095810952,1.3120366019436605,3.2386153425489153,3.1373474915822346,,,1.9588455164948237,2014,2,February,Q1,Friday
2014-03-03,3.21140918483607,3.226346001764092,3.181535550980028,3.2132761478424072,9114000,3.27675724029541,-0.06348109245300293,-1.9373144788498275,0.04481045078406387,1.3953516417544676,3.2396823338099887,3.1373474915822346,,,1.9805876098659776,2014,3,March,Q1,Monday
2014-03-04,3.2543520770789884,3.271155855087579,3.231946742966948,3.241282224655152,7286000,3.2132761478424072,0.028006076812744585,0.8715739178392523,0.03920911212063061,1.2048208427351095,3.2460837364196777,3.1392768144607546,,,1.978144065919612,2014,3,March,Q1,Tuesday
2014-03-05,3.261820186946557,3.284225297202432,3.2543518910530747,3.2636873722076416,5012000,3.241282224655152,0.02240514755248979,0.6912433413561736,0.029873406149357518,0.9158507960956149,3.2482175145830428,3.143197703361511,,,1.9667112716560853,2014,3,March,Q1,Wednesday
2014-03-06,3.3402389760693456,3.3458403102319525,3.327169122164774,3.3346376419067383,8012500,3.2636873722076416,0.07095026969909668,2.1739297183695605,0.0186711880671786,0.5589776121093611,3.2636877468654086,3.1478654543558755,,,1.9855039099634695,2014,3,March,Q1,Thursday
2014-03-07,3.3477074729743506,3.358910141967964,3.308498354072183,3.3514416217803955,7617000,3.3346376419067383,0.016803979873657227,0.5039222151900447,0.050411787895781046,1.5058600042790324,3.278891222817557,3.1550849119822186,,,1.9486821253934754,2014,3,March,Q1,Friday
2014-03-10,3.385049622059194,3.3925181427230493,3.3346380535240145,3.368245840072632,8034000,3.3514416217803955,0.016804218292236328,0.5014026854303077,0.05788008919903476,1.7098741720608852,3.2927611555371965,3.163300148646037,,,1.9451984073255157,2014,3,March,Q1,Monday
2014-03-11,3.368245073460998,3.368245073460998,3.3178332938240325,3.332770109176636,8406000,3.368245840072632,-0.03547573089599565,-1.05324054657574,0.05041177963696564,1.4966779001376418,3.3007629939488004,3.1733824412027993,,,1.8672598045219309,2014,3,March,Q1,Tuesday
2014-03-12,3.310365378822888,3.3327704931453663,3.3028970815738847,3.3309035301208496,7572500,3.332770109176636,-0.001866579055786577,-0.05600683499431547,0.0298734115714816,0.9024203721615798,3.3175669057028636,3.1822200457255048,,,1.8617372655254223,2014,3,March,Q1,Wednesday
2014-03-13,3.3383710913934177,3.3402382765817635,3.2674213928675657,3.291693687438965,12166000,3.3309035301208496,-0.039209842681884766,-1.1771533557581648,0.07281688371419781,2.1812099889651404,3.324768543243408,3.1920534133911134,,,1.820891994179006,2014,3,March,Q1,Thursday
2014-03-14,3.222610985585928,3.235680836891645,3.196471728125335,3.2058072090148926,15427500,3.291693687438965,-0.08588647842407227,-2.6091880526980193,0.03920910876631023,1.2166876157775315,3.316499948501587,3.1985260089238485,3.196733584403992,,1.8977125468492062,2014,3,March,Q1,Friday
2014-03-17,3.202073572916321,3.2375483169358983,3.202073572916321,3.215143203735352,6010500,3.2058072090148926,0.009335994720459428,0.29122134026668967,0.03547474401957729,1.1078678616140698,3.299429314477103,3.207674781481425,3.1969576358795164,,1.8340108408900644,2014,3,March,Q1,Monday
2014-03-18,3.170333228007716,3.213276497888101,3.1591307810229345,3.2020740509033203,9698000,3.215143203735352,-0.013069152832031694,-0.40648742540760896,0.05414571686516645,1.7078872462625139,3.2780910900660922,3.219499770800273,3.1968456220626833,,1.7184358557796102,2014,3,March,Q1,Tuesday
2014-03-19,3.2058081998982475,3.2394159860035705,3.181535897567987,3.2020740509033203,17635500,3.2020740509033203,0.0,0.0,0.057880088435583676,1.805475712409145,3.254352263041905,3.226034633318583,3.1962855195999147,,1.4149874676390046,2014,3,March,Q1,Wednesday
2014-03-20,3.2338143564045088,3.2898272539483253,3.231947170789527,3.287960290908813,15960000,3.2020740509033203,0.08588624000549272,2.6822065523832483,0.057880083158798445,1.7898393902596181,3.247950860432216,3.236677098274231,3.1973684358596803,,1.45591527394854,2014,3,March,Q1,Thursday
2014-03-21,3.287959449281372,3.3327696668160507,3.287959449281372,3.3159658908843994,20048500,3.287960290908813,0.02800559997558638,0.8517621107840601,0.04481021753467873,1.362857973947112,3.245816911969866,3.2443944215774536,3.1955386781692505,,1.2975154660797763,2014,3,March,Q1,Friday
2014-03-24,3.312232277278698,3.31970057388026,3.2748901265445443,3.295428276062012,14252000,3.3159658908843994,-0.02053761482238725,-0.6193554306105908,0.0448104473357156,1.3528775636632429,3.246350424630301,3.2495600541432696,3.193932976722717,,1.2720742049591494,2014,3,March,Q1,Monday
2014-03-25,3.353307854098188,3.407453775405884,3.345839558609396,3.407453775405884,16915500,3.295428276062012,0.11202549934387163,3.3994215610039236,0.06161421679648793,1.8374160523671326,3.2751570769718716,3.2593311707178754,3.195613355636597,,1.3867270079545,2014,3,March,Q1,Tuesday
2014-03-26,3.441663998376601,3.458581089098872,3.387153895553797,3.3927927017211914,11586500,3.407453775405884,-0.014661073684692383,-0.43026478570339366,0.07142719354507499,2.0753680074163685,3.300535576684134,3.2659374237060548,3.1979340648651124,,1.3244062885694254,2014,3,March,Q1,Wednesday
2014-03-27,3.443544237804522,3.456701827515295,3.4172288343095816,3.434145927429199,14368000,3.3927927017211914,0.04135322570800781,1.218855065534341,0.039472993205713625,1.1462897085033577,3.333688701902117,3.272615138689677,3.2011565256118772,,1.3241816876747077,2014,3,March,Q1,Thursday
2014-03-28,3.496175437508883,3.531888933606252,3.496175437508883,3.5055737495422363,14830500,3.434145927429199,0.07142782211303711,2.0799297299083586,0.035713496097368846,1.021501830663728,3.3770458017076765,3.2824206431706746,3.2062556409835814,,1.3554619190437223,2014,3,March,Q1,Friday
2014-03-31,3.593916893005371,3.618352542682678,3.5863983349846804,3.593916893005371,14943500,3.5055737495422363,0.08834314346313477,2.5200765915899037,0.03195420769799773,0.8891192715164984,3.4207538877214705,3.296042227745056,3.213868455886841,,1.396904109802439,2014,3,March,Q1,Monday
2014-04-01,3.65030680697756,3.6578253646532985,3.625871158421364,3.6540660858154297,11150000,3.593916893005371,0.060149192810058594,1.6736389460514145,0.03195420623193446,0.8753841230784767,3.4690539155687605,3.309926144282023,3.223281726837158,,1.3978976936395744,2014,4,April,Q2,Tuesday
2014-04-02,3.60707527465358,3.637149735553845,3.586398900725001,3.6258718967437744,7212500,3.6540660858154297,-0.028194189071655273,-0.7715839946382252,0.05075083482884413,1.406980197653851,3.5162601470947266,3.324550652503967,3.232877950668335,,1.3667201417720354,2014,4,April,Q2,Wednesday
2014-04-03,3.6183529919182216,3.62399202317054,3.56196312754185,3.5882785320281982,9281500,3.6258718967437744,-0.03759336471557617,-1.036808960331359,0.06202889562869007,1.7142853604177044,3.5420922551836287,3.337299696604411,3.240751419067383,,1.3926053840989596,2014,4,April,Q2,Thursday
2014-04-04,3.6202321700446913,3.6352695096436425,3.561962563126269,3.57699990272522,6893000,3.5882785320281982,-0.011278629302978072,-0.3143186684731236,0.07330694651737346,2.024923901951529,3.5684075696127757,3.3499839464823404,3.249594259262085,,1.3929994980767533,2014,4,April,Q2,Friday
2014-04-07,3.605195416529191,3.620232758572708,3.5563241109061123,3.580759763717652,9109500,3.57699990272522,0.0037598609924316406,0.10511213571928746,0.06390864766659554,1.7726819293507798,3.589352403368269,3.361050907770793,3.2587736797332765,,1.3735099116229883,2014,4,April,Q2,Monday
2014-04-08,3.5563234228997795,3.573240513453482,3.545045586604005,3.552564144134521,8981500,3.580759763717652,-0.02819561958313077,-0.7874200293698896,0.02819492684947722,0.7928111000232776,3.5960653168814525,3.3719248453776043,3.269218935966492,,1.3761359639980977,2014,4,April,Q2,Tuesday
2014-04-09,3.5112123801324007,3.546925872146568,3.4886562545724966,3.537527561187744,5718500,3.552564144134521,-0.0150365829467769,-0.4232599986013774,0.058269617574071564,1.6595298508224765,3.588009698050363,3.381675187746684,3.2786539793014526,,1.3820550572024117,2014,4,April,Q2,Wednesday
2014-04-10,3.458581168797793,3.486776096577934,3.4078301195348457,3.4115896224975586,12859000,3.537527561187744,-0.12593793869018555,-3.56005533559437,0.07894597704308826,2.2826116603916504,3.5533702032906667,3.386356298128764,3.2869519186019898,,1.5467177518322768,2014,4,April,Q2,Thursday
2014-04-11,3.4454237674105195,3.4604611088343344,3.434145929397704,3.454822301864624,6329500,3.4115896224975586,0.04323267936706543,1.2672297711884717,0.02631517943663031,0.7637719251123654,3.5289345468793596,3.392291800181071,3.2958157777786257,,1.5600792670446546,2014,4,April,Q2,Friday
2014-04-14,3.4961746334243995,3.5187305323021336,3.4773780136807235,3.4942948818206787,5385000,3.454822301864624,0.03947257995605469,1.1425357516868795,0.041352518621410095,1.182793280005768,3.515508311135428,3.40165909131368,3.306888074874878,,1.5160941732447464,2014,4,April,Q2,Monday
2014-04-15,3.492414905104053,3.5036927410557,3.4454231377154536,3.4867758750915527,6567000,3.4942948818206787,-0.0075190067291259766,-0.21517951356206932,0.058269603340246334,1.6684616497051128,3.5026191643306186,3.4098422129948935,3.3196771049499514,,1.5147255377966997,2014,4,April,Q2,Tuesday
2014-04-16,3.5243697618213656,3.535647823933029,3.5074528927272657,3.5300087928771973,5135500,3.4867758750915527,0.04323291778564453,1.2399110047332629,0.02819493120576322,0.7999992370605379,3.495369025639125,3.418719593683879,3.330156717300415,,1.5234647861844626,2014,4,April,Q2,Wednesday
2014-04-17,3.5337678162022157,3.54316612592323,3.5130914451866317,3.51685094833374,4809000,3.5300087928771973,-0.013157844543457475,-0.37274254302163135,0.030074680736598136,0.8510655566759836,3.490267140524728,3.4247933705647786,3.341120009422302,,1.4843413722189711,2014,4,April,Q2,Thursday
2014-04-21,3.53564781353654,3.580759613703753,3.533768061832325,3.571361303329468,6468500,3.51685094833374,0.05451035499572843,1.549976265600761,0.04699155187142834,1.3290789792896518,3.49510053225926,3.4321240266164144,3.350858311653137,,1.5041691264032848,2014,4,April,Q2,Monday
2014-04-22,3.5036933278856446,3.5243697000367584,3.490535738368296,3.511212110519409,7374000,3.571361303329468,-0.06014919281005904,-1.6842091208745469,0.03383396166846264,0.9656656134593905,3.5093323162623813,3.43688956896464,3.358273367881775,,1.5426573340710878,2014,4,April,Q2,Tuesday
2014-04-23,3.520610794113993,3.5224903219167127,3.4999344197701694,3.507453203201294,3622000,3.511212110519409,-0.0037589073181152344,-0.10705440741827221,0.02255590214654335,0.6406815028873373,3.516851016453334,3.442712338765462,3.3661360263824465,,1.5267964482569423,2014,4,April,Q2,Wednesday
2014-04-24,3.413469149905547,3.419108180276249,3.355199542863909,3.4115896224975586,13162500,3.507453203201294,-0.09586358070373535,-2.733139265157969,0.06390863741233987,1.8722488648859847,3.5050359794071744,3.4454018751780193,3.370475716590881,,1.616754505504767,2014,4,April,Q2,Thursday
2014-04-25,3.3702370207836374,3.381515081987807,3.340162340288103,3.358958959579468,5894000,3.4115896224975586,-0.052630662918090376,-1.5427020463135488,0.041352741699704154,1.2269980255005606,3.486776420048305,3.4476440509160358,3.37297860622406,,1.6279915481016993,2014,4,April,Q2,Friday
2014-04-28,3.3589598671455527,3.3796362435820084,3.3251261225381703,3.373997211456299,7189500,3.358958959579468,0.01503825187683061,0.44770573435983785,0.05451012104383812,1.6228273989519524,3.464489051273891,3.4532503843307496,3.37623037815094,,1.547530560227262,2014,4,April,Q2,Monday
2014-04-29,3.379635467474236,3.3927930566970583,3.3664778782514126,3.3758761882781982,4968500,3.373997211456299,0.001878976821899414,0.05568993404971856,0.02631517844564568,0.77863955148134,3.444349799837385,3.4586081504821777,3.3800425148010254,,1.547555675567942,2014,4,April,Q2,Tuesday
2014-04-30,3.306328699262257,3.321366040958638,3.281893271088212,3.3157272338867188,7395500,3.3758761882781982,-0.06014895439147949,-1.7817286842547797,0.03947276987042603,1.1938549811830144,3.4078306470598494,3.462396589914958,3.3816060876846312,,1.5852625452833347,2014,4,April,Q2,Wednesday
2014-05-01,3.167233590799826,3.287532101138299,3.1503167213190317,3.225503206253052,19211500,3.3157272338867188,-0.09022402763366655,-2.7210931801499694,0.13721537981926746,4.332341644072304,3.3670150893075124,3.4631775617599487,3.3823734188079833,,1.668525885094717,2014,5,May,Q2,Thursday
2014-05-02,3.308208272549368,3.332643923478696,3.287531900823001,3.313847303390503,6883000,3.225503206253052,0.08834409713745073,2.738924486764871,0.04511202265569514,1.3636391345134675,3.3393571036202565,3.4640404621760053,3.3845342206954956,,1.6716548043844486,2014,5,May,Q2,Friday
2014-05-05,3.2988101404507657,3.3232457926982097,3.2912915816392747,3.3157272338867188,3759500,3.313847303390503,0.0018799304962158203,0.056729544970046675,0.031954211058935034,0.9686586889953192,3.325662476675851,3.464032506942749,3.3869193172454835,,1.6646235868017372,2014,5,May,Q2,Monday
2014-05-06,3.30632835292529,3.3082081044679588,3.2818929273108486,3.2912912368774414,6018500,3.3157272338867188,-0.024435997009277344,-0.7369724734755501,0.02631517715711018,0.7959033207886839,3.31599565914699,3.4638946056365967,3.3877701234817503,,1.6663023370961083,2014,5,May,Q2,Tuesday
2014-05-07,3.2762536320282445,3.304448558449816,3.2536975116323017,3.29880952835083,6816500,3.2912912368774414,0.007518291473388672,0.22842984507567277,0.0507510468175143,1.5490573233213214,3.3052545615604947,3.4602731307347616,3.389219393730164,,1.5395910993858704,2014,5,May,Q2,Wednesday
2014-05-08,3.257457631702637,3.311967743484674,3.257457631702637,3.287532091140747,14654500,3.29880952835083,-0.011277437210083008,-0.3418638485539027,0.05451011178203702,1.6733943444582942,3.292633976255144,3.4567644437154135,3.3900696897506712,,1.5390146724610798,2014,5,May,Q2,Thursday
2014-05-09,3.26873524424913,3.280013305805515,3.2574574067661297,3.2668557167053223,7381500,3.287532091140747,-0.020676374435424805,-0.6289330069550791,0.022555899039385263,0.6900497395458725,3.2856523309435164,3.451188103357951,3.3899836778640746,,1.521557425673738,2014,5,May,Q2,Friday
2014-05-12,3.244299374609259,3.287531642226135,3.242419847192315,3.280013084411621,5840500,3.2668557167053223,0.013157367706298828,0.4027532541158063,0.04511179503382001,1.3904942123059543,3.2934394563947404,3.4436694145202638,3.390048794746399,,1.4664175407771054,2014,5,May,Q2,Monday
2014-05-13,3.3082084510018293,3.325125544437782,3.2931711093054483,3.3157272338867188,10365000,3.280013084411621,0.035714149475097656,1.088841677029606,0.031954435132333536,0.9659135935843683,3.2937080178942,3.434396425882975,3.392097816467285,,1.396097097556007,2014,5,May,Q2,Tuesday
2014-05-14,3.14843698986438,3.2311422582690463,3.060092914312029,3.101445436477661,35936000,3.3157272338867188,-0.21428179740905762,-6.4625882135025625,0.17104934395701754,5.4328336411898634,3.263096332550049,3.415975737571716,3.3893010807037354,,1.7525439299893149,2014,5,May,Q2,Wednesday
2014-05-15,3.10332496120299,3.114602798746674,3.0600926904354044,3.0807690620422363,19089500,3.101445436477661,-0.020676374435424805,-0.6666689728679231,0.054510108311269345,1.756506617667869,3.2330217361450195,3.397805643081665,3.385642714500427,,1.7521497136827249,2014,5,May,Q2,Thursday
2014-05-16,3.0544537187039227,3.0807691216282627,3.035657098360846,3.0788893699646,8677000,3.0807690620422363,-0.0018796920776362747,-0.06101372870805921,0.04511202326741648,1.4769260699932485,3.201604570661272,3.3808260043462117,3.3805277490615846,,1.7514055074370192,2014,5,May,Q2,Friday
2014-05-19,3.011221124099665,3.0751297608549577,3.011221124099665,3.0676109790802,18729000,3.0788893699646,-0.011278390884399858,-0.3663136127729616,0.06390863675529257,2.1223495094336795,3.1701872689383372,3.3638463735580446,3.3748511362075804,,1.7512473844966534,2014,5,May,Q2,Monday
2014-05-20,3.024379057962079,3.0281383372426616,2.9943045996440265,3.0093417167663574,15940000,3.0676109790802,-0.05826926231384277,-1.8994997315896378,0.03383373759863506,1.118700300134775,3.133399554661342,3.344799105326335,3.367673053741455,,1.7657189437708176,2014,5,May,Q2,Tuesday
2014-05-21,3.0224987994150267,3.0318971073803467,3.007461461855847,3.016859769821167,7113000,3.0093417167663574,0.00751805305480957,0.24982384064007324,0.024435645524499616,0.8084584030018103,3.095806224005563,3.326942292849223,3.3613548469543457,,1.771308376728743,2014,5,May,Q2,Wednesday
2014-05-22,3.069490693984913,3.07700925159676,3.037536488024521,3.0412957668304443,11380000,3.016859769821167,0.024435997009277344,0.8099812014373375,0.03947276357223917,1.2859711107641227,3.0566017287118092,3.3104012330373127,3.3555626916885375,,1.7880513781192802,2014,5,May,Q2,Thursday
2014-05-23,3.016861036113181,3.0563340357651887,3.016861036113181,3.028138875961304,12719000,3.0412957668304443,-0.013156890869140181,-0.43260806833174126,0.03947299965200779,1.3084129225542134,3.0461293629237587,3.2976195414861045,3.3502915954589843,,1.691240620061498,2014,5,May,Q2,Friday
2014-05-27,3.101444773177678,3.140917759209872,3.097685494525411,3.127760171890259,12347500,3.028138875961304,0.09962129592895463,3.2898522825287824,0.04323226468446073,1.3939395296781576,3.0528423786163335,3.2867174704869586,3.348730654716492,,1.7963262450019217,2014,5,May,Q2,Tuesday
2014-05-28,3.06197212736311,3.0788892192880137,3.0488145385815497,3.069490909576416,18044000,3.127760171890259,-0.05826926231384277,-1.8629709156577579,0.03007468070646402,0.9821996888117835,3.051499741418021,3.272557338078817,3.345817608833313,,1.7960389390090838,2014,5,May,Q2,Wednesday
2014-05-29,3.0450548533238493,3.052573410460856,3.0356565448659163,3.0469346046447754,14252500,3.069490909576416,-0.022556304931640625,-0.7348549188162745,0.01691686559493988,0.5555520806620007,3.0485459736415317,3.2578959623972574,3.3427148199081422,,1.796548386023986,2014,5,May,Q2,Thursday
2014-05-30,3.035656736584878,3.050694075881934,3.026258427533388,3.0412957668304443,11941000,3.0469346046447754,-0.005638837814331055,-0.18506592841655012,0.024435648348545946,0.8049542642306824,3.0531108379364014,3.241605528195699,3.3394992542266846,,1.7694364938332021,2014,5,May,Q2,Friday
2014-06-02,3.0657316444262808,3.069490923513313,3.0488145524245667,3.061972141265869,6248500,3.0412957668304443,0.020676374435424805,0.6798541155033089,0.020676371088746315,0.6744351263209041,3.0595554624285017,3.226442901293437,3.3349794912338258,,1.7820302029028918,2014,6,June,Q2,Monday
2014-06-03,3.0187393435512684,3.030017402913015,3.0112207866923306,3.022498846054077,10073000,3.061972141265869,-0.03947329521179199,-1.289146125133367,0.018796616220684292,0.622664433113056,3.0568701880318776,3.208147486050924,3.329110150337219,,1.7474823956622587,2014,6,June,Q2,Tuesday
2014-06-04,3.041295844173111,3.0582127112666573,3.0375365652715858,3.052573680877685,7674500,3.022498846054077,0.030074834823607954,0.9950321358392245,0.020676145995071504,0.6798465869305484,3.0603608744485036,3.1928595383961995,3.324253058433533,,1.7554168740244889,2014,6,June,Q2,Wednesday
2014-06-05,3.050694153463607,3.060092462754104,3.0375365652715858,3.052573680877685,3126000,3.052573680877685,0.0,0.0,0.022555897482518183,0.7393693483468127,3.0496199471609926,3.1776968876520795,3.317155456542969,,1.7562474257275311,2014,6,June,Q2,Thursday
2014-06-06,3.030017508770154,3.04881412564752,3.020619200331472,3.0262582302093506,8500500,3.052573680877685,-0.026315450668334517,-0.8620742173459428,0.02819492531604828,0.9305202110034092,3.043443850108555,3.164852507909139,3.309824767112732,,1.7047206069691967,2014,6,June,Q2,Friday
2014-06-09,3.041295935185987,3.0713703913715538,3.035656904628264,3.063851833343506,8779500,3.0262582302093506,0.03759360313415527,1.2422470349318093,0.03571348674328956,1.174285156867036,3.0458605970655164,3.1550156037012735,3.302418885231018,,1.7152658656002566,2014,6,June,Q2,Monday
2014-06-10,3.035656736584878,3.046934797076011,3.0168601184818984,3.0412957668304443,13593500,3.063851833343506,-0.022556066513061523,-0.736199651288183,0.030074678594112392,0.9907140761885511,3.0458605970655164,3.1439255555470784,3.293133325576782,,1.7112849031216386,2014,6,June,Q2,Tuesday
2014-06-11,3.007461845654789,3.014980403357196,2.999943063879017,3.005582094192505,16268000,3.0412957668304443,-0.03571367263793945,-1.1742913342216443,0.015037339478178868,0.5000010058283854,3.0378048760550356,3.131582419077555,3.281366629600525,,1.7164262143620272,2014,6,June,Q2,Wednesday
2014-06-12,3.0318975584852432,3.048814425710483,3.020619497619503,3.024378776550293,16636000,3.005582094192505,0.018796682357788086,0.6253924121423227,0.02819492809098012,0.9299432961404706,3.038073437554495,3.1218708038330076,3.268772883415222,,1.7044767884610006,2014,6,June,Q2,Thursday
2014-06-13,3.033776957562076,3.052573575494156,3.0281379273677795,3.048814296722412,12545000,3.024378776550293,0.02443552017211914,0.8079517143018355,0.024435648126376552,0.8054530200536854,3.037536382675171,3.11598117351532,3.257231731414795,,1.6520093522182564,2014,6,June,Q2,Friday
2014-06-16,3.060092105076503,3.0619716322708936,3.0337767076949564,3.05633282661438,13153500,3.048814296722412,0.0075185298919677734,0.24660504577305176,0.028194924575937197,0.9213750308091566,3.038073403494699,3.1073973576227822,3.2465928173065186,,1.5606007233677603,2014,6,June,Q2,Monday
2014-06-17,3.0337776091995763,3.050694703416157,3.016860739056405,3.0300183296203613,15447000,3.05633282661438,-0.026314496994018555,-0.8609827033519868,0.033833964359752056,1.1152420750009662,3.0386105605534146,3.0978737274805703,3.2356531858444213,,1.563226067702184,2014,6,June,Q2,Tuesday
2014-06-18,3.048814493214035,3.0713703913715538,3.0375366561719632,3.063851833343506,11810500,3.0300183296203613,0.03383350372314453,1.1166105297911955,0.03383373519959054,1.1097341368225817,3.0386105605534146,3.0902924140294394,3.2253150272369386,,1.5813878923228288,2014,6,June,Q2,Wednesday
2014-06-19,3.1409181248301987,3.165353775024414,3.139038373248575,3.165353775024414,15951000,3.063851833343506,0.1015019416809082,3.312886758304545,0.02631540177583913,0.8378251431581576,3.056333133152553,3.085843888918559,3.2175708198547364,,1.7072187072595966,2014,6,June,Q2,Thursday
2014-06-20,3.1597143793860605,3.1973076140892505,3.1578346280215595,3.189789056777954,20633000,3.165353775024414,0.02443528175354004,0.7719605292255682,0.03947298606769101,1.249258044499601,3.0826484135219028,3.0825857877731324,3.2106160497665406,,1.714396576441354,2014,6,June,Q2,Friday
2014-06-23,3.169113681222795,3.1747527130101467,3.1352797145721074,3.154076337814331,14947000,3.189789056777954,-0.03571271896362305,-1.1195950054357806,0.03947299843803931,1.2455532495384876,3.1011766365596225,3.0788264751434324,3.205465784072876,,1.7220769197150334,2014,6,June,Q2,Monday
2014-06-24,3.1540753465294853,3.186029775257144,3.1221211418751804,3.127760171890259,19390000,3.154076337814331,-0.026316165924072266,-0.834354121635128,0.0639086333819634,2.026224054928929,3.1124546187264577,3.073751378059387,3.1989245414733887,,1.7243720450998965,2014,6,June,Q2,Tuesday
2014-06-25,3.142798129231114,3.18415065069299,3.140918377498275,3.178511619567871,8684500,3.127760171890259,0.050751447677612305,1.6226131445027159,0.04323227319471501,1.3755981586158,3.129908732005528,3.069177524248759,3.1926088762283324,,1.7402092849712985,2014,6,June,Q2,Wednesday
2014-06-26,3.161594211785606,3.1691127692896117,3.1258805034581827,3.159714460372925,7111000,3.178511619567871,-0.01879715919494629,-0.5913824281536417,0.04323226583142903,1.3674198184659598,3.1484367506844655,3.0711198250452676,3.18606764793396,,1.269478666617744,2014,6,June,Q2,Thursday
2014-06-27,3.1390381777626843,3.1521959898678813,3.12963986858661,3.1503162384033203,11884000,3.159714460372925,-0.009398221969604492,-0.2974389644213371,0.02255612128127149,0.7185679180668049,3.1607888085501537,3.073438064257304,3.1784737968444823,,1.2638698809180722,2014,6,June,Q2,Friday
2014-06-30,3.137158828549085,3.157834975466749,3.131519797908493,3.152196168899536,12131000,3.1503162384033203,0.0018799304962158203,0.0596743423183721,0.026315177558255964,0.8388219722501764,3.1589091505323137,3.0758816242218017,3.1711807012557984,,1.2635906814352524,2014,6,June,Q2,Monday
2014-07-01,3.169113312333473,3.2255031754962835,3.169113312333473,3.2198643684387207,25507500,3.152196168899536,0.06766819953918457,2.1467001389957385,0.05638986316281036,1.7793577447468905,3.163205623626709,3.080956737200419,3.164150762557983,,1.3148219927707891,2014,7,July,Q3,Tuesday
2014-07-02,3.197307701256644,3.204826482846277,3.172872053218717,3.1803908348083496,15489000,3.2198643684387207,-0.039473533630371094,-1.2259377760533208,0.03195442962756001,0.9994167785290387,3.1669648374829973,3.0866583744684855,3.1575343370437623,,1.2836476423520713,2014,7,July,Q3,Wednesday
2014-07-03,3.15031643459156,3.1709928056959065,3.148436683009936,3.165353775024414,6473000,3.1803908348083496,-0.015037059783935547,-0.4728054055293973,0.022556122685970514,0.7159954612272124,3.172335352216448,3.091608174641927,3.1506923484802245,,1.289299440994362,2014,7,July,Q3,Thursday
2014-07-07,3.1803909994463013,3.195428339330639,3.17663172049356,3.1822705268859863,6392500,3.165353775024414,0.016916751861572266,0.5344347919354453,0.01879661883707895,0.5910159738331355,3.172872338976179,3.096307333310445,3.146105966567993,,1.2855462107565632,2014,7,July,Q3,Monday
2014-07-08,3.184150377098383,3.184150377098383,3.144677386687621,3.152196168899536,7471000,3.1822705268859863,-0.030074357986450195,-0.9450597531656002,0.0394729904107618,1.2396710499185755,3.1717982973371233,3.100442576408386,3.1419707107543946,,1.2970325416728774,2014,7,July,Q3,Tuesday
2014-07-09,3.1503165222264515,3.16723339063814,3.144677491398093,3.1559555530548096,4355500,3.152196168899536,0.0037593841552734375,0.11926237942818663,0.022555899240046973,0.7159883485011163,3.1726039137159074,3.1013824224472044,3.137609877586365,,1.152850907554667,2014,7,July,Q3,Wednesday
2014-07-10,3.1146025244936952,3.1390381731301003,3.088287348468868,3.1296398639678955,7961000,3.1559555530548096,-0.026315689086914062,-0.8338421959536713,0.05075082466123204,1.629447875358735,3.1693815844399587,3.103387387593587,3.1326851511001585,,1.108859317896862,2014,7,July,Q3,Thursday
2014-07-11,3.1240010122604667,3.1352790735292446,3.1070841444306776,3.1315197944641118,5362500,3.1296398639678955,0.0018799304962162644,0.06006858865328368,0.028194929098567023,0.902526247203925,3.1567609310150146,3.1062068939208984,3.1290010023117065,,1.098396639435285,2014,7,July,Q3,Friday
2014-07-14,3.1427977960628315,3.1484366025167825,3.129639983474616,3.133399486541748,5437000,3.1315197944641118,0.0018796920776362747,0.06002491445078473,0.01879661904216645,0.5980855359423405,3.150047881262643,3.109277017911275,3.1271589279174803,,1.0971362857018057,2014,7,July,Q3,Monday
2014-07-15,3.120241863606572,3.120241863606572,3.0882876541073383,3.107084274291992,7388000,3.133399486541748,-0.02631521224975586,-0.8398294683707674,0.03195420949923378,1.0240939932233037,3.141723666872297,3.1107807556788125,3.1230236673355103,,1.1047488201208748,2014,7,July,Q3,Tuesday
2014-07-16,3.1409179292272458,3.159714547579395,3.1390381777626843,3.1503162384033203,10937500,3.107084274291992,0.043231964111328125,1.3913997914066778,0.020676369816710505,0.6582906743379148,3.1371587685176303,3.1150413354237876,3.1197154474258424,,1.1007114312199993,2014,7,July,Q3,Wednesday
2014-07-17,3.1390388011932373,3.1597151751163906,3.124001458710345,3.1390388011932373,16523500,3.1503162384033203,-0.011277437210083008,-0.35797794115420833,0.03571371640604548,1.137727778085116,3.1352791445595876,3.1179235061009725,3.116670398712158,,1.0923247142900652,2014,7,July,Q3,Thursday
2014-07-18,3.129640150546934,3.1653538630776112,3.120241840524132,3.1559555530548096,16908000,3.1390388011932373,0.016916751861572266,0.538915028866227,0.045112022553479125,1.441444395631088,3.1352791445595876,3.1213695685068767,3.113813319206238,,1.0950706153904393,2014,7,July,Q3,Friday
2014-07-21,3.1465570469105995,3.152196077387483,3.129639955479949,3.140918016433716,8579000,3.1559555530548096,-0.01503753662109375,-0.47648125483067405,0.022556121907534088,0.7168508808597792,3.136890309197562,3.125191561381022,3.110881037712097,,1.0854050044001782,2014,7,July,Q3,Monday
2014-07-22,3.129640088384092,3.1484367080563445,3.129640088384092,3.137158870697021,12047500,3.140918016433716,-0.00375914573669478,-0.11968302633262873,0.018796619672252657,0.6006000415836251,3.1376958915165494,3.127635129292806,3.108287100791931,,1.0655673590408696,2014,7,July,Q3,Tuesday
2014-07-23,3.1521958622804997,3.1803907886675136,3.1521958622804997,3.1747517585754395,11354500,3.137158870697021,0.03759288787841841,1.1983099813515752,0.02819492638701382,0.8944535053927711,3.143603358949934,3.1320836623509725,3.1061818742752076,,1.0727129795758314,2014,7,July,Q3,Wednesday
2014-07-24,3.2386613484353672,3.272495314897568,3.2386613484353672,3.257457971572876,18085500,3.1747517585754395,0.08270621299743652,2.605123779332841,0.03383396646220094,1.044689852446181,3.1650853157043457,3.1404795249303183,3.1050164890289307,,1.1322501042909505,2014,7,July,Q3,Thursday
2014-07-25,3.3100881739363777,3.33076432252475,3.308208422213164,3.3232457637786865,10890000,3.257457971572876,0.06578779220581055,2.019605249858203,0.02255590031158583,0.6814289869735467,3.1897895336151123,3.1504417578379313,3.109452495574951,,1.174946633506173,2014,7,July,Q3,Friday
2014-07-28,3.321365581330039,3.3382826724249126,3.308207993194048,3.3288843631744385,8628000,3.3232457637786865,0.005638599395751953,0.16967145364958913,0.03007467923086482,0.9054913858299642,3.216910328183855,3.1597774267196654,3.1144148015975954,,1.1716033048962968,2014,7,July,Q3,Monday
2014-07-29,3.3006895603018123,3.3044488393295577,3.2818929410897097,3.2837724685668945,8900000,3.3288843631744385,-0.045111894607543945,-1.3551655655748007,0.022555898239847938,0.6833692726251253,3.2351698875427246,3.1673587481180827,3.1185124635696413,,1.2099873749902559,2014,7,July,Q3,Tuesday
2014-07-30,3.293171107712631,3.3100882011404016,3.283772797166113,3.295050859451294,8597500,3.2837724685668945,0.011278390884399414,0.34345835444931083,0.026315403974288554,0.7990900901765378,3.2571888651166643,3.1761931657791136,3.123061261177063,,1.1918169618974872,2014,7,July,Q3,Wednesday
2014-07-31,3.3739962453848897,3.592037339349166,3.3739962453848897,3.4642202854156494,39182500,3.295050859451294,0.16916942596435547,5.134045973194068,0.2180410939642763,6.462398832320075,3.3039119243621826,3.1895387808481854,3.132158832550049,,1.4793099083158223,2014,7,July,Q3,Thursday
2014-08-01,3.396552411942641,3.404070970007052,3.358958949400458,3.3871541023254395,18037500,3.4642202854156494,-0.07706618309020996,-2.2246328680268435,0.045112020606593806,1.3281708961114547,3.334255116326468,3.1969321250915526,3.139564719200134,,1.4511873315691188,2014,8,August,Q3,Friday
2014-08-04,3.4097105567706283,3.45294283287631,3.40783080491122,3.4397852420806885,8658500,3.3871541023254395,0.05263113975524902,1.553845445623958,0.04511202796508984,1.3230456724695103,3.3603018692561557,3.2052653312683104,3.147534508705139,,1.468067270712065,2014,8,August,Q3,Monday
2014-08-05,3.4021910386166216,3.4191081294773835,3.375875862708811,3.385274171829224,8614500,3.4397852420806885,-0.0545110702514644,-1.5847230688881941,0.043232266768572725,1.2707183775944448,3.3691630704062328,3.2129719257354736,3.1546772146224975,,1.4855149544015542,2014,8,August,Q3,Tuesday
2014-08-06,3.3138474694819,3.3458016804187083,3.310088190090521,3.3364033699035645,13198000,3.385274171829224,-0.048870801925659624,-1.4436290665122864,0.03571349032818727,1.077704712032834,3.3702372142246793,3.219926699002584,3.1588500785827636,,1.5048418156445313,2014,8,August,Q3,Wednesday
2014-08-07,3.2988099399393147,3.313847280721681,3.2518183900402846,3.2593369483947754,12429500,3.3364033699035645,-0.07706642150878906,-2.3098652340414305,0.06202889068139639,1.8803414507274545,3.366746425628662,3.222620876630147,3.162646999359131,,1.5496247356287622,2014,8,August,Q3,Thursday
2014-08-08,3.251817637425132,3.2743735313415527,3.225502241128196,3.2743735313415527,20507500,3.2593369483947754,0.015036582946777344,0.4613387073767461,0.048871290213356566,1.502891479857217,3.363792521612985,3.2264428456624348,3.1671957778930664,,1.5454547725239478,2014,8,August,Q3,Friday
2014-08-11,3.266855299167468,3.276253607905459,3.259336517733061,3.264975547790528,9013000,3.2743735313415527,-0.009397983551024947,-0.28701623260356524,0.016917090172397842,0.5178402048204898,3.3353289876665393,3.2302648226420083,3.171669373512268,,1.5453564692292083,2014,8,August,Q3,Monday
2014-08-12,3.276254146203789,3.285652456485951,3.25181849465549,3.263096332550049,7674500,3.264975547790528,-0.0018792152404789597,-0.05755679370250677,0.03383396183046106,1.0327026024420185,3.3176064491271977,3.233961494763692,3.175691857337952,,1.5456902925228035,2014,8,August,Q3,Tuesday
2014-08-13,3.3533206588336157,3.377756312412705,3.347681627380993,3.372117280960083,13072500,3.263096332550049,0.10902094841003418,3.341027579312561,0.030074685031711734,0.8968627844308991,3.3079395975385397,3.2390365918477375,3.1826842260360717,,1.6134079411550126,2014,8,August,Q3,Wednesday
2014-08-14,3.3627183657315234,3.3984318517259573,3.357079335292042,3.396552324295044,10091500,3.372117280960083,0.024435043334960938,0.7246202103624366,0.041352516433915465,1.229734754338241,3.3095507621765137,3.2462419748306273,3.1895637989044188,,1.594549882829362,2014,8,August,Q3,Thursday
2014-08-15,3.4341459600077657,3.466100170772323,3.422867897821029,3.460461139678955,19724500,3.396552324295044,0.06390881538391113,1.8815790037085778,0.043232272951293726,1.2588944516265106,3.3272733007158553,3.2560788869857786,3.197721548080444,,1.6164748632185848,2014,8,August,Q3,Friday
2014-08-18,3.467979449237176,3.48677606760106,3.45482186119713,3.4811370372772217,9966000,3.460461139678955,0.0206758975982666,0.5974896629003856,0.03195420640393021,0.9214070288380436,3.3589590276990617,3.26604110399882,3.2068191242218016,,1.616817648916032,2014,8,August,Q3,Monday
2014-08-19,3.496174787956672,3.5525646496801526,3.496174787956672,3.545046091079712,14970000,3.4811370372772217,0.06390905380249023,1.835867221489118,0.056389861723480816,1.6129016752173793,3.3976265362330844,3.2791361014048257,3.2164430093765257,,1.6219641703718257,2014,8,August,Q3,Tuesday
2014-08-20,3.535647664630919,3.571361152919755,3.53000863382916,3.561962842941284,16375000,3.545046091079712,0.016916751861572266,0.4771941302579741,0.04135251909059523,1.1695882342651909,3.4400532926831926,3.292669677734375,3.2268563508987427,,1.6211072648429015,2014,8,August,Q3,Wednesday
2014-08-21,3.5582031558115266,3.5582031558115266,3.5375267866001114,3.539406538009644,12802500,3.561962842941284,-0.02255630493164018,-0.6332549194425163,0.020676369211415135,0.5810901824884542,3.4795261791774204,3.3063285668691,3.2375328397750853,,1.6161774116286762,2014,8,August,Q3,Thursday
2014-08-22,3.53752730840588,3.556323928980373,3.5262494705052188,3.545046091079712,6888000,3.539406538009644,0.005639553070067915,0.15933612060397007,0.03007445847515422,0.8501548073902138,3.5042302949087962,3.320112776756287,3.2479461860656738,,1.615509241679167,2014,8,August,Q3,Friday
2014-08-25,3.563842937782465,3.582639559549617,3.560083658243716,3.5657224655151367,4264000,3.545046091079712,0.020676374435424805,0.5832469847839805,0.022555901305901127,0.63290952209965,3.5283974579402377,3.3345235427220663,3.2582843494415283,,1.614237228767004,2014,8,August,Q3,Monday
2014-08-26,3.5488050578414496,3.556323615779741,3.543166027351045,3.5469253063201904,4050500,3.5657224655151367,-0.01879715919494629,-0.5271627104110777,0.013157588428696076,0.37076109321990036,3.5407494817461287,3.3491849104563394,3.2680961990356447,,1.6066525796999287,2014,8,August,Q3,Tuesday
2014-08-27,3.54504556816488,3.5544438770658218,3.5375267866001114,3.539406538009644,3631500,3.5469253063201904,-0.007518768310546431,-0.21197988852905691,0.016917090465710327,0.47720375212179816,3.5490736961364746,3.3621545871098837,3.27828396320343,,1.6010748815204194,2014,8,August,Q3,Wednesday
2014-08-28,3.537526805000128,3.5657217318496053,3.537526805000128,3.552564144134521,4140000,3.539406538009644,0.013157606124877042,0.37174611007742,0.02819492684947722,0.7970236949052941,3.550147703715733,3.3759387652079265,3.2880582094192503,,1.5946740133921038,2014,8,August,Q3,Thursday
2014-08-29,3.592037439346313,3.605195028189573,3.577000098922569,3.592037439346313,7003000,3.552564144134521,0.03947329521179199,1.1111212524329561,0.028194929267003843,0.7849286023069632,3.5544440746307373,3.3904748280843098,3.2965918827056884,,1.5994919482304228,2014,8,August,Q3,Friday
2014-09-02,3.631510216384048,3.654066113656486,3.620232155711146,3.646547555923462,11597500,3.592037439346313,0.05451011657714888,1.517526403819125,0.03383395794533994,0.9316773443922443,3.5697499343327115,3.4073291460673016,3.3057270526885985,,1.6013267634662542,2014,9,September,Q3,Tuesday
2014-09-03,3.721734387711849,3.7480495663832647,3.697298736617884,3.704817295074463,10771000,3.646547555923462,0.05826973915100098,1.5979426637765304,0.0507508297653807,1.36363384590115,3.5925743920462474,3.4262510935465493,3.316741871833801,,1.6086870502848807,2014,9,September,Q3,Wednesday
2014-09-04,3.693539096704192,3.7048169332877454,3.682261036047272,3.687900066375733,9421500,3.704817295074463,-0.016917228698730025,-0.45662788071145766,0.022555897240473577,0.6106852168046789,3.6100283350263322,3.4433560371398926,3.327944669723511,,1.6147021662279437,2014,9,September,Q3,Thursday
2014-09-05,3.612713726214778,3.623991563214631,3.5901576040683234,3.622112035751343,7272500,3.687900066375733,-0.06578803062438965,-1.7838886477485993,0.03383395914630771,0.9365247763973055,3.62076929637364,3.4555111726125083,3.33681667804718,,1.6174527808765937,2014,9,September,Q3,Friday
2014-09-08,3.618352680010144,3.6202324316233465,3.6033155633980583,3.6108341217041016,3972500,3.622112035751343,-0.011277914047241655,-0.3113629268207352,0.016916868225288262,0.46752955616368597,3.6309732369014194,3.465097451210022,3.3458390712738035,,1.5910922042100661,2014,9,September,Q3,Monday
2014-09-09,3.612713694247945,3.623991531148007,3.605194912241198,3.6089541912078857,7364000,3.6108341217041016,-0.0018799304962158203,-0.0520636072678049,0.01879661890680895,0.5202908532922595,3.6390289579119,3.47443311214447,3.355011830329895,,1.5921809573492884,2014,9,September,Q3,Tuesday
2014-09-10,3.623991733536729,3.670983283428084,3.623991733536729,3.665344476699829,14518500,3.6089541912078857,0.05639028549194336,1.5625104255776012,0.046991549891355344,1.296679279273502,3.649501391819545,3.487152179082235,3.3652747964859007,,1.5777905535800676,2014,9,September,Q3,Wednesday
2014-09-11,3.684141281969165,3.731132834224201,3.6822615302496047,3.721734523773194,16773000,3.665344476699829,0.0563900470733647,1.5384651410482508,0.04887130397459627,1.3265317541914319,3.6602423872266496,3.5013749678929647,3.3753121995925905,,1.5918840732835098,2014,9,September,Q3,Thursday
2014-09-12,3.72925294874077,3.749929320620708,3.7160953593959865,3.725493669509888,11753500,3.721734523773194,0.003759145736694336,0.10100520906803911,0.0338339612247216,0.9072584158214868,3.663196155003139,3.510084080696106,3.386214256286621,,1.3197727083650332,2014,9,September,Q3,Friday
2014-09-15,3.7254935815873935,3.738651170621655,3.708576713410969,3.734891891479492,12154500,3.725493669509888,0.009398221969604048,0.2522678281947188,0.030074457210686134,0.8072610125896854,3.669909272875105,3.5216753403345744,3.3976050186157227,,1.234260854044981,2014,9,September,Q3,Monday
2014-09-16,3.768725997965169,3.825115856150472,3.76684602232293,3.806319236755371,14151000,3.734891891479492,0.0714273452758789,1.9124340771101922,0.05826983382754225,1.546141424423097,3.6962245873042514,3.5338931401570637,3.4100859928131104,,1.248143501862013,2014,9,September,Q3,Tuesday
2014-09-17,3.490535156591436,3.608953890657192,3.4792570965572294,3.548804759979248,78397000,3.806319236755371,-0.25751447677612305,-6.765446111021333,0.1296967940999627,3.715670757678709,3.687363249914987,3.5393441597620647,3.4180181646347045,,1.772627390059795,2014,9,September,Q3,Wednesday
2014-09-18,3.3833949419997587,3.4059510666249597,3.3627187931911906,3.390913724899292,50137500,3.548804759979248,-0.15789103507995605,-4.449132757612717,0.04323227343376912,1.277777917591159,3.656214611870902,3.5411611715952556,3.4227173280715943,,1.9438046569794385,2014,9,September,Q3,Thursday
2014-09-19,3.3307642627780245,3.342042324768212,3.3119676421766404,3.3251254558563232,22333500,3.390913724899292,-0.06578826904296875,-1.9401339691980102,0.030074682591571644,0.902936389934959,3.607611894607544,3.543354121843974,3.426627039909363,,1.9292953660801064,2014,9,September,Q3,Friday
2014-09-22,3.287531984098348,3.29693029438051,3.2593370532518624,3.263096332550049,24955000,3.3251254558563232,-0.062029123306274414,-1.8654671569467096,0.03759324112864748,1.1435095174886323,3.5420921530042375,3.54297821521759,3.4292585706710814,,1.9601691596927782,2014,9,September,Q3,Monday
2014-09-23,3.266855299167468,3.276253607905459,3.2536974876755957,3.264975547790528,12480500,3.263096332550049,0.0018792152404789597,0.05758994062581291,0.022556120229863197,0.6904536064273016,3.476303849901472,3.54297821521759,3.431890091896057,,1.9593934497870895,2014,9,September,Q3,Tuesday
2014-09-24,3.264976158274425,3.270615189386275,3.253698096050726,3.261216878890991,16925000,3.264975547790528,-0.003758668899536577,-0.11512088971324941,0.016917093335548916,0.5181383420726043,3.4086359909602573,3.5429155667622885,3.434972743988037,,1.959499151414499,2014,9,September,Q3,Wednesday
2014-09-25,3.2818928134089105,3.2818928134089105,3.2367807946109046,3.2461791038513184,12656500,3.261216878890991,-0.015037775039672852,-0.4611093220143858,0.04511201879800586,1.3745731918388855,3.328615971973964,3.5387176275253296,3.436890001296997,,1.8573930738411368,2014,9,September,Q3,Thursday
2014-09-26,3.268734501844114,3.281892312029248,3.261215945229752,3.2743735313415527,8992000,3.2461791038513184,0.028194427490234375,0.8685419561965668,0.020676366799496027,0.6325495933619293,3.2894115107400075,3.5346450010935464,3.4395966958999633,,1.8598065965075103,2014,9,September,Q3,Friday
2014-09-29,3.327004629602944,3.347680999694627,3.325125102186753,3.3420419692993164,20209000,3.2743735313415527,0.06766843795776367,2.066607163478973,0.0225558975078739,0.6779641154441616,3.2824298313685825,3.5306976954142253,3.4433184242248536,,1.866914646905234,2014,9,September,Q3,Monday
2014-09-30,3.392793252569126,3.404071314881726,3.377756134916857,3.390913724899292,15390000,3.3420419692993164,0.048871755599975586,1.4623321923818322,0.026315179964869095,0.7756199097879732,3.291828155517578,3.5276902516682944,3.448318338394165,,1.8846292772667843,2014,9,September,Q3,Tuesday
2014-10-01,3.362718399204131,3.3702369571493667,3.327004688780832,3.34016227722168,11020500,3.390913724899292,-0.05075144767761186,-1.4966894411068798,0.043232268368534665,1.2856345145869672,3.3028375761849538,3.52086079120636,3.4523784065246583,,1.8665529351489918,2014,10,October,Q4,Wednesday
2014-10-02,3.2856530100951726,3.293171569958369,3.236781698764105,3.281893730163574,11552500,3.34016227722168,-0.05826854705810591,-1.7444825197706626,0.056389871194264085,1.7162454775658338,3.3052544593811035,3.5115251541137695,3.4545212459564207,,1.8835345448619478,2014,10,October,Q4,Thursday
2014-10-03,3.293170827248211,3.325125259643676,3.272494680250805,3.310087919235229,9825000,3.281893730163574,0.02819418907165483,0.8590829377723264,0.05263057939287075,1.598173376169772,3.3122360365731374,3.5038812001546225,3.455573844909668,,1.8928846953262926,2014,10,October,Q4,Friday
2014-10-06,3.319486204210674,3.343921854182882,3.31572692515496,3.338282823562622,8333000,3.310087919235229,0.028194904327393022,0.8517871734931903,0.0281949290279222,0.8493762978185518,3.3253937108176097,3.496989091237386,3.4558745861053466,,1.901685716613442,2014,10,October,Q4,Monday
2014-10-07,3.3138468428574246,3.3138468428574246,3.263095796413587,3.264975547790528,8022000,3.338282823562622,-0.07330727577209428,-2.1959576119395585,0.050751046443837655,1.531484369992086,3.3240511417388916,3.486964193979899,3.4545964097976682,,1.9305851156517637,2014,10,October,Q4,Tuesday
2014-10-08,3.306328436505466,3.345801427312338,3.27437422798596,3.343921899795532,14298500,3.264975547790528,0.078946352005004,2.4179768224735554,0.07142719932637842,2.1603177269911953,3.324319703238351,3.4801974137624105,3.4557993984222413,,1.99124087570591,2014,10,October,Q4,Wednesday
2014-10-09,3.268735359095774,3.283772700341494,3.2236235594320064,3.229262590408325,13676000,3.343921899795532,-0.11465930938720659,-3.428887181671847,0.06014914090948764,1.840134923805108,3.3012266840253557,3.4698592821756997,3.4544836330413817,,2.0779366037447238,2014,10,October,Q4,Thursday
2014-10-10,3.257457429593077,3.280013328790525,3.2161046863121405,3.217984437942505,10825500,3.229262590408325,-0.011278152465820312,-0.34924854049711573,0.06390864247838435,1.9619179639246378,3.2837727069854736,3.4587066253026326,3.449558916091919,,2.0742580341980523,2014,10,October,Q4,Friday
2014-10-13,3.221744631126078,3.242421008632353,3.1879106606946497,3.1916699409484863,9495000,3.217984437942505,-0.026314496994018555,-0.8177322638279527,0.05451034793770315,1.6919512307420366,3.2708835942404613,3.445361042022705,3.4456492328643797,,2.0585896879225145,2014,10,October,Q4,Monday
2014-10-14,3.204826831817627,3.231142010063384,3.189789491074316,3.204826831817627,9728000,3.1916699409484863,0.013156890869140625,0.4122259228731773,0.041352518989068,1.2903199192704835,3.2558462960379466,3.430637017885844,3.4409500646591185,,2.03333761960776,2014,10,October,Q4,Tuesday
2014-10-15,3.210464981280004,3.214224483751218,3.131519238631263,3.202946424484253,22357500,3.204826831817627,-0.0018804073333740234,-0.05867422584912019,0.0827052451199548,2.5761142265124612,3.2365125247410367,3.4139079888661703,3.437303509712219,,1.9991596447375841,2014,10,October,Q4,Wednesday
2014-10-16,3.114602403024457,3.199187406258856,3.114602403024457,3.1747517585754395,9702500,3.202946424484253,-0.028194665908813477,-0.8802727917421649,0.0845850032343991,2.715756051310505,3.223623411996024,3.396803045272827,3.4340704774856565,3.284596198797226,2.000599269455407,2014,10,October,Q4,Thursday
2014-10-17,3.223623635202375,3.248059287291849,3.2161048523660924,3.2405405044555664,8531500,3.1747517585754395,0.06578874588012695,2.072248505805918,0.03195443492575656,0.9912582404723094,3.2088546412331715,3.3840839942296346,3.4336945486068724,3.284779198169708,2.0373714457467167,2014,10,October,Q4,Friday
2014-10-20,3.264976176073078,3.295050859451294,3.261216896669151,3.295050859451294,6629000,3.2405405044555664,0.05451035499572754,1.682137745872292,0.0338339627821429,1.0362698212039148,3.218252965382167,3.3735578854878745,3.4341080951690675,3.2852160787582396,2.0709049736834775,2014,10,October,Q4,Monday
2014-10-21,3.264975877421366,3.2856522483617683,3.2518182886744635,3.2762539386749268,28131000,3.295050859451294,-0.018796920776367188,-0.5704592001198217,0.03383395968730474,1.0362698212038965,3.226577179772513,3.362467877070109,3.4343336629867554,3.2854469525814056,2.071070536872871,2014,10,October,Q4,Tuesday
2014-10-22,3.3420422335227924,3.357079574408024,3.3100880241875417,3.313847303390503,12433000,3.2762539386749268,0.03759336471557617,1.1474496610839768,0.04699155022048229,1.4060729020455636,3.244031088692801,3.3507513046264648,3.4353486824035646,3.2858471167087555,2.059548721077126,2014,10,October,Q4,Wednesday
2014-10-23,3.3439218434050773,3.3796353304293194,3.3345235337593957,3.358958959579468,8724000,3.313847303390503,0.04511165618896529,1.3613076300410754,0.04511179666992371,1.3490685124382835,3.26604996408735,3.3386587858200074,3.435085515975952,3.2856046426296235,2.0542997188752308,2014,10,October,Q4,Thursday
2014-10-24,3.319485980426652,3.330763816833496,3.296929859466239,3.330763816833496,7097500,3.358958959579468,-0.028195142745972124,-0.8394012277393892,0.03383395736725703,1.0192529074308174,3.284309591565813,3.3255011240641275,3.433769745826721,3.2853798949718476,2.0548215777557606,2014,10,October,Q4,Friday
2014-10-27,3.276254088945201,3.289411678295596,3.264976027174355,3.2856523990631104,10611000,3.330763816833496,-0.04511141777038574,-1.3543865687022039,0.02443565112124091,0.7458411483923713,3.300152540206909,3.310526474316915,3.4302735710144043,3.2851909828186034,2.0594665603357276,2014,10,October,Q4,Monday
2014-10-28,3.306328168508624,3.33452331970914,3.2894113018616764,3.330763816833496,6820500,3.2856523990631104,0.04511141777038574,1.3729820532217385,0.04511201784746355,1.3644144062025183,3.3130415848323276,3.2946746269861857,3.4272661066055297,3.285461015701294,2.0408019112991576,2014,10,October,Q4,Tuesday
2014-10-29,3.47173905104375,3.481137361099943,3.4266270283299924,3.4510626792907715,14894500,3.330763816833496,0.12029886245727539,3.611750009090753,0.054510332769950764,1.5701160706062478,3.335328987666539,3.291416557629903,3.4253864383697508,3.286351214647293,1.7932006988580644,2014,10,October,Q4,Wednesday
2014-10-30,3.484896206766388,3.5450455629018016,3.4811369280262645,3.5187301635742188,24488500,3.4510626792907715,0.06766748428344727,1.9607723930807675,0.06390863487553711,1.8338748440039625,3.369968448366438,3.295677105585734,3.4245217847824097,3.287691775560379,1.6286710858177023,2014,10,October,Q4,Thursday
2014-10-31,3.590157824611002,3.740531010506807,3.590157824611002,3.725493669509888,36996000,3.5187301635742188,0.2067635059356694,5.876083027794476,0.15037318589580462,4.188483995466069,3.4287750720977783,3.3090227127075194,3.4282435274124143,3.2902528631687162,1.8893783658419046,2014,10,October,Q4,Friday
2014-11-03,3.691659411471965,3.791281535484272,3.689779884044333,3.7894020080566406,31269000,3.725493669509888,0.06390833854675249,1.7154327510952472,0.10150165143993917,2.7494858037152374,3.4902669361659457,3.326566235224406,3.433130645751953,3.2932828605175017,1.8543194791985251,2014,11,November,Q4,Monday
2014-11-04,3.781883219924017,3.81383742498179,3.746169512093154,3.76120662689209,25533500,3.7894020080566406,-0.02819538116455078,-0.7440588542626192,0.06766791288863594,1.7892650024766095,3.5517587661743164,3.343107271194458,3.437040328979492,3.2963585901260375,1.8668885792900516,2014,11,November,Q4,Tuesday
2014-11-05,3.8063189512966074,3.830754599492337,3.785642357809929,3.793160915374756,11746500,3.76120662689209,0.031954288482666016,0.8495754594867844,0.045112241682407905,1.185193418093368,3.624259982790266,3.3608387390772503,3.4419650411605835,3.2993513691425322,1.8644233679064184,2014,11,November,Q4,Wednesday
2014-11-06,3.686020748440319,3.714215679325404,3.669103879538625,3.702937841415405,13435000,3.793160915374756,-0.09022307395935103,-2.378572277111979,0.04511179978677937,1.2238617974645887,3.6774277005876814,3.3760640303293865,3.445235667228699,3.3021917688846587,1.930952509192472,2014,11,November,Q4,Thursday
2014-11-07,3.6860203149084567,3.6954186240981017,3.669103447996443,3.687900066375733,12112000,3.702937841415405,-0.015037775039671963,-0.4061039013802059,0.0263151761016589,0.7139183686868108,3.71126161302839,3.389848248163859,3.4479423856735227,3.305022325515747,1.9356174182096457,2014,11,November,Q4,Friday
2014-11-10,3.8439124993396256,3.872107204533426,3.830754910496284,3.8533105850219727,13952500,3.687900066375733,0.1654105186462398,4.485222366906383,0.04135229403714202,1.075786559768107,3.759058816092355,3.406890535354614,3.4531678485870363,3.309137371778488,2.0535500367378465,2014,11,November,Q4,Monday
2014-11-11,3.853310428739357,3.8927836418151855,3.8420323678605497,3.8927836418151855,15562500,3.8533105850219727,0.03947305679321289,1.0243933345691625,0.050751273954635856,1.3170824124657812,3.7829573835645403,3.423619532585144,3.4580925703048706,3.3132724130153655,2.0479912944278005,2014,11,November,Q4,Tuesday
2014-11-12,3.8401533396459646,3.8871451167009705,3.8401533396459646,3.87774658203125,13630500,3.8927836418151855,-0.015037059783935547,-0.3862803887277888,0.0469917770550059,1.223695329294799,3.7955780369894847,3.44153900941213,3.461551156044006,3.3176776826381684,2.0208669542214364,2014,11,November,Q4,Wednesday
2014-11-13,3.823236005549599,3.855190662898449,3.8157174471750106,3.836393594741821,10801000,3.87774658203125,-0.041352987289429155,-1.066417993405011,0.039473215723438315,1.032455638787173,3.806319032396589,3.4600223382314046,3.464521026611328,3.3218015038967135,1.9983541028742644,2014,11,November,Q4,Thursday
2014-11-14,3.873986738556011,3.8890238531922514,3.860828703065916,3.8796253204345694,5873000,3.836393594741821,0.04323172569274858,1.1268845238403546,0.028195150126335555,0.7278070894183033,3.818671090262277,3.4790069182713825,3.4696712923049926,3.326496230363846,2.000421984751179,2014,11,November,Q4,Friday
2014-11-17,3.79504133950247,3.8495516725481087,3.79504133950247,3.808198928833008,9753000,3.8796253204345694,-0.07142639160156161,-1.8410641673397676,0.05451033304563868,1.436356765820764,3.8337083884647916,3.494670788447062,3.4736185884475708,3.3313006031513215,2.0462908114653224,2014,11,November,Q4,Monday
2014-11-18,3.9698498591114455,4.003684043579152,3.96233130083421,3.996165037155152,16645000,3.808198928833008,0.187966108322144,4.935826931177267,0.04135274274494183,1.0416701944037159,3.8777462414332797,3.519043771425883,3.481362805366516,3.336251287460327,2.139254557258088,2014,11,November,Q4,Tuesday
2014-11-19,3.928496967619537,3.928496967619537,3.900302263110766,3.9115803241729736,11052500,3.996165037155152,-0.08458471298217818,-2.1166471403391673,0.02819470450877093,0.7176969905071721,3.886070489883423,3.5379657189051312,3.486287522315979,3.340965757369995,2.173441370103546,2014,11,November,Q4,Wednesday
2014-11-20,3.828874844607234,3.8627090278185343,3.8138377286111553,3.8495514392852783,9951500,3.9115803241729736,-0.06202888488769531,-1.5857755624847147,0.04887129920737898,1.2763880040689135,3.8798944609505788,3.558642013867696,3.4888438606262206,3.344791283607483,2.0812885711856617,2014,11,November,Q4,Thursday
2014-11-21,3.9679704784216567,4.022480812205717,3.9284972617485456,3.992406129837036,14414500,3.8495514392852783,0.1428546905517578,3.7109438022805197,0.0939835504571711,2.3685546797352948,3.8962743963514055,3.5844560702641806,3.4941821098327637,3.3490510177612305,2.1478437363255227,2014,11,November,Q4,Friday
2014-11-24,3.9886460063200544,4.084509069474342,3.9886460063200544,4.065712451934815,28007500,3.992406129837036,0.07330632209777921,1.8361439120616607,0.09586306315428716,2.403398622048461,3.9290342330932617,3.6135908206303915,3.50079852104187,3.353807978630066,2.1359516759241726,2014,11,November,Q4,Monday
2014-11-25,4.114582779169239,4.133379394333935,4.095786164004542,4.122101783752441,14151000,4.065712451934815,0.056389331817626065,1.386948351224171,0.0375932303293931,0.9136583791609467,3.9636737278529575,3.644166652361552,3.5071141719818115,3.358445461988449,2.1367629629383456,2014,11,November,Q4,Tuesday
2014-11-26,4.06007538465109,4.078872011277611,4.05443635184844,4.076992034912109,9148500,4.122101783752441,-0.04510974884033203,-1.0943385487989454,0.024435659429171253,0.6018523577554503,4.002072743007115,3.6733015060424803,3.517677917480469,3.362661349773407,2.1604236746225602,2014,11,November,Q4,Wednesday
2014-11-28,4.116464243826153,4.144658952701406,4.110825212421738,4.133380889892578,8605500,4.076992034912109,0.05638885498046875,1.3830994639577376,0.033833740279668234,0.821912648225036,4.02167500768389,3.7052558104197186,3.5325272607803346,3.367271211147308,2.1380523333636474,2014,11,November,Q4,Friday
2014-12-01,4.182252107864423,4.195410146293321,4.155936927300242,4.163455486297607,22176500,4.133380889892578,0.030074596405029297,0.7276028318264016,0.03947321899307976,0.9438268658853258,4.057657173701695,3.7360196431477863,3.54929386138916,3.372162141799927,2.12680761135316,2014,12,December,Q4,Monday
2014-12-02,4.148417481682959,4.167214099232471,4.1239818340539225,4.12774133682251,13048000,4.163455486297607,-0.035714149475097656,-0.8578006800513904,0.04323226517854817,1.0421387280676824,4.097398587635586,3.7637759923934935,3.566586761474609,3.3766131055355073,2.1434564803433434,2014,12,December,Q4,Tuesday
2014-12-03,4.11082500403042,4.148418246056244,4.086389351898954,4.125862121582031,16337500,4.12774133682251,-0.0018792152404785156,-0.04552647773043983,0.06202889415729018,1.508915949875622,4.116463729313442,3.7920962651570638,3.5838044929504393,3.38130673289299,2.134211023416049,2014,12,December,Q4,Wednesday
2014-12-04,4.142778817119893,4.163454963804594,4.127741701012248,4.157815933227539,11207000,4.125862121582031,0.03195381164550781,0.77447599323206,0.035713262792346434,0.8620605725983386,4.129621369498117,3.8202285528182984,3.6017364740371702,3.3860667765140535,2.1331623439275234,2014,12,December,Q4,Thursday
2014-12-05,4.174732786531934,4.191649877296934,4.155936168397512,4.165334701538086,9208500,4.157815933227539,0.007518768310546875,0.18083456389832442,0.03571370889942216,0.8554729302588614,4.135797500610352,3.847107744216919,3.620119585990906,3.390911087989807,2.1329719571904424,2014,12,December,Q4,Friday
2014-12-08,4.024359236901194,4.035637295716959,3.971728445143182,3.975487947463989,12798000,4.165334701538086,-0.18984675407409712,-4.557779090453273,0.06390885057377682,1.5880503407292093,4.121296916689191,3.868598548571269,3.6341418743133547,3.394544773101807,2.3271941717857536,2014,12,December,Q4,Monday
2014-12-09,3.868347800410296,3.8965425030595937,3.845791679773484,3.890903472900391,15015500,3.975487947463989,-0.08458447456359774,-2.127650132043668,0.0507508232861098,1.3119508871649783,4.086657285690308,3.8887735843658446,3.645119104385376,3.3978675603866577,2.353915958631299,2014,12,December,Q4,Tuesday
2014-12-10,3.951052968917675,3.958571526680308,3.9021816712404633,3.907820701599121,9206000,3.890903472900391,0.016917228698730025,0.43478921583524066,0.05638985543984454,1.4272108190767079,4.050138030733381,3.9080088138580322,3.6554572439193724,3.4011815774440763,2.349406134100292,2014,12,December,Q4,Wednesday
2014-12-11,3.92285741068063,3.962330619101451,3.892783182746064,3.8984217643737793,9562000,3.907820701599121,-0.009398937225341797,-0.24051608154631587,0.06954743635538696,1.7728769892587104,4.017378091812134,3.9229207833607993,3.6666224336624147,3.4043179047107697,2.281165967740091,2014,12,December,Q4,Thursday
2014-12-12,3.853310744636308,3.864588806439699,3.8213565349578857,3.8213565349578857,12054500,3.8984217643737793,-0.07706522941589355,-1.9768314993560687,0.04323227148181319,1.121951338650567,3.9738772937229703,3.933008329073588,3.677411689758301,3.407040901184082,2.3033443275364696,2014,12,December,Q4,Friday
2014-12-15,3.748049023988623,3.759327084114788,3.7048167589361287,3.706696510314941,22241000,3.8213565349578857,-0.11466002464294478,-3.000505804523379,0.05451032517865917,1.4543653199244981,3.909431661878313,3.932381757100423,3.685343861579895,3.4095080029964446,2.125738664195389,2014,12,December,Q4,Monday
2014-12-16,3.7179745704411062,3.761206611420245,3.7048167589361287,3.706696510314941,11657500,3.706696510314941,0.0,0.0,0.05638985248411643,1.5166820379146986,3.843911920275007,3.9296249071757,3.6927121353149412,3.4118350744247437,2.1010679804216204,2014,12,December,Q4,Tuesday
2014-12-17,3.785642440522884,3.855190331920584,3.783762913127292,3.832634210586548,11184500,3.706696510314941,0.1259377002716069,3.397572472446808,0.07142741879329195,1.8867978134624406,3.82350424357823,3.932005826632182,3.7040653085708617,3.414679808616638,2.188303293463812,2014,12,December,Q4,Wednesday
2014-12-18,3.971729948371136,3.996165602338192,3.954813301891504,3.9736099243164062,13207500,3.832634210586548,0.1409757137298584,3.6782981621479527,0.04135230044668825,1.041165965063849,3.835319450923375,3.9380207935969036,3.7166590690612793,3.4178746700286866,2.281316299753257,2014,12,December,Q4,Thursday
2014-12-19,3.885265723223561,3.909701379251224,3.858950539238959,3.868349075317383,7828000,3.9736099243164062,-0.10526084899902344,-2.648998039663686,0.05075084001226493,1.306238585147724,3.8296806471688405,3.943534501393636,3.7294407987594607,3.4204592072963713,2.2922827048792667,2014,12,December,Q4,Friday
2014-12-22,3.909700064170953,3.926617154533705,3.8909034464834655,3.905941009521485,6459500,3.868349075317383,0.03759193420410201,0.9717823669007419,0.035713708050239656,0.9134641395519097,3.830754825047084,3.950802532831828,3.74319993019104,3.4231476831436156,2.294123559253118,2014,12,December,Q4,Monday
2014-12-23,3.924737810695945,3.945413956674804,3.9040612165703488,3.920978307723999,9001500,3.905941009521485,0.015037298202514204,0.38498528692210154,0.04135274010445533,1.0536433794827826,3.8449865068708147,3.953058123588562,3.7577860975265502,3.4260887241363527,2.1485907490595544,2014,12,December,Q4,Tuesday
2014-12-24,3.990525859590954,4.022480515350366,3.988646332127488,4.007442951202393,6787000,3.920978307723999,0.08646464347839355,2.205180357873071,0.0338341832228779,0.8478627733124389,3.8879502841404507,3.9568801005681355,3.7738384199142456,3.42947142124176,2.177108144973211,2014,12,December,Q4,Wednesday
2014-12-26,4.018720875065212,4.018720875065212,3.986766668543563,3.998044729232788,5540000,4.007442951202393,-0.009398221969604492,-0.23451917055449245,0.031954206521649375,0.795133763081539,3.9295714582715715,3.960890038808187,3.7897403860092163,3.4330031764507294,2.176068121117243,2014,12,December,Q4,Friday
2014-12-29,3.986766843367181,3.99804490455096,3.966090248481336,3.979248285293579,5537500,3.998044729232788,-0.018796443939208984,-0.4701409116754873,0.03195465606962422,0.8015180552328378,3.950516326086862,3.965651861826579,3.805830316543579,3.4368703818321227,2.1675198264282582,2014,12,December,Q4,Monday
2014-12-30,3.87210813123126,3.873988107335064,3.858950539238959,3.868349075317383,7877500,3.979248285293579,-0.11089920997619629,-2.786938688547158,0.015037568096105236,0.3883560992219389,3.935479061944144,3.9652759869893393,3.8183864879608156,3.440136411190033,2.2234205579372026,2014,12,December,Q4,Tuesday
2014-12-31,3.892784236027593,3.892784236027593,3.8476719856262207,3.8476719856262207,4231000,3.868349075317383,-0.02067708969116211,-0.5345197470180696,0.04511225040137212,1.1588685030076853,3.932525191988264,3.966591755549113,3.829438910484314,3.4433644008636475,2.1984852041676364,2014,12,December,Q4,Wednesday
2015-01-02,3.847671882459452,3.889024628169658,3.840153323643086,3.864588975906372,6149500,3.8476719856262207,0.016916990280151367,0.43966820309393473,0.04887130452657207,1.2701526018724154,3.926617758614676,3.9622058868408203,3.841205611228943,3.446676975488663,1.9986409773572689,2015,1,January,Q1,Friday
2015-01-05,3.843912641671196,3.843912641671196,3.798800394655895,3.808198928833008,5415500,3.864588975906372,-0.05639004707336426,-1.4591473355879736,0.04511224701530114,1.1736022959067025,3.9105064187731062,3.958759840329488,3.851092643737793,3.449278168678284,1.979186202110847,2015,1,January,Q1,Monday
2015-01-06,3.845792003041056,3.86834812557388,3.78752261736027,3.806319236755371,11045500,3.808198928833008,-0.0018796920776367188,-0.04935908319823046,0.08082550821360979,2.1016609361529976,3.881774459566389,3.9573187669118246,3.860039849281311,3.4517299354076387,1.9583879243447246,2015,1,January,Q1,Tuesday
2015-01-07,4.058194098651696,4.078870694971104,4.035638422867048,4.046916484832764,12431500,3.806319236755371,0.24059724807739258,6.320994985236328,0.043232272104056335,1.0653081408407725,3.888756138937814,3.9591357787450154,3.8743629026412965,3.4554873764514924,2.1757248669888707,2015,1,January,Q1,Wednesday
2015-01-08,4.0469160251956975,4.063832668076144,4.035637964510911,4.052554607391357,6482500,4.046916484832764,0.00563812255859375,0.1393189748225554,0.02819470356523368,0.6966960369253095,3.899228470666068,3.9586971839269003,3.8897009468078614,3.4587128806114196,2.1500770921670145,2015,1,January,Q1,Thursday
2015-01-09,4.0939073672059765,4.095786894613721,4.007442832395442,4.011202335357666,15066000,4.052554607391357,-0.041352272033691406,-1.0204001189341172,0.08834406221827962,2.157939940848563,3.919636079243251,3.9550005356470743,3.903309717178345,3.461804928779602,2.141875189702993,2015,1,January,Q1,Friday
2015-01-12,4.018721700067204,4.0262402593545925,3.992406518487934,4.014962196350098,9979500,4.011202335357666,0.0037598609924316406,0.0937340148436272,0.03383374086665869,0.8419030575342625,3.9435346807752336,3.952932874361674,3.9145877075195314,3.4647090101242064,2.133227080743747,2015,1,January,Q1,Monday
2015-01-13,4.022479757125529,4.039396397401485,3.945413319742477,3.9811270236968994,8887500,4.014962196350098,-0.03383517265319824,-0.8427270544155263,0.09398307765900782,2.336446255385715,3.9601829733167375,3.9478577454884847,3.9238356447219847,3.46708677649498,2.1210832293047854,2015,1,January,Q1,Tuesday
2015-01-14,3.9811275073009234,3.9811275073009234,3.8570697400918896,3.890903472900391,12103000,3.9811270236968994,-0.09022355079650834,-2.266281639833889,0.12405776720903372,3.1161465434484636,3.971997908183507,3.938772678375244,3.9271438407897947,3.468571709394455,2.1508548213405985,2015,1,January,Q1,Wednesday
2015-01-15,3.9924050195231104,3.99616407368204,3.928496169208089,3.93413519859314,12284500,3.890903472900391,0.04323172569274902,1.111097358077684,0.06766790447395099,1.6949158249989844,3.9902573313031877,3.9323191404342652,3.930038504600525,3.4699720549583435,2.1602126147809924,2015,1,January,Q1,Thursday
2015-01-16,3.8345140445917294,3.889024376743167,3.823235983022912,3.885264873504639,12934500,3.93413519859314,-0.04887032508850098,-1.2422126495799435,0.06578839372025502,1.7156905139790586,3.9671642439705983,3.9242992321650187,3.932519669532776,3.471269019842148,2.16948194622131,2015,1,January,Q1,Friday
2015-01-20,3.9303773480047375,3.932256875659757,3.883385571454923,3.9134602546691895,5316500,3.885264873504639,0.028195381164550337,0.7257003597573863,0.048871304204833876,1.243425245915471,3.947293622153146,3.9161540428797403,3.9349256563186645,3.4728949284553527,2.1687620515027533,2015,1,January,Q1,Tuesday
2015-01-21,4.108945267316585,4.155936593384625,4.093907702383266,4.118343353271484,21364000,3.9134602546691895,0.20488309860229492,5.2353437947363135,0.062028891001358666,1.509606163283544,3.96259948185512,3.914587664604187,3.943233766555786,3.475601645708084,2.3834046361232706,2015,1,January,Q1,Wednesday
2015-01-22,4.133379737782785,4.178491976443825,4.129620683325493,4.1672139167785645,9618500,4.118343353271484,0.04887056350708008,1.1866558787105186,0.048871293118331494,1.1823567206178565,3.9843497276306152,3.9209785302480062,3.9528200435638428,3.478533916473389,2.231400785146205,2015,1,January,Q1,Thursday
2015-01-23,4.231124056529202,4.300671970227051,4.21420740825118,4.248041152954102,14814000,4.1672139167785645,0.08082723617553711,1.9395989212384945,0.08646456197587149,2.04353644139658,4.022480317524502,3.93288311958313,3.9607146549224854,3.4820113015174865,2.209760851922973,2015,1,January,Q1,Friday
2015-01-26,4.379616991228005,4.411571204046118,4.37585793568871,4.39277458190918,17967000,4.248041152954102,0.14473342895507812,3.407062778909986,0.035713268357407735,0.815442730013568,4.094176190240042,3.9490482489267986,3.970714473724365,3.4862875366210937,2.2807441505169344,2015,1,January,Q1,Monday
2015-01-27,4.323226542946008,4.353301223946666,4.311948481552416,4.3345046043396,8247500,4.39277458190918,-0.05826997756958008,-1.3264959647497965,0.04135274239424991,0.9565249931610247,4.151371819632394,3.9635843435923257,3.9798496341705323,3.490902111530304,2.3000511516072732,2015,1,January,Q1,Tuesday
2015-01-28,4.4905178186507335,4.494277322857904,4.405933231384782,4.409692287445068,17519500,4.3345046043396,0.07518768310546875,1.734631520063279,0.08834409147312261,1.9673475318636497,4.226290021623884,3.9831955353418986,3.991315608024597,3.4956764614582063,2.2685518279953665,2015,1,January,Q1,Wednesday
2015-01-29,4.428487970847345,4.436006529516624,4.396533760392819,4.430367946624756,12854000,4.409692287445068,0.0206756591796875,0.46886852487539876,0.039472769123805485,0.8913373906320622,4.300133977617536,4.007317916552226,4.002330460548401,3.5003568267822267,2.170086852699837,2015,1,January,Q1,Thursday
2015-01-30,4.402172217047877,4.436005950718491,4.373977065533424,4.377736568450928,11329000,4.430367946624756,-0.052631378173828125,-1.1879685571922982,0.06202888518506722,1.4090517618745992,4.3371901512146,4.029685918490092,4.01372121334076,3.5048116302490233,2.1924877451138647,2015,1,January,Q1,Friday
2015-02-02,4.315706013448531,4.392771984192067,4.306307483864581,4.385253429412842,8135500,4.377736568450928,0.0075168609619140625,0.17170656215557134,0.08646450032748643,2.0034844833741503,4.368338653019497,4.0481065591176355,4.021502981185913,3.509087853431702,2.1276335012077325,2015,2,February,Q1,Monday
2015-02-03,4.351421691847199,4.398413016741993,4.34954171618574,4.396533489227295,10221000,4.385253429412842,0.011280059814453125,0.2572270906578744,0.048871300556252883,1.12311111211809,4.389551843915667,4.062204011281332,4.031202044486999,3.5134862661361694,2.0396933582870997,2015,2,February,Q1,Tuesday
2015-02-04,4.676602202265335,4.990506082007935,4.62021235620355,4.875846862792969,46101000,4.396533489227295,0.47931337356567383,10.902074890140657,0.3702937258043857,7.918007771219375,4.458562169756208,4.095787270863851,4.051727952957154,3.520008693933487,2.73344003391901,2015,2,February,Q1,Wednesday
2015-02-05,4.990507504011557,5.071333017878674,4.981109417730016,5.041258335113525,17832500,4.875846862792969,0.16541147232055664,3.3924665186430003,0.09022360014865782,1.8079043078511097,4.559526988438198,4.133631181716919,4.072704997062683,3.5276589250564574,2.77383601834341,2015,2,February,Q1,Thursday
2015-02-06,5.001785067915547,5.037498778151439,4.9848679765174815,4.994266510009766,9647500,5.041258335113525,-0.046991825103759766,-0.9321447539486494,0.05263080163395717,1.052240368574866,4.6430375916617255,4.169407455126445,4.091276078224182,3.5350929915905,2.7924638697907502,2015,2,February,Q1,Friday
2015-02-09,4.828855514526367,4.858930191301618,4.819456981969921,4.828855514526367,11959500,4.994266510009766,-0.16541099548339844,-3.3120177938416595,0.03947320933169696,0.8174444071261188,4.699964387076242,4.196787873903911,4.105411152839661,3.542179321050644,2.880159898052178,2015,2,February,Q1,Monday
2015-02-10,4.868328963537389,4.911561233482415,4.843893313214255,4.898403644561768,10809000,4.828855514526367,0.06954813003540039,1.4402611514505503,0.0676679202681596,1.3899619515233257,4.774345397949219,4.226799837748209,4.121839385032654,3.5498765444755556,2.8784132065122985,2015,2,February,Q1,Tuesday
2015-02-11,4.866448698418883,4.917199518891086,4.866448698418883,4.905921459197998,7784500,4.898403644561768,0.007517814636230469,0.15347478855844976,0.05075082047220292,1.0428717863334702,4.848726545061384,4.257688943545023,4.137290196418762,3.557536165714264,2.8717820108888286,2015,2,February,Q1,Wednesday
2015-02-12,5.014942002732337,5.101406527747492,5.01306247553752,5.095767498016357,14578500,4.905921459197998,0.18984603881835938,3.8697325343931332,0.08834405220997166,1.7616166281053374,4.948617117745536,4.298602890968323,4.155936436653137,3.5661356222629546,2.847040863808977,2015,2,February,Q1,Thursday
2015-02-13,5.114564556834655,5.161556325943525,5.112685029477252,5.131481647491455,7761000,5.095767498016357,0.035714149475097656,0.7008590852898955,0.04887129646627297,0.9555319113328165,4.9851363727024625,4.34139654636383,4.176011242866516,3.5752143943309784,2.8335730785636106,2015,2,February,Q1,Friday
2015-02-17,4.9585514264821,5.01118176539312,4.943514314835129,4.999904155731201,11144000,5.131481647491455,-0.1315774917602539,-2.5641228167419428,0.06766745055799106,1.364661667046549,4.979228632790702,4.3792403856913245,4.1934920835495,3.584086399078369,2.9062569485062606,2015,2,February,Q1,Tuesday
2015-02-18,5.076972330022606,5.285615145157637,5.054416204663096,5.266818523406982,25108000,4.999904155731201,0.26691436767578125,5.338389684326805,0.23119894049454093,4.55387434608121,5.01816463470459,4.4278610388437905,4.215672135353088,3.5938512551784516,2.979905938338181,2015,2,February,Q1,Wednesday
2015-02-19,5.123964295472971,5.16719657189193,5.103287697089886,5.1446404457092285,12881000,5.266818523406982,-0.1221780776977539,-2.319770031087376,0.06390887480204377,1.247254491185806,5.063276767730713,4.472471745808919,4.2352582502365115,3.602995821237564,3.0390861187366043,2015,2,February,Q1,Thursday
2015-02-20,5.076972056932865,5.133361919151624,5.054415932786647,5.123963832855225,11331000,5.1446404457092285,-0.020676612854003906,-0.40190588773310054,0.0789459863649773,1.5549816993215968,5.095499651772635,4.508373324076334,4.258227767944336,3.612159184217453,2.8809540558919715,2015,2,February,Q1,Friday
2015-02-23,5.084490924231918,5.092009931501593,5.063814774607351,5.0807318687438965,7342000,5.123963832855225,-0.043231964111328125,-0.8437211018961888,0.02819515689424179,0.554532544445461,5.120472567422049,4.542645899454753,4.282024335861206,3.6210687959194185,2.8946201361939488,2015,2,February,Q1,Monday
2015-02-24,5.161556789327135,5.22734473420966,5.155917758601952,5.214187145233154,8431500,5.0807318687438965,0.1334552764892578,2.6266939475838136,0.07142697560770817,1.3838262083137798,5.137389659881592,4.582745393117269,4.308151664733887,3.6307020711898805,2.892304574231177,2015,2,February,Q1,Tuesday
2015-02-25,5.187872069174315,5.231104340151991,5.182233038338377,5.204789161682129,4915500,5.214187145233154,-0.00939798355102539,-0.18023870814872778,0.04887130181361421,0.9420298180443067,5.147862161908831,4.62240629196167,4.334279012680054,3.6403917384147646,2.895425191004853,2015,2,February,Q1,Wednesday
2015-02-26,5.26869803772104,5.313809840178369,5.2630590063955225,5.287494659423828,6143500,5.204789161682129,0.08270549774169922,1.5890268591584933,0.05075083378284617,0.9632518967588868,5.188946519579206,4.665951879819234,4.363601775169372,3.6504291462898255,2.8787113933763755,2015,2,February,Q1,Thursday
2015-02-27,5.357042551462379,5.385237710387629,5.3213292810195245,5.323208808898926,8342000,5.287494659423828,0.035714149475097656,0.6754455895561895,0.06390842936810426,1.1929796852305825,5.197002274649484,4.713695391019185,4.395932021141053,3.6604665541648864,2.813358623096714,2015,2,February,Q1,Friday
2015-03-02,5.253659644539624,5.2874933761343765,5.2423815846258055,5.283734321594238,6048500,5.323208808898926,-0.0394744873046875,-0.7415543654552326,0.04511179150857103,0.8586736591407826,5.216872828347342,4.758682028452555,4.4274727773666385,3.6713779985904695,2.833080093800223,2015,3,March,Q1,Monday
2015-03-03,5.255540983125626,5.261180015026021,5.212308703987171,5.231105327606201,6191000,5.283734321594238,-0.05262899398803711,-0.9960567807685949,0.048871311038849896,0.929900674274348,5.232178756168911,4.803543376922607,4.455442199707031,3.682129679918289,2.8266351680582913,2015,3,March,Q1,Tuesday
2015-03-04,5.227344010156872,5.248020602667495,5.191630751373135,5.242381572723389,5019500,5.231105327606201,0.0112762451171875,0.21556142365704023,0.056389851294359694,1.0787476620018248,5.2552715710231235,4.847840754191081,4.480817632675171,3.692947140932083,2.8300839310268486,2015,3,March,Q1,Wednesday
2015-03-05,5.2592996975014925,5.28937393225925,5.249901163029601,5.274336814880371,6084000,5.242381572723389,0.03195524215698242,0.6095558233160325,0.03947276922964882,0.7505327990416849,5.263864380972726,4.886373869578043,4.508937387466431,3.703980770111084,2.7160241804754883,2015,3,March,Q1,Thursday
2015-03-06,5.214186972985069,5.223585506598819,5.167195649356567,5.170954704284668,7109000,5.274336814880371,-0.10338211059570312,-1.9600968657146334,0.05638985724225165,1.0814697964305837,5.259030887058803,4.919831895828247,4.534237661361694,3.7147888350486755,2.763421064567515,2015,3,March,Q1,Friday
2015-03-09,5.103286450585295,5.133361128767389,5.092008838395389,5.125842571258545,5056000,5.170954704284668,-0.04511213302612305,-0.8724140048788853,0.04135229037199917,0.8103070594294483,5.23593773160662,4.949091943105062,4.558334946632385,3.7253337490558622,2.76962809735623,2015,3,March,Q1,Monday
2015-03-10,5.007424098381569,5.020581686753372,4.986747952103984,4.994266510009766,7700000,5.125842571258545,-0.1315760612487793,-2.5669157688639976,0.03383373464938799,0.6756714427348638,5.188945974622454,4.969141674041748,4.578071417808533,3.735098602771759,2.7803310729585564,2015,3,March,Q1,Tuesday
2015-03-11,5.037498684665389,5.054415327602772,5.026220623942643,5.045017242431641,7595500,4.994266510009766,0.050750732421875,1.0161798998943539,0.028194703660129328,0.5596964967148599,5.154843534742083,4.992825428644816,4.59901086807251,3.745182994604111,2.761120866106017,2015,3,March,Q1,Wednesday
2015-03-12,5.078852665440745,5.103288322417265,5.078852665440745,5.099529266357422,5950500,5.045017242431641,0.05451202392578125,1.0805121430964126,0.024435656976520725,0.481125533386588,5.136046954563686,5.015819994608561,4.621416487693787,3.7550418400764465,2.753957907962496,2015,3,March,Q1,Thursday
2015-03-13,5.005544377103978,5.005544377103978,4.964191638003434,4.992386341094971,7555000,5.099529266357422,-0.10714292526245117,-2.1010355988991702,0.041352739100544156,0.8261386971154836,5.10033335004534,5.034553941090902,4.643897233009338,3.7646563172340395,2.7952934214736316,2015,3,March,Q1,Friday
2015-03-16,4.836374420601584,4.864569572158351,4.826976335513815,4.8532915115356445,11894000,4.992386341094971,-0.13909482955932617,-2.786139133791854,0.037593236644536177,0.777302031960132,5.040184020996094,5.050405772527059,4.664009623527527,3.7736881017684936,2.8421328008144155,2015,3,March,Q1,Monday
2015-03-17,5.10328696959854,5.107046472808669,4.98862772352415,5.028100490570068,9300500,4.8532915115356445,0.17480897903442383,3.601864396954646,0.11841874928451901,2.320440727514774,5.019776276179722,5.071834007898967,4.687279853820801,3.7836221253871916,2.9017516369065754,2015,3,March,Q1,Tuesday
2015-03-18,5.253659644539624,5.31944758045906,5.212306907571191,5.283734321594238,12221500,5.028100490570068,0.2556338310241699,5.084103460215195,0.10714067288786833,2.0393531392773925,5.042332240513393,5.101407368977864,4.716790561676025,3.7947309362888335,3.019466549637815,2015,3,March,Q1,Wednesday
2015-03-19,5.26305894306583,5.270577502027113,5.208548606339617,5.234864234924316,5273000,5.283734321594238,-0.048870086669921875,-0.9249156694005833,0.06202889568749548,1.1785711761639988,5.076703344072614,5.1133746147155765,4.745361461639404,3.805792763233185,2.328850821998309,2015,3,March,Q1,Thursday
2015-03-20,5.253660917748869,5.281855626219616,5.214187698484286,5.2461419105529785,7276000,5.234864234924316,0.01127767562866211,0.2154339658595683,0.06766792773532959,1.2880147538018973,5.10543543951852,5.120204067230224,4.769345970153808,3.816760604381561,2.252625421148609,2015,3,March,Q1,Friday
2015-03-23,5.240503010941976,5.257419655744232,5.219826414621999,5.221706390380859,6267000,5.2461419105529785,-0.02443552017211914,-0.46578076973032845,0.03759324112223261,0.7173594031668205,5.122889314379011,5.127785396575928,4.792729005813599,3.827606267929077,2.2464497762654476,2015,3,March,Q1,Monday
2015-03-24,5.202908046180611,5.214186105381822,5.172833819172945,5.182231903076172,4719000,5.221706390380859,-0.0394744873046875,-0.7559691095884946,0.041352286208876876,0.7947917941627483,5.150010108947754,5.1395646095275875,4.816149597167969,3.838386136293411,2.156394265884716,2015,3,March,Q1,Tuesday
2015-03-25,5.154038642683382,5.161557201535145,5.007424728413402,5.016822814941406,13284500,5.182231903076172,-0.16540908813476562,-3.1918503692700217,0.15413247312174327,2.9905183838803397,5.173371723720005,5.1435119152069095,4.836186809539795,3.848150991201401,2.2332786151821904,2015,3,March,Q1,Wednesday
2015-03-26,4.956674174426023,5.005545481928071,4.951035142933723,4.988628387451172,5649500,5.016822814941406,-0.028194427490234375,-0.5619976732338272,0.05451033899434865,1.0997361754297856,5.167732851845877,5.146268812815348,4.85633683681488,3.857887654304504,2.236544155033155,2015,3,March,Q1,Thursday
2015-03-27,5.011183443631886,5.043138100839856,5.011183443631886,5.0337395668029785,4196500,4.988628387451172,0.04511117935180664,0.9042802118771398,0.03195465720797053,0.6376668818336292,5.132019315447126,5.144201215108236,4.879193558692932,3.8680284416675565,2.1260599657226797,2015,3,March,Q1,Friday
2015-03-30,5.086370989731523,5.101408108242158,5.078851982329383,5.092010021209717,6844000,5.0337395668029785,0.05827045440673828,1.1575977190203979,0.022556125912774228,0.4434620667330603,5.111611570630755,5.142885494232178,4.902351055145264,3.878366597890854,2.133018179553071,2015,3,March,Q1,Monday
2015-03-31,5.018702450120096,5.043138100839856,4.998025854497672,5.0337395668029785,8756500,5.092010021209717,-0.05827045440673828,-1.14435074094561,0.04511224634218447,0.8988826652017384,5.081268378666469,5.144013341267904,4.92532054901123,3.888291224241257,2.0895651593795077,2015,3,March,Q1,Tuesday
2015-04-01,5.1615570743343975,5.163436601964319,5.075092529302943,5.123963832855225,9593000,5.0337395668029785,0.0902242660522461,1.7923904257436396,0.08834407266137578,1.7115779480704103,5.067305156162807,5.1392515182495115,4.949530620574951,3.898629379272461,1.8682890945603527,2015,4,April,Q2,Wednesday
2015-04-02,5.246141849292838,5.259299887658591,5.217947141151325,5.234864234924316,8307000,5.123963832855225,0.1109004020690918,2.1643478698657237,0.041352746507265614,0.7882506362812095,5.074824060712542,5.142258977890014,4.971861038208008,3.9096536087989806,1.8618574973698332,2015,4,April,Q2,Thursday
2015-04-06,5.494256177791804,5.560044108502116,5.471700059750172,5.516811847686768,12264000,5.234864234924316,0.28194761276245117,5.385958452970785,0.08834404875194402,1.60793464835217,5.146251065390451,5.155353911717733,4.998852996826172,3.921918408870697,2.095937713696219,2015,4,April,Q2,Monday
2015-04-07,5.505534363565992,5.505534363565992,5.435986923204221,5.445385456085205,7908500,5.516811847686768,-0.0714263916015625,-1.2947041438709173,0.06954744036177107,1.2632277953256559,5.2115020751953125,5.1675090312957765,5.022799882888794,3.933318567276001,2.1057770254242385,2015,4,April,Q2,Tuesday
2015-04-08,5.524330965362062,5.561924648631634,5.513053353342574,5.548766613006592,6851500,5.445385456085205,0.10338115692138672,1.8985094398755287,0.04887129528905998,0.8846554559364092,5.285077367510114,5.178661680221557,5.0459197235107425,3.945113455057144,2.081523657390437,2015,4,April,Q2,Wednesday
2015-04-09,5.590120229502305,5.640871060080026,5.548767485109043,5.620194911956787,8290500,5.548766613006592,0.07142829895019531,1.2872824526943383,0.09210357497098265,1.647613489328882,5.360532351902553,5.192508538564046,5.071633529663086,3.9574440479278565,2.0888245693032923,2015,4,April,Q2,Thursday
2015-04-10,5.742373630810771,5.768688812017956,5.719817505120716,5.744253158569336,10964500,5.620194911956787,0.12405824661254883,2.2073655550382876,0.048871306897240174,0.8510645603939915,5.462034293583462,5.207733821868897,5.098324747085571,3.9705265128612517,2.1052023435578415,2015,4,April,Q2,Friday
2015-04-13,5.725455145577556,5.761168853194769,5.697259995314832,5.708538055419922,6976000,5.744253158569336,-0.03571510314941406,-0.6217536407867708,0.0639088578799365,1.116223186715572,5.545544896806989,5.220578130086263,5.123888149261474,3.983176645040512,2.1104925210719285,2015,4,April,Q2,Monday
2015-04-14,5.879588376854435,5.89274596602679,5.798762866119418,5.851393222808838,13585500,5.708538055419922,0.14285516738891602,2.5024825270856033,0.09398309990737186,1.5984639380087453,5.633620466504778,5.239500093460083,5.153361282348633,3.9966350388526917,2.140589686930712,2015,4,April,Q2,Tuesday
2015-04-15,5.94537750009173,5.971692681664122,5.900265248085544,5.967933177947998,21928500,5.851393222808838,0.11653995513916016,1.9916616556358901,0.07142743357857739,1.201394420749151,5.698066370827811,5.264061021804809,5.185014877319336,4.010723123550415,2.144694006185216,2015,4,April,Q2,Wednesday
2015-04-16,5.808160105659169,5.860790902825887,5.795002518404167,5.841994285583496,12621500,5.967933177947998,-0.12593889236450195,-2.110259760110189,0.06578838442171975,1.13268889329719,5.754724775041852,5.28404811223348,5.21392409324646,4.024172114133835,2.1953575101389706,2015,4,April,Q2,Thursday
2015-04-17,5.595759248462119,5.670945730363569,5.582601658944044,5.640871047973633,17676500,5.841994285583496,-0.20112323760986328,-3.4427154115193592,0.0883440714195256,1.5787682689137348,5.767882551465716,5.296265920003255,5.229224576950073,4.03627714753151,2.303067827339769,2015,4,April,Q2,Friday
2015-04-20,5.725455458666891,5.734853991983983,5.68598269428727,5.706658840179443,5213500,5.640871047973633,0.06578779220581055,1.1662700963434247,0.04887129769671272,0.8535792139074969,5.78023454121181,5.314122724533081,5.242532587051391,4.048908487558365,2.2701284782137234,2015,4,April,Q2,Monday
2015-04-21,5.81191995542166,5.817558985745779,5.774326718692021,5.804401397705078,9337500,5.706658840179443,0.09774255752563477,1.7127808103307052,0.04323226705375838,0.7438551698123282,5.78882714680263,5.336741352081299,5.258735284805298,4.0621037256717685,2.2710412442038757,2015,4,April,Q2,Tuesday
2015-04-22,6.03372099136099,6.127704093626611,6.011164867558529,6.08071231842041,18871500,5.804401397705078,0.27631092071533203,4.760368930111869,0.11653922606808198,1.931465280461948,5.841994898659842,5.372956212361654,5.283772420883179,4.076595934629441,2.3297574303830357,2015,4,April,Q2,Wednesday
2015-04-23,5.682224174013479,5.825078588852638,5.670946111341238,5.774327754974365,20733000,6.08071231842041,-0.3063845634460449,-5.0386294796073265,0.1541324775113999,2.7125377808269886,5.8309855461120605,5.397266562779745,5.301290903091431,4.089706592559814,2.551704215945164,2015,4,April,Q2,Thursday
2015-04-24,5.911543383601612,5.926580950503742,5.860792547618938,5.890867233276367,16455500,5.774327754974365,0.11653947830200195,2.0182345590204376,0.06578840288480414,1.1128803193307957,5.8199761254446845,5.423644495010376,5.320989818572998,4.103381150960923,2.5649918151319926,2015,4,April,Q2,Friday
2015-04-27,5.888986554027147,5.9002646158201495,5.851393313481656,5.862671375274658,7363000,5.890867233276367,-0.028195858001708984,-0.4786367929400237,0.048871302338493905,0.8298762765059052,5.822929995400565,5.4526539961496985,5.336327896118164,4.117046308517456,2.5247497411710738,2015,4,April,Q2,Monday
2015-04-28,5.8044017445651885,5.843874511046108,5.789364180086677,5.828837394714356,4785500,5.862671375274658,-0.033833980560301846,-0.5771085976777446,0.05451033095943103,0.9391205736313903,5.84978233064924,5.485172192255656,5.350275011062622,4.130532896518707,2.4548041377426064,2015,4,April,Q2,Tuesday
2015-04-29,5.778085497665307,5.811919677994978,5.721695645262567,5.770566940307617,5446000,5.828837394714356,-0.05827045440673917,-0.9996925709332638,0.09022403273241064,1.561486633745149,5.858912059238979,5.509921073913574,5.365688266754151,4.143718733787536,2.4067358181737117,2015,4,April,Q2,Wednesday
2015-04-30,5.69538186431444,5.708539454947239,5.597639250302994,5.682224273681641,6355500,5.770566940307617,-0.08834266662597656,-1.5309183229276768,0.11090020464424466,1.9471952414483775,5.841458184378488,5.523204072316488,5.3739963817596434,4.156594433784485,2.2702916334656034,2015,4,April,Q2,Thursday
2015-05-01,5.697260782292345,5.845754215178816,5.695381254730776,5.8100409507751465,6832000,5.682224273681641,0.12781667709350586,2.2494127464400604,0.15037296044804016,2.639390510531207,5.80279084614345,5.542376629511515,5.387304391860962,4.169893057346344,2.2867127361505926,2015,5,May,Q2,Friday
2015-05-04,5.81003986322894,5.868309240051432,5.808159887872501,5.855151653289795,6115000,5.8100409507751465,0.04511070251464844,0.7764265845429108,0.06014935217893136,1.035265739906701,5.814337117331369,5.562676954269409,5.401928148269653,4.183473621606827,2.287670552543099,2015,5,May,Q2,Monday
2015-05-05,5.810040905140283,5.838235610929449,5.699140713236885,5.701020240783691,8268000,5.855151653289795,-0.15413141250610352,-2.632406838164525,0.1390948976925639,2.394043346054643,5.787216118403843,5.57865408261617,5.414333915710449,4.196198945045471,2.3490612815782397,2015,5,May,Q2,Tuesday
2015-05-06,5.68974149097187,5.704779053967665,5.5957584027983325,5.631472110748291,9887500,5.701020240783691,-0.06954813003540039,-1.219924278427753,0.1090206511693328,1.916091466410557,5.754187652042934,5.5936287562052405,5.422679615020752,4.208651715517044,2.3578985852500867,2015,5,May,Q2,Wednesday
2015-05-07,5.659667926412909,5.70290020029142,5.65026983982026,5.69538164138794,4993000,5.631472110748291,0.06390953063964933,1.1348636623392139,0.05263036047116021,0.9299195846021531,5.735122544424875,5.616247383753459,5.432491464614868,4.221442829370499,2.2672574185433656,2015,5,May,Q2,Thursday
2015-05-08,5.734854063671884,5.778085883401368,5.727335057665527,5.759289264678955,4792500,5.69538164138794,0.06390762329101474,1.1220955383674847,0.05075082573584133,0.8849540925082728,5.733511447906494,5.641936079661051,5.441927356719971,4.234365516901017,2.262216463520719,2015,5,May,Q2,Friday
2015-05-11,5.851393950932532,5.864551541742164,5.7931245561831854,5.796884059906006,4451500,5.759289264678955,0.03759479522705078,0.6527679631862737,0.0714269855589782,1.2206832450171115,5.749891417367118,5.667374229431152,5.451400861740113,4.247062647342682,2.261150390026817,2015,5,May,Q2,Monday
2015-05-12,5.962292375041574,5.969811380239914,5.915301057358752,5.9228196144104,14985000,5.796884059906006,0.12593555450439453,2.17246978209249,0.05451032288116231,0.9142510875405069,5.766002655029297,5.695067882537842,5.464182567596436,4.26006051659584,2.2789068864837256,2015,5,May,Q2,Tuesday
2015-05-13,6.095750041064645,6.09950909636426,5.986729370733517,6.0149245262146,18655500,5.9228196144104,0.09210491180419922,1.5550855470949143,0.11277972563074279,1.8501369785668804,5.7888273511614114,5.727774047851563,5.479858951568604,4.2734907174110415,2.263752659515968,2015,5,May,Q2,Wednesday
2015-05-14,6.01492401084827,6.054396776992916,5.999886446497866,6.050637722015381,11105000,6.0149245262146,0.03571319580078125,0.5937430410827949,0.05451033049504961,0.9062513574026373,5.838772705623081,5.758663177490234,5.496024074554444,4.287325043678283,2.252901017801159,2015,5,May,Q2,Thursday
2015-05-15,6.123943249492688,6.15965695497845,6.09762807624915,6.154017925262451,7993500,6.050637722015381,0.10338020324707031,1.708583590634083,0.06202887872929974,1.0128911422299391,5.913422107696533,5.789301633834839,5.513617696762085,4.301619879007339,2.243366535645715,2015,5,May,Q2,Friday
2015-05-18,6.123944891803662,6.137102930100818,6.09011115258087,6.099509239196777,3234500,6.154017925262451,-0.05450868606567383,-0.8857414249951012,0.04699177751994821,0.7673448789985421,5.971154621669224,5.808724880218506,5.532188787460327,4.314796323776245,2.0636410477691856,2015,5,May,Q2,Monday
2015-05-19,6.193492224086175,6.193492224086175,6.122064800534693,6.129583358764648,7970000,6.099509239196777,0.030074119567871094,0.4930580213668323,0.07142742355148268,1.153265733889276,6.024053777967181,5.8315314769744875,5.5522636032104495,4.328508470058441,2.0400092109058425,2015,5,May,Q2,Tuesday
2015-05-20,6.088231560551968,6.093870591720646,6.037480280033869,6.046878814697266,4702500,6.129583358764648,-0.08270454406738281,-1.3492686081040706,0.05639031168677633,0.9262182478759712,6.059767314365932,5.848135217030843,5.573315849304199,4.341543937921524,2.0447672933669967,2015,5,May,Q2,Wednesday
2015-05-21,5.9848498847121,5.988609388184658,5.95289567370914,5.97921085357666,4910000,6.046878814697266,-0.06766796112060547,-1.1190560154130225,0.03571371447551819,0.5967353427985971,6.067823205675397,5.860102415084839,5.5919997215271,4.354513621330261,2.052181839137601,2015,5,May,Q2,Thursday
2015-05-22,5.956654117484273,5.990488300823262,5.951015086927775,5.962293148040772,5277000,5.97921085357666,-0.016917705535887784,-0.2829421131012255,0.03947321389548719,0.662674265064735,6.0603044373648505,5.8673704147338865,5.6092549991607665,4.367643070220947,2.019421133181068,2015,5,May,Q2,Friday
2015-05-26,5.990488672117652,5.992368199704062,5.911542687580304,5.945376873016357,6204500,5.962293148040772,-0.01691627502441495,-0.28372095441120404,0.08082551212375844,1.3492306979888908,6.0452671732221335,5.8752650419871015,5.628314809799194,4.381073269844055,2.015940947335018,2015,5,May,Q2,Tuesday
2015-05-27,5.883347897314061,5.892745983258895,5.832596619883576,5.872069835662842,5056500,5.945376873016357,-0.07330703735351562,-1.2330090912525016,0.060149363375319176,1.022366251752328,6.004988874707903,5.875954262415568,5.648690376281738,4.394061751365662,1.981027217734542,2015,5,May,Q2,Wednesday
2015-05-28,5.830716053194846,5.877707818984631,5.817558466328912,5.860790729522705,8637500,5.872069835662842,-0.011279106140136719,-0.19208058582060872,0.06014935265571886,1.0315946121705069,5.97088623046875,5.872382847468058,5.665344181060791,4.407040827274322,1.946307783835184,2015,5,May,Q2,Thursday
2015-05-29,5.8081597098903215,5.845752941813495,5.785604039624423,5.811919212341309,3674500,5.860790729522705,-0.048871517181396484,-0.8338724147786913,0.06014890218907176,1.035593117156339,5.925505638122559,5.871380345026652,5.675907878875733,4.419784941673279,1.9132060061187994,2015,5,May,Q2,Friday
2015-06-01,5.80064192178474,5.830716600937843,5.755530127128451,5.789363861083984,6835500,5.811919212341309,-0.02255535125732422,-0.3880878318031189,0.07518647380939214,1.2961750582642202,5.888717787606375,5.876330105463664,5.686997871398926,4.431871174573899,1.8016688611214828,2015,6,June,Q2,Monday
2015-06-02,5.732973786438583,5.76680796724668,5.717936671510573,5.740492343902588,8561500,5.789363861083984,-0.048871517181396484,-0.8441604009364445,0.04887129573610682,0.8524597801530585,5.854615143367222,5.877457888921102,5.696884880065918,4.443590874671936,1.798117922791292,2015,6,June,Q2,Tuesday
2015-06-03,5.6916219798011385,5.7442523346666965,5.689742004165401,5.7198166847229,6608500,5.740492343902588,-0.0206756591796875,-0.3601722281129538,0.05451033050129528,0.9577292851623963,5.819975648607526,5.874638398488362,5.7068470859527585,4.454887652397156,1.7710610334742631,2015,6,June,Q2,Wednesday
2015-06-04,5.6859825292954325,5.70101964439036,5.60891608203044,5.642750263214111,6109500,5.7198166847229,-0.07706642150878906,-1.347358241648311,0.09210356235992023,1.6198354793631957,5.776743275778634,5.8600396633148195,5.716057453155518,4.46569571852684,1.5364720539412955,2015,6,June,Q2,Thursday
2015-06-05,5.603276624472336,5.66718547911827,5.595758067498311,5.648388862609863,6949500,5.642750263214111,0.005638599395751953,0.09992643893015352,0.07142741161995936,1.2747436260419451,5.74478885105678,5.855841700236002,5.728688774108886,4.476212432384491,1.2407283926221302,2015,6,June,Q2,Friday
2015-06-08,5.539368979763898,5.567563684330586,5.482979122483774,5.501775741577148,6434500,5.648388862609863,-0.14661312103271484,-2.5956626676898353,0.08458456184681218,1.526971071178172,5.693500995635986,5.842871983846028,5.738951721191406,4.48591149687767,1.259281418632081,2015,6,June,Q2,Monday
2015-06-09,5.454783148954127,5.492376381483982,5.413430862059296,5.477339267730713,7750500,5.501775741577148,-0.024436473846435547,-0.44415612329975485,0.07894551942468642,1.4472714545916099,5.645703860691616,5.8300275802612305,5.747823715209961,4.495601160526276,1.2590527883353602,2015,6,June,Q2,Tuesday
2015-06-10,5.5957606239948925,5.669067596312937,5.5882420635859145,5.635233402252197,4320500,5.477339267730713,0.15789413452148438,2.8826794690572477,0.08082553272702242,1.4444065455630575,5.623685223715646,5.823574113845825,5.75868818283081,4.506052097082138,1.3779329301448673,2015,6,June,Q2,Wednesday
2015-06-11,5.73861279915407,5.768687477065516,5.7141771513601896,5.734853744506836,3730000,5.635233402252197,0.09962034225463867,1.7678121764188814,0.054510325705326323,0.9498868038868504,5.622879709516253,5.822383673985799,5.772710466384888,4.516897753477097,1.4081646756159707,2015,6,June,Q2,Thursday
2015-06-12,5.708538787705661,5.738613469128279,5.702899756929747,5.721696376800537,3106500,5.734853744506836,-0.013157367706298828,-0.2294281300356027,0.03571371219853248,0.625619156261988,5.623148236955915,5.823699410756429,5.784665117263794,4.527771608829498,1.3794840986449064,2015,6,June,Q2,Friday
2015-06-15,5.761169955532306,5.80816128409918,5.723576713420089,5.766808986663818,5052000,5.721696376800537,0.04511260986328125,0.7884481610418437,0.08458457067909109,1.4681839163218342,5.640870911734445,5.822258345286051,5.795304012298584,4.538908621072769,1.3231523150935292,2015,6,June,Q2,Monday
2015-06-16,5.714177818481574,5.751771058223156,5.699140701843649,5.721696376800537,3741000,5.766808986663818,-0.04511260986328125,-0.7822802865086631,0.05263035637950697,0.9210486276657804,5.651343413761684,5.817809836069743,5.79940170288086,4.5497542822360995,1.321547282983625,2015,6,June,Q2,Tuesday
2015-06-17,5.614555778628105,5.642750932961024,5.597638686028354,5.6295928955078125,5333000,5.721696376800537,-0.09210348129272461,-1.6097233272665767,0.04511224693267035,0.8034873765862445,5.66960300718035,5.815428924560547,5.803085851669311,4.5599420595169065,1.2651127691392203,2015,6,June,Q2,Wednesday
2015-06-18,5.63147323139351,5.68410359198528,5.63147323139351,5.674705505371094,2819500,5.6295928955078125,0.04511260986328125,0.8013476409507225,0.05263036059176951,0.934575348744863,5.6977981839861185,5.81687003771464,5.805604629516601,4.5700828492641445,1.2535636322171995,2015,6,June,Q2,Thursday
2015-06-19,5.6145547507980105,5.633351367530024,5.571322487499711,5.576961517333984,3605000,5.674705505371094,-0.09774398803710938,-1.722450406361964,0.06202888003031326,1.1047871609319855,5.689473628997803,5.812922700246175,5.804739961624145,4.579443570375442,1.2753228709273117,2015,6,June,Q2,Friday
2015-06-22,5.699139844174994,5.746131162706821,5.691621286987505,5.732973575592041,3937000,5.576961517333984,0.15601205825805664,2.7974383142711057,0.054509875719315204,0.9564579429478106,5.689205033438546,5.812045510609945,5.8045143699646,4.589668937921524,1.3626587352430535,2015,6,June,Q2,Monday
2015-06-23,5.798762713904091,5.836355952880232,5.796883186399312,5.828837394714356,3564000,5.732973575592041,0.09586381912231534,1.6721482814861188,0.039472766480919574,0.6807101519479839,5.704510893140521,5.813110621770223,5.806920356750489,4.6007025647163395,1.3920533247174274,2015,6,June,Q2,Tuesday
2015-06-24,5.751770386712819,5.772446979859465,5.725455211595321,5.734853744506836,3672500,5.828837394714356,-0.09398365020752042,-1.6123910111602302,0.046991768264144085,0.81699659591245,5.699945858546665,5.806845092773438,5.804589567184448,4.611322662830353,1.3621554393175577,2015,6,June,Q2,Wednesday
2015-06-25,5.902143418707089,5.958533268319829,5.849512623513852,5.855151653289795,5611000,5.734853744506836,0.12029790878295898,2.097663064174693,0.10902064480597673,1.8471364904558447,5.7190108980451315,5.801519330342611,5.8023339366912845,4.6225536501407625,1.3882206466323492,2015,6,June,Q2,Thursday
2015-06-26,5.905902353765962,5.907781880937727,5.8363549187971655,5.858911037445068,4683500,5.855151653289795,0.0037593841552734375,0.06420643525366643,0.07142696214056166,1.2094165778920387,5.751770632607596,5.795128440856933,5.8026722717285155,4.633521482944489,1.3827086157791162,2015,6,June,Q2,Friday
2015-06-29,5.796882877807235,5.806280962977592,5.697260306862352,5.706658840179443,6254500,5.858911037445068,-0.152252197265625,-2.5986432682210236,0.10902065611523959,1.8806772262488496,5.756335394723075,5.780216471354167,5.803988027572632,4.64344610452652,1.4119566995192587,2015,6,June,Q2,Monday
2015-06-30,5.392755562068623,5.462303014091297,5.3232081100459485,5.336365699768066,14208000,5.706658840179443,-0.37029314041137695,-6.4887905652291185,0.13909490404534885,2.5792918378075536,5.72196456364223,5.75477835337321,5.796582164764405,4.65150046467781,1.8135550717591111,2015,6,June,Q2,Tuesday
2015-07-01,5.351402997621924,5.449145608165061,5.319448786055161,5.358922004699707,5534500,5.336365699768066,0.022556304931640625,0.4226903889405609,0.1296968221099002,2.423604093497263,5.668528624943325,5.729089641571045,5.7876725769042965,4.659620615243912,1.8123672878265142,2015,7,July,Q3,Wednesday
2015-07-02,5.3683199102570365,5.38523700339124,5.3213285824133,5.336365699768066,3807000,5.358922004699707,-0.022556304931640625,-0.4209112375932911,0.06390842097794014,1.190473407812989,5.598175525665283,5.705405871073405,5.77278564453125,4.667270847558975,1.804050011665596,2015,7,July,Q3,Thursday
2015-07-06,5.281855493087852,5.332606325573447,5.244262250643204,5.270577430725098,3475000,5.336365699768066,-0.06578826904296875,-1.2328290965109123,0.08834407493024266,1.6725954552496738,5.531850337982178,5.681784756978353,5.762710638046265,4.675879710912705,1.8057329165018436,2015,7,July,Q3,Monday
2015-07-07,5.283734861141332,5.30253148020154,5.206668409291757,5.295012474060059,5891500,5.270577430725098,0.024435043334960938,0.4636122636680229,0.09586307090978341,1.814305097229579,5.451830455235073,5.6595420678456625,5.750793542861938,4.685400204658508,1.8125844159733389,2015,7,July,Q3,Tuesday
2015-07-08,5.167196417511507,5.201030157627879,5.031860560752388,5.039379119873047,7655500,5.295012474060059,-0.2556333541870117,-4.827814012513542,0.16916959687549138,3.273914579716374,5.334754467010498,5.629342142740885,5.734327697753907,4.693971472978592,1.9859461277610058,2015,7,July,Q3,Wednesday
2015-07-09,5.232983388781283,5.281854686122092,5.127722236388787,5.142759799957275,12866500,5.039379119873047,0.10338068008422852,2.0514566899033637,0.15413244973330453,2.945403000203306,5.254197461264474,5.605031808217366,5.720606145858764,4.703369790315628,2.0357737287073863,2015,7,July,Q3,Thursday
2015-07-10,5.315688765473967,5.400273322346058,5.308169759761437,5.338244438171387,22552000,5.142759799957275,0.19548463821411133,3.8011621350803715,0.09210356258462049,1.732674102043824,5.254465852464948,5.587613598505656,5.71195969581604,4.713736134767532,2.1768950327750574,2015,7,July,Q3,Friday
2015-07-13,5.404032284219551,5.481098275810972,5.353281465547477,5.388995170593262,31160500,5.338244438171387,0.050750732421875,0.9507007970444237,0.12781681026349467,2.3652118185292066,5.25876201902117,5.573516130447388,5.706095113754272,4.724375026226044,2.185817315405954,2015,7,July,Q3,Monday
2015-07-14,5.332605104422918,5.342003636955245,5.313808487504963,5.31944751739502,7776000,5.388995170593262,-0.0695476531982413,-1.2905495550960988,0.028195149450281676,0.5287312467014729,5.256345135825021,5.557852252324422,5.69628324508667,4.734741368293762,2.194288382889421,2015,7,July,Q3,Tuesday
2015-07-15,5.281854380772655,5.295011968042722,5.240502091680075,5.248020648956299,6300000,5.31944751739502,-0.07142686843872159,-1.342749753713146,0.054509876362646814,1.0320215672941904,5.253122738429478,5.5414365291595455,5.684140625,4.744609603881836,2.2007581371537666,2015,7,July,Q3,Wednesday
2015-07-16,5.296893477347678,5.315690100054719,5.257420255960104,5.259300231933594,7064500,5.248020648956299,0.011279582977294922,0.21493023240177767,0.058269844094614776,1.1000758150755248,5.248020989554269,5.526085980733236,5.675306224822998,4.754195895195007,2.2024931106553964,2015,7,July,Q3,Thursday
2015-07-17,5.349522424313932,5.349522424313932,5.281854510867812,5.285614013671875,5321500,5.259300231933594,0.02631378173828125,0.5003285718223172,0.06766791344611978,1.2649337282626323,5.283197402954102,5.514181439081828,5.66838906288147,4.76366939663887,2.196738817532307,2015,7,July,Q3,Friday
2015-07-20,5.296891908778126,5.304410466005104,5.257418699079762,5.283734321594238,6961500,5.285614013671875,-0.0018796920776367188,-0.035562416642132,0.04699176692534213,0.8871573695409252,5.3033366203308105,5.50202628771464,5.660156116485596,4.773387256860733,2.1962527870551782,2015,7,July,Q3,Monday
2015-07-21,5.36080048615759,5.398393721622422,5.340124341095947,5.34764289855957,17691000,5.283734321594238,0.06390857696533203,1.209534262616918,0.05826938052647446,1.0869529779542242,5.304679257529123,5.496888526280721,5.651923189163208,4.783716002702713,2.162664157698949,2015,7,July,Q3,Tuesday
2015-07-22,5.347643118993657,5.366439737500885,5.323207470119589,5.334485530853272,4984500,5.34764289855957,-0.01315736770629794,-0.2460405071146754,0.043232267381296374,0.8084359112848206,5.296892166137695,5.492126735051473,5.642675218582153,4.793837990760803,2.161790039165406,2015,7,July,Q3,Wednesday
2015-07-23,5.526212093673394,5.545008715156087,5.479220315893258,5.488618850708008,7584500,5.334485530853272,0.15413331985473544,2.889375535152716,0.06578839926282942,1.1904790867173982,5.321059499468122,5.487239583333333,5.633991203308105,4.80458967089653,2.1621052150954876,2015,7,July,Q3,Thursday
2015-07-24,5.554406095779898,5.582601248493335,5.475460564475773,5.501775741577148,11163500,5.488618850708008,0.013156890869140625,0.23971223411594078,0.10714068401756194,1.9289314135486926,5.357310226985386,5.47947031656901,5.623728227615357,4.815773671865463,2.1352731942609027,2015,7,July,Q3,Friday
2015-07-27,5.452906269395919,5.464184334260206,5.375839791587897,5.428470611572266,14113000,5.501775741577148,-0.07330513000488281,-1.332390367184777,0.08834454267230907,1.6201368281009532,5.381477424076626,5.469696124394734,5.611284885406494,4.826196415424347,2.1467608571003947,2015,7,July,Q3,Monday
2015-07-28,5.454784397673338,5.49801666979415,5.400274063582438,5.4961371421813965,4974000,5.428470611572266,0.06766653060913086,1.246511871407785,0.09774260621171127,1.7918692854918705,5.411552156720843,5.460673729578654,5.598127269744873,4.837530788183212,2.1552969455527555,2015,7,July,Q3,Tuesday
2015-07-29,5.513054655912119,5.565685018260414,5.513054655912119,5.55252742767334,4926000,5.4961371421813965,0.05639028549194336,1.025998515560378,0.0526303623482951,0.9546497474291331,5.449951171875,5.455034764607747,5.587187633514405,4.849203503131866,2.1619138111609475,2015,7,July,Q3,Wednesday
2015-07-30,5.62583328241707,5.637111343031732,5.443505681489077,5.473580360412598,10592000,5.55252742767334,-0.07894706726074219,-1.4218221933902875,0.19360566154265513,3.4413686261864274,5.467942237854004,5.44983434677124,5.574067573547364,4.860613055229187,2.1575882363144427,2015,7,July,Q3,Thursday
2015-07-31,5.360800181296448,5.375837295368555,5.319447445378118,5.328845977783203,5534000,5.473580360412598,-0.14473438262939453,-2.64423600457534,0.05638984999043739,1.0518924056744108,5.467136587415423,5.438305695851644,5.559706916809082,4.871233150959015,2.2008351877989356,2015,7,July,Q3,Friday
2015-08-03,5.24614171363804,5.259299751663552,5.18223329189947,5.217947006225586,7237500,5.328845977783203,-0.11089897155761719,-2.081106716538106,0.07706645976408222,1.4690121611419256,5.428469181060791,5.4263385454813635,5.54448163986206,4.881308153867722,2.2104243469573936,2015,8,August,Q3,Monday
2015-08-04,5.169074976018717,5.176593533729595,5.110805593575993,5.142759799957275,6808000,5.217947006225586,-0.07518720626831055,-1.440934646875558,0.06578794015360234,1.2727217240766935,5.377181189400809,5.406664752960205,5.52809097290039,4.89114819407463,2.1469306664729073,2015,8,August,Q3,Tuesday
2015-08-05,5.095767498016357,5.1258421738668485,5.075091354433319,5.095767498016357,6710500,5.142759799957275,-0.04699230194091797,-0.9137564997943048,0.05075081943352977,0.995940640017145,5.329652173178537,5.3822290897369385,5.5110987854003906,4.900424329042434,2.1150798480284374,2015,8,August,Q3,Wednesday
2015-08-06,5.0356186075624905,5.048776643571498,4.971710195618062,4.992386341094971,5756500,5.095767498016357,-0.10338115692138672,-2.0287651852567867,0.07706644795343554,1.530426625989847,5.257687773023333,5.357480176289877,5.493505115509033,4.908911006450653,2.124484790824427,2015,8,August,Q3,Thursday
2015-08-07,5.013063346117831,5.045017554712382,4.990507223276143,5.043138027191162,3121000,4.992386341094971,0.050751686096191406,1.0165817031912772,0.05451033143623896,1.0873657018208702,5.184917858668736,5.330413055419922,5.4771520614624025,4.917745426893235,2.088843968059486,2015,8,August,Q3,Friday
2015-08-10,5.050656389438064,5.107046246207382,5.050656389438064,5.103286743164063,3368500,5.043138027191162,0.06014871597290128,1.192684309820513,0.05638985676931796,1.11648570841684,5.132018770490374,5.3052255789438885,5.462979412078857,4.926692624092102,2.1089529249517405,2015,8,August,Q3,Monday
2015-08-11,5.150278641646506,5.189751407915135,5.118324433503318,5.140880107879639,5299000,5.103286743164063,0.037593364715575284,0.7366500572583368,0.07142697441181678,1.3868565058643527,5.105166503361294,5.286366287867228,5.450009737014771,4.935602229833603,2.078787128440552,2015,8,August,Q3,Tuesday
2015-08-12,5.048777040276181,5.048777040276181,4.93411734709356,5.022461414337158,5411000,5.140880107879639,-0.11841869354248047,-2.303471216163455,0.11465969318262115,2.271038951966652,5.077239990234375,5.275902811686198,5.435649118423462,4.944060717821121,1.7681823520467008,2015,8,August,Q3,Wednesday
2015-08-13,5.073212771699578,5.093889369105071,5.056296126009203,5.069453716278076,3714000,5.022461414337158,0.04699230194091797,0.9356428663995997,0.03759324309586809,0.7410145165915044,5.066767692565918,5.2662538687388105,5.422641859054566,4.9529797244071965,1.7767378340553146,2015,8,August,Q3,Thursday
2015-08-14,5.088250057585356,5.107046678098048,5.060054902742929,5.097648143768311,1906000,5.069453716278076,0.028194427490235263,0.5561630319200317,0.046991775355119,0.9235351019171232,5.067036356244769,5.258296616872152,5.41173981666565,4.9618141460418705,1.780922644488715,2015,8,August,Q3,Friday
2015-08-17,5.014942873639051,5.060054671175666,4.998025781507785,5.043138027191162,2512500,5.097648143768311,-0.054510116577149326,-1.069318929824259,0.06202888966788134,1.2368812812192733,5.074286597115653,5.25071530342102,5.399634799957275,4.969774522781372,1.7777007157896016,2015,8,August,Q3,Monday
2015-08-18,5.0544153735084505,5.08073099814944,5.041257785261324,5.050656318664551,2241000,5.043138027191162,0.007518291473388672,0.1490796292477503,0.039473212888116116,0.7809649577873207,5.0753606387547086,5.2425700982411705,5.390612411499023,4.977434153556824,1.7749948226014918,2015,8,August,Q3,Tuesday
2015-08-19,5.028101294577099,5.029981270556159,4.967951922477568,5.005545616149902,5114000,5.050656318664551,-0.04511070251464844,-0.893165158515008,0.06202934807859073,1.2336535094368632,5.061397620609829,5.241442314783732,5.3811765384674075,4.983834413290023,1.5476285026219028,2015,8,August,Q3,Wednesday
2015-08-20,4.870208165365218,4.883365752195231,4.78186366384748,4.796901226043701,7126000,5.005545616149902,-0.20864439010620117,-4.168264682935474,0.10150208834775132,2.0841427081000274,5.012257780347552,5.22991369565328,5.364409894943237,4.988871909379959,1.67332196713835,2015,8,August,Q3,Thursday
2015-08-21,4.714196347551059,4.755549088611006,4.605176136606468,4.6070556640625,7656500,4.796901226043701,-0.18984556198120117,-3.9576708594806442,0.15037295200453826,3.189789752449626,4.952914101736886,5.205540736516316,5.341853933334351,4.993101154565811,1.6296958549590557,2015,8,August,Q3,Friday
2015-08-24,4.221725770234774,4.492397507741062,4.0431576225229,4.370219230651856,11455000,4.6070556640625,-0.23683643341064364,-5.140733055562896,0.44923988521816227,10.641143211752944,4.85302346093314,5.171581538518271,5.314824390411377,4.995986446142196,1.8146742230644675,2015,8,August,Q3,Monday
2015-08-25,4.66532540675741,4.667204934177221,4.469840214401478,4.471719741821289,8259000,4.370219230651856,0.1015005111694327,2.3225496436775517,0.19736471977574244,4.230459883674414,4.763605117797852,5.143323945999146,5.288922605514526,4.999830355644226,1.8910403821432962,2015,8,August,Q3,Tuesday
2015-08-26,4.676603232842633,4.710437416823698,4.541267393211892,4.706677913665772,12455000,4.471719741821289,0.2349581718444833,5.254313450081893,0.1691700236118061,3.617369599023639,4.715539387294224,5.125279188156129,5.268622236251831,5.0049242448806766,2.1611051204460585,2015,8,August,Q3,Wednesday
2015-08-27,4.798782333384884,4.877728328506634,4.796902805546482,4.860811233520508,9333500,4.706677913665772,0.15413331985473544,3.274779423661256,0.08082552296015155,1.6842923338667084,4.688418660845075,5.111996221542359,5.253246603012085,5.009961748123169,2.2582023958193678,2015,8,August,Q3,Thursday
2015-08-28,4.892764653189955,4.898403683936527,4.830735763124433,4.862689971923828,6608000,4.860811233520508,0.0018787384033203125,0.038650717196420104,0.06766792081209427,1.3830201452255946,4.668010711669922,5.097898753484091,5.23700629234314,5.0148112797737125,2.2545704941013622,2015,8,August,Q3,Friday
2015-08-31,4.853291300597881,4.892764062915028,4.8326151557860495,4.845772743225098,6377500,4.862689971923828,-0.01691722869873047,-0.34789856635745187,0.06014890712897891,1.239342611097115,4.67499235698155,5.08330003420512,5.222382516860962,5.019651410579681,2.254253073807134,2015,8,August,Q3,Monday
2015-09-01,4.723594609294121,4.749909784751196,4.654047167808971,4.676602840423584,7050500,4.845772743225098,-0.16916990280151367,-3.4910820578210378,0.09586261694222475,2.029442085347586,4.6849276678902765,5.060932032267254,5.201255102157592,5.02385245680809,2.3109941501175615,2015,9,September,Q3,Tuesday
2015-09-02,4.746151422760942,4.787503719329834,4.684122529760818,4.787503719329834,4382000,4.676602840423584,0.11090087890625,2.3713982711477177,0.10338118956901621,2.1782109410423542,4.744539737701416,5.042699305216472,5.180428428649902,5.028391848802567,2.366532045550811,2015,9,September,Q3,Wednesday
2015-09-03,4.825096760518182,4.834495294532869,4.736752691884607,4.759308815002441,8570500,4.787503719329834,-0.028194904327392578,-0.5889270480052833,0.09774260264826218,2.025712799130795,4.785623891013009,5.018388970692953,5.160917530059814,5.033147398233414,2.2870966509524004,2015,9,September,Q3,Thursday
2015-09-04,4.623973159916124,4.661566401204321,4.597657980643743,4.616454601287842,5204500,4.759308815002441,-0.1428542137145996,-3.0015747930516756,0.063908420560578,1.382110543257073,4.772734846387591,4.988878266016643,5.136143589019776,5.036248846054077,2.3296158259281508,2015,9,September,Q3,Friday
2015-09-08,4.618334283240136,4.693520768329055,4.618334283240136,4.680363178253174,8092500,4.616454601287842,0.06390857696533203,1.3843648965486066,0.07518648508891879,1.6280000640440728,4.746956552777972,4.963941351572673,5.112572631835938,5.0400927603244785,2.351131518965709,2015,9,September,Q3,Tuesday
2015-09-09,4.811939438018585,4.832616034737768,4.699159712474429,4.710437774658203,8931000,4.680363178253174,0.030074596405029297,0.6425697164862632,0.13345632226333937,2.773441436293154,4.725206238882882,4.937751372655233,5.092648210525513,5.044397192001343,2.338512189582598,2015,9,September,Q3,Wednesday
2015-09-10,4.840134387425477,4.904042806217119,4.802541147177831,4.873968124389648,7800000,4.710437774658203,0.1635303497314453,3.4716592714848282,0.10150165903928787,2.0970834880739284,4.729234150477818,4.915132729212444,5.083400259017945,5.048805001974106,2.433742211204778,2015,9,September,Q3,Thursday
2015-09-11,4.889006332354915,4.922840073768735,4.862690702203242,4.917201042175293,7043000,4.873968124389648,0.04323291778564453,0.8870168347901997,0.06014937156549305,1.2302984998696158,4.763605322156634,4.896586751937867,5.074565839767456,5.053062444925308,2.436977715817597,2015,9,September,Q3,Friday
2015-09-14,4.879608154296875,4.881487682250041,4.845774410405552,4.879608154296875,3549000,4.917201042175293,-0.03759288787841797,-0.7645180165704035,0.03571327184448947,0.7318881089466406,4.7767630985804965,4.881612157821656,5.065430688858033,5.056849976778031,2.3992410523236845,2015,9,September,Q3,Monday
2015-09-15,4.806299624129741,4.870208483380095,4.772465891235675,4.857050895690918,5414000,4.879608154296875,-0.02255725860595703,-0.46227602489133934,0.09774259214441994,2.0336350162963015,4.790726252964565,4.869582287470501,5.057160158157349,5.0607502710819245,2.3750749979377312,2015,9,September,Q3,Tuesday
2015-09-16,4.87772699628927,4.949153964255421,4.862689433248644,4.913440704345703,5635000,4.857050895690918,0.056389808654785156,1.1609886300514738,0.08646453100677753,1.7726398191730577,4.833152839115688,4.861938317616781,5.049528722763062,5.06465057015419,2.3761301081424246,2015,9,September,Q3,Wednesday
2015-09-17,4.990507735389967,5.048777575994919,4.960433051230445,4.966072082519531,7424500,4.913440704345703,0.052631378173828125,1.0711715341813033,0.08834452476447385,1.770251233917193,4.873968396868024,4.857615137100221,5.048062582015992,5.0686636531352995,2.3810268986334915,2015,9,September,Q3,Thursday
2015-09-18,4.842013962009583,4.870209116542477,4.757428946557677,4.776225566864014,6238000,4.966072082519531,-0.18984651565551758,-3.8228707215864466,0.11278016998480034,2.3291996030922872,4.883366652897426,4.850409777959189,5.040731897354126,5.071906074285507,2.453646563286781,2015,9,September,Q3,Friday
2015-09-21,4.80629921703148,4.842012922389527,4.764946930124282,4.785623073577881,3675500,4.776225566864014,0.009397506713867188,0.19675592331869218,0.07706599226524524,1.6034372556780516,4.870745931352888,4.841825946172079,5.0296794700622565,5.0752048790454865,2.4451228945551673,2015,9,September,Q3,Monday
2015-09-22,4.710437564752868,4.727354657274674,4.654047704493621,4.702919006347656,6076000,4.785623073577881,-0.08270406723022461,-1.728177626166294,0.07330695278105281,1.5562663080303207,4.84013421194894,4.828480354944866,5.015957946777345,5.077930394411087,2.4481508740386815,2015,9,September,Q3,Tuesday
2015-09-23,4.7029192449706025,4.721715866010746,4.648408909510148,4.695400238037109,9127000,4.702919006347656,-0.007518768310546875,-0.15987450135540593,0.07330695650059837,1.5587543115692306,4.813818795340402,4.813631025950115,5.003477001190186,5.080580722093583,2.441243814718426,2015,9,September,Q3,Wednesday
2015-09-24,4.706678061476876,4.710437564752868,4.607055930204195,4.702919006347656,13525000,4.695400238037109,0.007518768310546875,0.16013050920851146,0.10338163454867288,2.19648833419963,4.79179995400565,4.802979612350465,4.992574968338014,5.084217877388,2.411836839877242,2015,9,September,Q3,Thursday
2015-09-25,4.852082794525589,4.8709404636027065,4.74647975777327,4.778537750244141,7520500,4.702919006347656,0.07561874389648438,1.6079108271781717,0.12446070582943669,2.565098558702682,4.772528103419712,4.793282413482667,4.982959718704224,5.08865604877472,2.4257452094250405,2015,9,September,Q3,Friday
2015-09-28,4.678591922665808,4.6823636362121,4.501329928433413,4.535273551940918,16978500,4.778537750244141,-0.24326419830322266,-5.090766485852161,0.18103370777868744,3.8694058120704082,4.710985456194196,4.774536593755086,4.967952909469605,5.091793313026428,2.5816772603723113,2015,9,September,Q3,Monday
2015-09-29,4.4032690985665255,4.461727725847626,4.38629706499374,4.452299118041992,8367500,4.535273551940918,-0.08297443389892578,-1.8295353730849562,0.07543066085388617,1.7130604368114237,4.664710249219622,4.754841963450114,4.95132420539856,5.0945626997947695,2.592623400290178,2015,9,September,Q3,Tuesday
2015-09-30,4.569217267053057,4.625790268201266,4.542816173502095,4.620132923126221,5370000,4.452299118041992,0.16783380508422852,3.7695985969163237,0.08297409469917127,1.8159367316031765,4.641068799155099,4.740491183598836,4.936774005889893,5.098556581735611,2.7002204525574465,2015,9,September,Q3,Wednesday
2015-10-01,4.676706545480479,4.688021237133499,4.625790882644197,4.661620140075684,7910000,4.620132923126221,0.04148721694946289,0.8979658732716889,0.062230354489301476,1.3306448434195695,4.635168961116245,4.729027001063029,4.923316698074341,5.103331199884415,2.705559857884282,2015,10,October,Q4,Thursday
2015-10-02,4.793623472734675,4.859625080305904,4.688020451018476,4.857739448547363,11063000,4.661620140075684,0.1961193084716797,4.207106168639796,0.1716046292874278,3.5798520735615997,4.658360276903425,4.731054941813151,4.910699110031128,5.109086414575577,2.71421828806998,2015,10,October,Q4,Friday
2015-10-05,4.980314950985092,5.006715596378296,4.955799937519325,4.995400905609131,9156500,4.857739448547363,0.13766145706176758,2.833858392774302,0.05091565885897076,1.0223381324287488,4.70014340536935,4.7439997831980385,4.900571613311768,5.11490024805069,2.648462306471489,2015,10,October,Q4,Monday
2015-10-06,4.976543248380509,4.993515284571268,4.918084612082036,4.96522855758667,4649500,4.995400905609131,-0.030172348022460938,-0.6040025333818866,0.07543067248923219,1.5157242432039388,4.726813520703997,4.7638334274292,4.891306772232056,5.119858341217041,2.4488430345377408,2015,10,October,Q4,Tuesday
2015-10-07,5.025573825435661,5.053860555516059,4.980315506909344,5.0463175773620605,2966500,4.96522855758667,0.08108901977539062,1.6331377062489771,0.07354504860671529,1.4634159433592593,4.799819810049875,4.782986688613891,4.882310380935669,5.125748183727264,2.433906158856234,2015,10,October,Q4,Wednesday
2015-10-08,4.953914345012864,4.9897435999306365,4.904884317691172,4.982200622558594,8386000,5.0463175773620605,-0.0641169548034668,-1.2705691590061186,0.08485928223946448,1.71297435380353,4.875520024980817,4.792170778910319,4.870903844833375,5.13112948179245,2.2744695438285776,2015,10,October,Q4,Thursday
2015-10-09,5.002944429549834,5.0236877299607485,4.980315047572633,5.016144752502441,3273000,4.982200622558594,0.033944129943847656,0.6813079704208302,0.043372682388115535,0.8669431171758631,4.932093143463135,4.797348562876383,4.861755132675172,5.136605314016342,2.202299808697614,2015,10,October,Q4,Friday
2015-10-12,5.029344668872918,5.055745312643852,5.00671528872512,5.036887645721436,3734500,5.016144752502441,0.02074289321899503,0.4135226203080933,0.04903002391873201,0.974878978213273,4.985702787126813,4.8031551520029705,4.855915966033936,5.141752537488937,2.202836155338063,2015,10,October,Q4,Monday
2015-10-13,4.985973031490906,5.0482033902941525,4.976543971258978,4.980315685272217,1921000,5.036887645721436,-0.05657196044921964,-1.123153114151243,0.07165941903517492,1.4372203496204494,5.003213678087507,4.807639916737874,4.851163339614868,5.146663892269134,2.213291127397826,2015,10,October,Q4,Tuesday
2015-10-14,4.942599675000472,4.972772034218179,4.899226992925444,4.904884338378906,2388500,4.980315685272217,-0.07543134689331055,-1.5145896698150252,0.07354504129273565,1.4879829670350275,4.990282739911761,4.815249300003051,4.8464058303833015,5.151292072534561,2.1300977381347,2015,10,October,Q4,Wednesday
2015-10-15,5.014259052076684,5.091575813307551,5.006716074045025,5.0896897315979,3883500,4.904884338378906,0.18480539321899414,3.7677828969984173,0.08485973926252566,1.692368471217707,5.008062907627651,4.825322167078654,4.846284275054932,5.157398775815964,2.1939130530302307,2015,10,October,Q4,Thursday
2015-10-16,5.119861453610676,5.127404880302114,5.063288451038445,5.125518798828125,3852000,5.0896897315979,0.03582906723022461,0.7039538580866811,0.06411642926366934,1.2523078963094314,5.019377367837088,4.83752916653951,4.848946924209596,5.163788009881973,2.1900167675665005,2015,10,October,Q4,Friday
2015-10-19,5.157576807985361,5.176434475580102,5.123633186155732,5.17266321182251,3982000,5.125518798828125,0.047144412994384766,0.9197978750007385,0.052801289424370346,1.0237615723457436,5.046586309160505,4.856069453557333,4.8515374279022225,5.170328381061554,2.1032860492230037,2015,10,October,Q4,Monday
2015-10-20,5.138719517666063,5.155691554628064,5.110433238998355,5.134948253631592,2818000,5.17266321182251,-0.03771495819091797,-0.7291206994632371,0.0452583156297095,0.8807313859828103,5.063558237893241,4.8712222894032795,4.852170658111572,5.176962127685547,2.1046194902536492,2015,10,October,Q4,Tuesday
2015-10-21,5.35369717354815,5.368783128523841,5.293352454440821,5.299009799957275,7192500,5.134948253631592,0.1640615463256836,3.19499901892204,0.0754306740830204,1.4089454752075359,5.101004259926932,4.890841356913248,4.855333251953126,5.184425580501556,2.1682829054315227,2015,10,October,Q4,Wednesday
2015-10-22,5.366897450877009,5.440442492362728,5.3650118189216665,5.419699192047119,7468500,5.299009799957275,0.12068939208984375,2.2775838627589806,0.07543067344106191,1.4054800586647267,5.163773332323347,4.909032392501831,4.863278007507325,5.191289494037628,2.1206937936956343,2015,10,October,Q4,Thursday
2015-10-23,5.393298746941007,5.459300818961068,5.334840102856401,5.431014537811279,8122500,5.419699192047119,0.011315345764160156,0.2087818043622125,0.12446071610466625,2.3076918588138358,5.238934789385114,4.926159509023031,4.870509223937989,5.198181793689728,2.1186743197068076,2015,10,October,Q4,Friday
2015-10-26,5.478158406414052,5.4838157524785744,5.434785719654264,5.4574151039123535,6358500,5.431014537811279,0.02640056610107422,0.48610744672603623,0.04903003282431051,0.8950094025558688,5.291466985430036,4.94541974067688,4.8777045631408695,5.205412857532501,2.108193963736342,2015,10,October,Q4,Monday
2015-10-27,5.365011871094554,5.4008415762081725,5.331067797954614,5.393298149108887,3882000,5.4574151039123535,-0.0641169548034668,-1.1748594083946795,0.06977377825355813,1.3005335296550442,5.329721178327288,4.963294649124146,4.884707765579224,5.212304537296295,2.1221568397689685,2015,10,October,Q4,Tuesday
2015-10-28,5.408384922570194,5.480043888082466,5.380098193024355,5.463072299957275,4759000,5.393298149108887,0.06977415084838867,1.293719518545755,0.09994569505811057,1.847976734071176,5.371208190917969,4.981615702311198,4.892956085205078,5.219714263677597,2.1239971242415177,2015,10,October,Q4,Wednesday
2015-10-29,5.310324490990185,5.3272965275395485,5.153805797307689,5.299009799957275,9424500,5.463072299957275,-0.1640625,-3.003117861011706,0.17349073023185912,3.26704574317848,5.394645554678781,4.99271362622579,4.8988253688812256,5.226754795312882,2.206657356306981,2015,10,October,Q4,Thursday
2015-10-30,5.380099164759059,5.402728552482971,5.353698512149424,5.355584144592285,3593000,5.299009799957275,0.056574344635009766,1.0676399321900787,0.0490300403335473,0.9113222420639722,5.4027276039123535,5.012025578816732,4.909999027252197,5.233862040042877,2.072733441157035,2015,10,October,Q4,Friday
2015-11-02,5.381985661475589,5.457416360230557,5.381985661475589,5.446101665496826,3570500,5.355584144592285,0.09051752090454102,1.690152156342073,0.07543069875496755,1.4015403142914835,5.40649938583374,5.034041531880697,4.926779947280884,5.241666224002838,2.0854999307993687,2015,11,November,Q4,Monday
2015-11-03,5.415927250933645,5.483814944098124,5.415927250933645,5.451756954193115,3402000,5.446101665496826,0.0056552886962890625,0.10384104160445773,0.06788769316447851,1.253482368190515,5.409462588174002,5.059002796808879,4.948410701751709,5.249357707500458,2.0458774318515958,2015,11,November,Q4,Tuesday
2015-11-04,5.383869838474638,5.406499221823995,5.346154499293916,5.365012168884277,4433500,5.451756954193115,-0.08674478530883789,-1.5911344918287273,0.060344722530079054,1.120842894433272,5.396262168884277,5.081323194503784,4.966276550292969,5.255591051578522,2.07856013235685,2015,11,November,Q4,Wednesday
2015-11-05,5.365011881531997,5.398955505135689,5.329182176348672,5.34615421295166,2683500,5.365012168884277,-0.018857955932617188,-0.35149884732766923,0.06977332878701681,1.3005251493887242,5.389527320861816,5.102764368057251,4.979066076278687,5.261485753059387,2.0832521970105273,2015,11,November,Q4,Thursday
2015-11-06,5.255638646365883,5.297125709021843,5.2386670544814375,5.2895827293396,4522500,5.34615421295166,-0.05657148361206055,-1.0581715633082522,0.058458654540405774,1.1123035367134342,5.364743096487863,5.119799200693766,4.987641506195068,5.2666934609413145,2.088977240947287,2015,11,November,Q4,Friday
2015-11-09,5.297125181079713,5.331068811067999,5.227351839168751,5.255638122558594,3309000,5.2895827293396,-0.03394460678100586,-0.641725605173471,0.10371697189924767,1.957986046274765,5.358547142573765,5.143811353047689,4.995500469207764,5.271007778644562,1.8305895547569773,2015,11,November,Q4,Monday
2015-11-10,5.2820382130101935,5.312210122961576,5.246208507940074,5.299009799957275,2407500,5.255638122558594,0.04337167739868164,0.8252409391072524,0.06600161502150215,1.2495482304337273,5.350465093340192,5.172035042444865,5.004565210342407,5.27583030462265,1.7770461544405283,2015,11,November,Q4,Tuesday
2015-11-11,5.355582425330256,5.36312585188488,5.315981459128601,5.336724758148193,2841000,5.299009799957275,0.03771495819091797,0.7117359585034455,0.04714439275627935,0.8802850747530443,5.334839820861816,5.195921436945597,5.0177676486969,5.280465466976166,1.673483290047902,2015,11,November,Q4,Wednesday
2015-11-12,5.283924855550804,5.300896895346131,5.248095143628127,5.255638122558594,2644000,5.336724758148193,-0.08108663558959961,-1.5194082375298734,0.05280175171800394,0.9992903601294648,5.306822844914028,5.2157220363616945,5.027130336761474,5.284591817855835,1.7111956547350422,2015,11,November,Q4,Thursday
2015-11-13,5.187749767202677,5.200950091088394,5.136834103757105,5.150034427642822,3857500,5.255638122558594,-0.10560369491577148,-2.0093410629337782,0.06411598733128976,1.2359113335927572,5.276111739022391,5.225465202331543,5.034944849014282,5.288453307151794,1.6094778938162555,2015,11,November,Q4,Friday
2015-11-16,5.125520963937636,5.17643664280009,5.1198636163304245,5.174551010131836,3161000,5.150034427642822,0.024516582489013672,0.4760469630537001,0.05657302646966578,1.1037517330961037,5.251596995762417,5.2314368724823,5.046106777191162,5.292399795055389,1.5325300916092246,2015,11,November,Q4,Monday
2015-11-17,5.068946102566732,5.13683379967624,5.040659824372436,5.067060470581055,7355000,5.174551010131836,-0.10749053955078125,-2.077292103997297,0.09617397530380423,1.8973169838027115,5.219808101654053,5.234831269582113,5.05384072303772,5.295752429962159,1.579702730724002,2015,11,November,Q4,Tuesday
2015-11-18,5.0614034515786015,5.095347077522223,5.046317495515284,5.0896897315979,4675500,5.067060470581055,0.022629261016845703,0.44659544026026676,0.04902958200693863,0.9686953920191206,5.196101188659668,5.236277008056641,5.061425762176514,5.296821644306183,1.5541147185359019,2015,11,November,Q4,Wednesday
2015-11-19,5.0727175567796925,5.097232569749218,5.053859889080233,5.065174579620361,2837000,5.0896897315979,-0.024515151977539062,-0.48166299460935535,0.04337268066898492,0.8550186400781822,5.162696157182966,5.239042806625366,5.065249891281128,5.296941225528717,1.537759737436973,2015,11,November,Q4,Thursday
2015-11-20,5.074603489269503,5.09346115808602,5.05763145245395,5.070831775665283,2600500,5.065174579620361,0.005657196044921875,0.1116880762152439,0.03582970563207066,0.7060592164064508,5.124711445399693,5.240865707397461,5.068322505950928,5.297324051856995,1.5334166804869893,2015,11,November,Q4,Friday
2015-11-23,5.053860855259087,5.099119176469661,5.044431794805612,5.051974773406982,3227500,5.070831775665283,-0.01885700225830078,-0.37187197470827105,0.054687381664049184,1.0820911621882323,5.095616681235177,5.2413686116536455,5.07176983833313,5.298439648151398,1.5336560685984184,2015,11,November,Q4,Monday
2015-11-24,5.065175341852881,5.099118968979009,5.029345632951397,5.084033012390137,3368500,5.051974773406982,0.0320582389831543,0.6345684691836828,0.0697733360276116,1.377510773439246,5.086187907627651,5.24482585589091,5.076309480667114,5.299367794990539,1.5219576684069205,2015,11,November,Q4,Tuesday
2015-11-25,4.991630662350565,5.012373966600394,4.989744580435226,4.999173641204834,3131000,5.084033012390137,-0.08485937118530273,-1.6691349363486596,0.02262938616516763,0.45334656539895973,5.061133997780936,5.247968832651774,5.078024139404297,5.299834055900574,1.5277910940678172,2015,11,November,Q4,Wednesday
2015-11-27,5.010487309835441,5.042545300613227,4.989743560224548,4.995400905609131,1060500,4.999173641204834,-0.003772735595703125,-0.07546718450839318,0.05280174038867891,1.0538244510674766,5.050896917070661,5.244825871785482,5.0786107158660885,5.299332222938538,1.3592821273107525,2015,11,November,Q4,Friday
2015-11-30,4.893570096216386,4.910542134133124,4.870940712327403,4.887912750244141,4412000,4.995400905609131,-0.10748815536499023,-2.1517423205071773,0.03960142180572035,0.8092542055612815,5.022071634020124,5.236905670166015,5.080844459533691,5.298114378452301,1.4036839988290015,2015,11,November,Q4,Monday
2015-12-01,4.940713882446289,4.970886243428876,4.931285272540526,4.940713882446289,3015500,4.887912750244141,0.05280113220214844,1.0802388442696875,0.03960097088835024,0.801523258188403,5.004291534423828,5.229174025853475,5.083946275711059,5.297818427085876,1.4081932295168749,2015,12,December,Q4,Tuesday
2015-12-02,4.844539996402739,4.846425628499663,4.776652295288053,4.789852619171143,10192500,4.940713882446289,-0.15086126327514648,-3.053430473096952,0.06977333321160994,1.44024681937644,4.964151654924665,5.217670838038127,5.085684947967529,5.295433597564697,1.5023338199886482,2015,12,December,Q4,Wednesday
2015-12-03,4.833226092777759,4.853969398033496,4.748366340145619,4.761567115783691,8753500,4.789852619171143,-0.028285503387451172,-0.590529722652422,0.10560305788787705,2.184939331633557,4.922664846692767,5.199756081899007,5.087008285522461,5.29351823091507,1.3575500315924731,2015,12,December,Q4,Thursday
2015-12-04,4.735165457509122,4.791738469413143,4.72762247917572,4.787967205047607,7160500,4.761567115783691,0.026400089263916016,0.5544411875746613,0.06411599023742287,1.354039068175462,4.88036973135812,5.178698348999023,5.08870924949646,5.291838247776031,1.2767268265739602,2015,12,December,Q4,Friday
2015-12-07,4.786082024605932,4.795510636012035,4.742709333092157,4.770995616912842,2393500,4.787967205047607,-0.016971588134765625,-0.354463332933308,0.05280130291987817,1.1032260343307767,4.847772870744977,5.156697718302409,5.088558406829834,5.2902895665168765,1.2715308133176224,2015,12,December,Q4,Monday
2015-12-08,4.691792269142981,4.70876430578277,4.652191299919092,4.676706314086914,6400500,4.770995616912842,-0.09428930282592773,-1.9763024407668417,0.05657300586367775,1.2057866720943202,4.802245071956089,5.130674091974894,5.091387062072754,5.287602162361145,1.290156616944508,2015,12,December,Q4,Tuesday
2015-12-09,4.652191473893553,4.654077105945506,4.557903127261393,4.593732833862305,6877500,4.676706314086914,-0.08297348022460938,-1.7741862467326897,0.0961739786841127,2.067283327090188,4.760219369615827,5.1040219148000086,5.0942157363891605,5.284546880722046,1.305433713083636,2015,12,December,Q4,Wednesday
2015-12-10,4.6653918535687655,4.680478258972724,4.635219492363156,4.644648551940918,4682500,4.593732833862305,0.05091571807861328,1.1083735149613583,0.04525876660956829,0.9700957182181353,4.7179243224007745,5.076741123199463,5.094706048965454,5.281332650184631,1.296939699522002,2015,12,December,Q4,Thursday
2015-12-11,4.62013293236358,4.635218886192366,4.571102908016654,4.58996057510376,6541000,4.644648551940918,-0.0546879768371582,-1.1774405797464471,0.06411597817571213,1.3877518052908382,4.689368316105434,5.053106149037679,5.093272857666015,5.277666409015655,1.2173479886614864,2015,12,December,Q4,Friday
2015-12-14,4.616361389913963,4.671048761370719,4.578646054344255,4.648419380187988,9530500,4.58996057510376,0.058458805084228516,1.2736232507379874,0.09240270702646391,2.0016350372470746,4.673204353877476,5.029533990224203,5.089086456298828,5.274489834308624,1.226866127977606,2015,12,December,Q4,Monday
2015-12-15,4.642761853824156,4.671048579199384,4.586188852675947,4.620132923126221,9867000,4.648419380187988,-0.028286457061767578,-0.6085177508364903,0.08485972652343765,1.8277854689777007,4.649228027888706,5.002001698811849,5.08158109664917,5.271434972286224,1.157538979199932,2015,12,December,Q4,Tuesday
2015-12-16,4.68613428499325,4.769108375301175,4.671048331993022,4.759679317474365,10996500,4.620132923126221,0.13954639434814453,3.020397825561272,0.09806004330815288,2.092557262436497,4.64761141368321,4.978932444254557,5.077470111846924,5.269021461009979,1.3240051984358898,2015,12,December,Q4,Wednesday
2015-12-17,4.774767088577195,4.806825085092519,4.737051745664772,4.738937377929688,4907000,4.759679317474365,-0.020741939544676846,-0.4357843913670001,0.06977333942774688,1.4612930459931237,4.656501565660749,4.958063284556071,5.071322507858277,5.2663444638252255,1.306140360485809,2015,12,December,Q4,Thursday
2015-12-18,4.63710621776847,4.655963889939532,4.608819484710693,4.608819484710693,5797500,4.738937377929688,-0.13011789321899503,-2.7457187728410104,0.04714440522883834,1.0166772770524501,4.6586568014962335,4.933485460281372,5.0638548851013185,5.263533787727356,1.3741642364833604,2015,12,December,Q4,Friday
2015-12-21,4.580532726577599,4.605047745226013,4.520188445721967,4.5918474197387695,7360500,4.608819484710693,-0.016972064971923828,-0.36825189244723555,0.08485929950404625,1.8526076456493286,4.651113782610212,4.910227616628011,5.055368938446045,5.260863811969757,1.369995928739873,2015,12,December,Q4,Monday
2015-12-22,4.537159672749864,4.595618766203275,4.525845430096545,4.582418441772461,4947500,4.5918474197387695,-0.009428977966308594,-0.20534170899879634,0.06977333610672964,1.5378197184857216,4.650036334991455,4.887786960601806,5.046279554367065,5.258804571628571,1.3703309366692824,2015,12,December,Q4,Tuesday
2015-12-23,4.61824811891311,4.661620810082026,4.605047793288096,4.642763137817383,5651000,4.582418441772461,0.060344696044921875,1.316874414934066,0.05657301679392912,1.2249886826618446,4.649228300367083,4.86591207186381,5.039528503417968,5.2567933011055,1.3888815531729932,2015,12,December,Q4,Wednesday
2015-12-24,4.63521945188429,4.672934790661363,4.633333819826127,4.657848834991455,2337000,4.642763137817383,0.015085697174072266,0.32492928728566906,0.039600970835235394,0.8543494271697745,4.654616287776402,4.8432828744252525,5.034587793350219,5.25458489894867,1.3796781922117092,2015,12,December,Q4,Thursday
2015-12-28,4.65973461702426,4.67482102278203,4.625790990873332,4.652191638946533,2950500,4.657848834991455,-0.005657196044921875,-0.12145512328400887,0.049030031908698035,1.0522065297359995,4.639260905129569,4.823167991638184,5.025837831497192,5.252883925437927,1.36561461971332,2015,12,December,Q4,Monday
2015-12-29,4.688021810324369,4.6955647891478725,4.654077731215066,4.682364463806152,3288000,4.652191638946533,0.03017282485961914,0.6485722687565643,0.04148705793280616,0.8849587227055931,4.631179060254778,4.807578992843628,5.0169747447967525,5.25202929019928,1.3434200517680286,2015,12,December,Q4,Tuesday
2015-12-30,4.672934831728703,4.695564215034742,4.657848875926215,4.661620140075684,1724500,4.682364463806152,-0.02074432373046875,-0.4430309492312823,0.037715339108527424,0.8071017565330572,4.638722011021206,4.79048129717509,5.006753883361816,5.2501968884468075,1.3353774491630797,2015,12,December,Q4,Wednesday
2015-12-31,4.6521905055063,4.671048170907372,4.622018150944143,4.640875816345215,3444500,4.661620140075684,-0.02074432373046875,-0.4450024477998804,0.04903001996322853,1.053912558077683,4.645726067679269,4.776275142033895,4.996872434616089,5.246982595920563,1.2947317054500114,2015,12,December,Q4,Thursday
2016-01-04,4.610703817244155,4.676705876037424,4.584303173567745,4.663505554199219,12411000,4.640875816345215,0.022629737854003906,0.4876178279604515,0.09240270246967874,2.0040910484011176,4.657309940883091,4.762069002787272,4.984162349700927,5.244125802516937,1.2955516528004276,2016,1,January,Q1,Monday
2016-01-05,4.697451727864845,4.850199227132704,4.697451727864845,4.8030548095703125,17413000,4.663505554199219,0.13954925537109375,2.992368160587633,0.1527474992678588,3.2517098230467147,4.68020875113351,4.753331677118937,4.971829462051391,5.241910367012024,1.4258812257605398,2016,1,January,Q1,Tuesday
2016-01-06,4.803053367892221,4.803053367892221,4.388184146518229,4.456071853637695,26404500,4.8030548095703125,-0.3469829559326172,-7.224213957359749,0.4148692213739915,8.637614234048232,4.651383468082973,4.732839679718017,4.9523306083679195,5.2380821943283085,1.919875965592712,2016,1,January,Q1,Wednesday
2016-01-07,4.435328473182983,4.459843490596437,4.369326399469297,4.388184070587158,10547000,4.456071853637695,-0.06788778305053711,-1.5234894157982959,0.09051709112713979,2.0408204640180982,4.613668101174491,4.710713322957357,4.930945987701416,5.234111955165863,1.9305364261002247,2016,1,January,Q1,Thursday
2016-01-08,4.491901927534391,4.50887396808742,4.337268829345703,4.337268829345703,9348000,4.388184070587158,-0.05091524124145508,-1.1602804354249097,0.17160513874171723,3.8203224716420165,4.564368724822998,4.685821183522543,4.909825401306152,5.2307141852378845,1.9235635334133905,2016,1,January,Q1,Friday
2016-01-11,4.407041290760062,4.416470350155348,4.33538232768554,4.405155658721924,11962000,4.337268829345703,0.0678868293762207,1.5651976404345236,0.08108802246980762,1.8399651176361622,4.527730941772461,4.6660205841064455,4.888667068481445,5.2277968215942385,1.9468468788791655,2016,1,January,Q1,Monday
2016-01-12,4.352353618427511,4.354239250142271,4.252407943909642,4.308980941772461,10302500,4.405155658721924,-0.09617471694946289,-2.1832308413221035,0.10183130623262926,2.339683655332687,4.480317388262067,4.643139918645223,4.868866491317749,5.224173028469085,1.9725177146312949,2016,1,January,Q1,Tuesday
2016-01-13,4.363669231713472,4.380641271294662,4.214693488906315,4.241094589233398,11860000,4.308980941772461,-0.0678863525390625,-1.575461888934182,0.16594778238834706,3.802941368293965,4.419972964695522,4.621579313278199,4.846576700210571,5.219918451309204,1.9583539665223189,2016,1,January,Q1,Wednesday
2016-01-14,4.195835032508786,4.222236127899576,4.129833418037507,4.205264091491699,15053500,4.241094589233398,-0.03583049774169922,-0.8448408067261659,0.09240270986206855,2.2022483998094384,4.334574290684292,4.597064320246378,4.8217599487304685,5.2157760739326475,1.9378097781169026,2016,1,January,Q1,Thursday
2016-01-15,4.06948860446194,4.090231904297064,3.999715278105368,4.043087959289551,8310000,4.205264091491699,-0.16217613220214844,-3.856502913343096,0.09051662619169587,2.224275209726599,4.275576591491699,4.572172164916992,4.7935865688323975,5.210371694564819,1.9791581174403388,2016,1,January,Q1,Friday
2016-01-19,4.282580855266359,4.293895547415956,4.141148552203384,4.188292503356934,10851000,4.043087959289551,0.1452045440673828,3.591426788867036,0.1527469952125724,3.5667042929203996,4.2470206533159525,4.553063011169433,4.770052175521851,5.205138835906983,2.118164705577256,2016,1,January,Q1,Tuesday
2016-01-20,3.939370600680081,4.0166873546684165,3.80170957848882,3.9676573276519775,13558000,4.188292503356934,-0.22063517570495605,-5.267902743853636,0.21497777617959635,5.457160495193908,4.194219010216849,4.525719348589579,4.742482237815857,5.197393063306809,2.2872460205550644,2016,1,January,Q1,Wednesday
2016-01-21,3.9469134318160792,4.050630827401765,3.9299418458638216,3.990286111831665,6515000,3.9676573276519775,0.0226287841796875,0.570331112568101,0.12068898153794327,3.0578066538036808,4.1349519320896695,4.499695698420207,4.716496305465698,5.190117566585541,2.296863486600867,2016,1,January,Q1,Thursday
2016-01-22,4.035545363175538,4.127947630005781,4.029888017303968,4.099661350250244,8446000,3.990286111831665,0.1093752384185791,2.741037493383458,0.09805961270181296,2.429897420968418,4.105049133300781,4.480460866292318,4.6933767700195315,5.182872040271759,2.3577871292540284,2016,1,January,Q1,Friday
2016-01-25,4.009144648960796,4.046859991973228,3.9770866523604647,3.984629631042481,5887500,4.099661350250244,-0.11503171920776323,-2.805883446952062,0.06977333961276377,1.740354756989115,4.06841128213065,4.4601574261983234,4.667089166641236,5.174694213867188,2.3857193574344913,2016,1,January,Q1,Monday
2016-01-26,3.929942509519957,4.014801802418347,3.922399081598131,4.00348711013794,5391500,3.984629631042481,0.01885747909545943,0.4732555053184706,0.09240272082021628,2.3512486657598277,4.039585999080113,4.438785378138224,4.64042441368103,5.16599038362503,2.374249493186268,2016,1,January,Q1,Tuesday
2016-01-27,4.001600950415981,4.041201918574364,3.9450279460744606,3.9676573276519775,3699500,4.00348711013794,-0.0358297824859628,-0.894964352332539,0.09617397249990356,2.403387386488548,4.028810194560459,4.418041936556498,4.614664797782898,5.157285979986191,2.371890621557213,2016,1,January,Q1,Wednesday
2016-01-28,3.967658041876185,3.967658041876185,3.7526802269981023,3.826225280761719,12264000,3.9676573276519775,-0.14143204689025834,-3.5646235350157207,0.21497781487808254,5.418254612900714,3.9770863056182866,4.390635466575622,4.588188614845276,5.147160140275955,2.4142816817252206,2016,1,January,Q1,Thursday
2016-01-29,4.256180455466177,4.616362295537846,4.24486576265513,4.50321626663208,27585000,3.826225280761719,0.6769909858703609,17.693442915509316,0.3714965328827162,8.728401832812477,4.053594725472586,4.386738244692484,4.5747619199752805,5.139836555719375,4.123860016691315,2016,1,January,Q1,Friday
2016-02-01,4.3825259087874135,4.399497944516021,4.331610251203852,4.395726680755615,9543500,4.50321626663208,-0.10748958587646484,-2.3869514478560783,0.06788769331216926,1.5490540096077352,4.1115148067474365,4.374606490135193,4.561335244178772,5.132605217695236,4.105059116995919,2016,2,February,Q1,Monday
2016-02-02,4.216577858559563,4.280693827027081,4.19394848164059,4.222235202789307,14145000,4.395726680755615,-0.1734914779663086,-3.946821323669869,0.08674534538649059,2.057245194948776,4.12902535711016,4.35738308429718,4.5439861536026,5.1255120384693145,4.16201370489247,2016,2,February,Q1,Tuesday
2016-02-03,4.165662107920735,4.188291034682497,4.067602076479926,4.1543474197387695,7876500,4.222235202789307,-0.06788778305053711,-1.607863602806614,0.12068895820257097,2.897233502762713,4.153270755495344,4.342234015464783,4.525769610404968,5.1177504813671115,4.144153542117872,2016,2,February,Q1,Wednesday
2016-02-04,4.15812000548873,4.2165790964915,4.129833725637715,4.1637773513793945,4903500,4.1543474197387695,0.009429931640625,0.22698948084649562,0.08674537085378553,2.0861680456379665,4.176169361386981,4.3279650131861365,4.5076285219192505,5.1095473611354825,4.145078722927414,2016,2,February,Q1,Thursday
2016-02-05,4.195835554044446,4.2014929002169366,4.088346875971778,4.097775936126709,6127500,4.1637773513793945,-0.06600141525268555,-1.5851331539334157,0.1131460242451583,2.6966267573593226,4.194757734026227,4.311810262997946,4.488544545173645,5.0996326792240145,4.152243265864606,2016,2,February,Q1,Friday
2016-02-08,4.037430857000667,4.046859466728854,3.935599084402027,3.9978294372558594,7726000,4.097775936126709,-0.09994649887084961,-2.4390425545160688,0.11126038232682722,2.755722296368451,4.219272613525391,4.2903124729792275,4.46682047367096,5.090750187635422,4.158631506104923,2016,2,February,Q1,Monday
2016-02-09,3.8526260507814447,3.9337140857500494,3.848854336521504,3.912970781326294,15261500,3.9978294372558594,-0.08485865592956543,-2.1226182172447317,0.08485974922854522,2.2026469247211975,4.134951829910278,4.265483204523722,4.445096416473389,5.080860705375671,4.167538130541085,2016,2,February,Q1,Tuesday
2016-02-10,3.894112742965415,4.012916110949752,3.886569764757365,3.920513391494751,4819000,3.912970781326294,0.007542610168457031,0.192759174294177,0.12634634619238705,3.244547719390701,4.067064217158726,4.241093929608663,4.423598666191101,5.071149915456772,4.168917688548513,2016,2,February,Q1,Wednesday
2016-02-11,3.8413106701726463,3.880912089206769,3.792280641579544,3.82056736946106,6217500,3.920513391494751,-0.09994602203369096,-2.5493095432479906,0.08863144762722497,2.3073230789542327,4.009683098111834,4.21236735979716,4.4022517585754395,5.061108565330505,4.179675739702316,2016,2,February,Q1,Thursday
2016-02-12,3.833768104422589,3.928056458152143,3.8054813735025546,3.926170825958252,5804500,3.82056736946106,0.10560345649719194,2.7640778524496756,0.12257508464958855,3.197248276654694,3.977086441857474,4.187852382659912,4.381960897445679,5.051886584758758,4.224508074544231,2016,2,February,Q1,Friday
2016-02-16,4.060061561619652,4.080804869457272,4.022345761620207,4.0676045417785645,6371500,3.926170825958252,0.1414337158203125,3.60233219821231,0.05845910783706465,1.4398576708709798,3.963347469057356,4.168743340174357,4.367515935897827,5.043813486099243,4.29009619902518,2016,2,February,Q1,Tuesday
2016-02-17,4.156233236268719,4.201491541409292,4.144918547583028,4.182633876800537,5423000,4.0676045417785645,0.11502933502197266,2.8279380121764675,0.05657299382626402,1.36116022875205,3.9754700320107594,4.152714284261068,4.355937271118164,5.03567645072937,4.3270581325275215,2016,2,February,Q1,Wednesday
2016-02-18,4.254294353124471,4.254294353124471,4.180749307581303,4.190177917480469,3017500,4.182633876800537,0.007544040679931641,0.18036579108144934,0.07354504554316765,1.7287248939216946,4.002948386328561,4.13228505452474,4.343981485366822,5.027351582050324,4.284046672452741,2016,2,February,Q1,Thursday
2016-02-19,4.156234783339854,4.178864169134548,4.116633807801494,4.1430344581604,3748500,4.190177917480469,-0.04714345932006836,-1.1250944529919926,0.06223036133305371,1.4972773333812204,4.035814625876291,4.1218504746754965,4.331422262191772,5.019561653137207,4.087797747310475,2016,2,February,Q1,Friday
2016-02-22,4.192064026673728,4.231664997794452,4.188292312927909,4.207149982452393,2738500,4.1430344581604,0.06411552429199219,1.5475498680853628,0.04337268486654278,1.0346379394629057,4.07676271029881,4.115816005071005,4.322031135559082,5.012440042495728,4.091109115790862,2016,2,February,Q1,Monday
2016-02-23,4.092118908024358,4.133605517044166,4.054403563677787,4.056289196014404,5748500,4.207149982452393,-0.15086078643798828,-3.5858190715142957,0.07920195336637903,1.9354753648792942,4.110437256949289,4.1064500172932945,4.311282262802124,5.0042445802688595,4.137215896290289,2016,2,February,Q1,Tuesday
2016-02-24,3.994058592372845,4.05440331953454,3.954457168471957,4.041202545166016,3353500,4.056289196014404,-0.015086650848388672,-0.37193232827709144,0.09994615106258298,2.5023706776220727,4.126870359693255,4.09431824684143,4.299213342666626,4.995654146671296,4.1246933514812145,2016,2,February,Q1,Wednesday
2016-02-25,3.982744372817477,4.026117066315416,3.96200106709321,4.024231433868408,5254500,4.041202545166016,-0.016971111297607422,-0.41995200953013345,0.06411599922220645,1.6098447005487688,4.120674201420376,4.084826596577963,4.287898759841919,4.986790883541107,4.108136821841253,2016,2,February,Q1,Thursday
2016-02-26,4.0393155839072605,4.092117315201241,4.033658239497113,4.061944961547852,11832000,4.024231433868408,0.03771352767944336,0.9371610032673949,0.05845907570412834,1.4472520032114062,4.1034329278128485,4.078854942321778,4.276169271469116,4.977486510276794,4.103711354075963,2016,2,February,Q1,Friday
2016-02-29,4.012916582901989,4.041202866909457,3.980858584545748,3.982744216918945,5692500,4.061944961547852,-0.0792007446289067,-1.9498231851651227,0.06034428236370948,1.5037512272450675,4.073799542018345,4.071437613169352,4.263421497344971,4.967325608730317,4.115869308414486,2016,2,February,Q1,Monday
2016-03-01,4.014802416949654,4.094004825433399,4.0053738050076655,4.0751471519470215,5364000,3.982744216918945,0.09240293502807662,2.3200820839948344,0.08863102042573345,2.207606034397904,4.064101355416434,4.072506252924601,4.249730854034424,4.957448155879974,4.075997917458278,2016,3,March,Q1,Tuesday
2016-03-02,4.126061320758597,4.158119309034685,4.109089285929291,4.148690700531006,8191000,4.0751471519470215,0.07354354858398438,1.8046844897084746,0.04903002310539417,1.1883008829442154,4.0557500294276645,4.071186192830404,4.23792592048645,4.947421519756317,4.03610364710407,2016,3,March,Q1,Wednesday
2016-03-03,4.152463460154585,4.176978480539632,4.135491868812935,4.169435501098633,26241500,4.148690700531006,0.020744800567626953,0.5000324696408764,0.041486611726696765,0.9990843296945553,4.0719137872968405,4.0779121319452925,4.229138240814209,4.937771151065826,3.90984728817892,2016,3,March,Q1,Thursday
2016-03-04,4.2882383595300055,4.365555125669502,4.282581013246514,4.324068069458008,8355000,4.169435501098633,0.154632568359375,3.7087171229445826,0.08297411242298836,1.9349230491954832,4.112323147909982,4.089038197199503,4.223782653808594,4.928743574619293,3.9608044937216333,2016,3,March,Q1,Friday
2016-03-07,4.301437395964816,4.407040412289394,4.29766613264028,4.378754138946533,10212500,4.324068069458008,0.05468606948852539,1.2646903011260813,0.10937427964911439,2.542737917137154,4.162969248635428,4.098341290156046,4.219709367752075,4.92040295124054,3.939040351285404,2016,3,March,Q1,Monday
2016-03-08,4.329725268533195,4.337268246787279,4.227893938097234,4.235436916351318,7389000,4.378754138946533,-0.14331722259521484,-3.273013694020621,0.10937430869004583,2.5261258372427675,4.187753813607352,4.106701532999675,4.211562843322754,4.911684081554413,3.952598710051939,2016,3,March,Q1,Tuesday
2016-03-09,4.412699854734111,4.422128916732571,4.354241198991897,4.390070915222168,7638000,4.235436916351318,0.1546339988708496,3.650957431897295,0.06788771774067381,1.538462165466371,4.245943341936384,4.119587659835815,4.206207284927368,4.90382297039032,4.0004110551571275,2016,3,March,Q1,Wednesday
2016-03-10,4.569217689609561,4.584303644803318,4.407041198464084,4.461728572845459,11957000,4.390070915222168,0.07165765762329102,1.6322665170356299,0.17726244633923383,3.879492254053251,4.301169259207589,4.136056701342265,4.202398023605347,4.896404728889466,3.9992469536409567,2016,3,March,Q1,Thursday
2016-03-11,4.597503140962528,4.64276144800466,4.5673307864003725,4.640875816345215,7072000,4.461728572845459,0.17914724349975586,4.015198158625433,0.07543066160428769,1.6406875491224917,4.371481418609619,4.163211719195048,4.201568250656128,4.890248758792877,3.9753045025471745,2016,3,March,Q1,Friday
2016-03-14,4.620133617907342,4.644648633718388,4.606933293947905,4.635219573974609,3995500,4.640875816345215,-0.005656242370605469,-0.12187877018134952,0.03771533977048325,0.8163257362146628,4.4380220004490445,4.167611829439799,4.201040239334106,4.884120903015137,2.3504072029776135,2016,3,March,Q1,Monday
2016-03-15,4.608818749558067,4.627676418721141,4.589961080394992,4.623904705047607,3301000,4.635219573974609,-0.011314868927001953,-0.2441064278924654,0.037715338326149705,0.818329823227832,4.480855805533273,4.175217763582865,4.200700817108154,4.8781808304786685,2.3035937408945513,2016,3,March,Q1,Tuesday
2016-03-16,4.735165054175128,4.808710098266602,4.729507708506377,4.808710098266602,6914000,4.623904705047607,0.18480539321899414,3.9967387956169276,0.07920238976022453,1.6726426397827372,4.5422780854361395,4.194766926765442,4.203604907989502,4.873277561664581,2.2674136075887996,2016,3,March,Q1,Wednesday
2016-03-17,4.863397976291421,4.929400049517778,4.840768591276135,4.919970989227295,14194500,4.808710098266602,0.11126089096069336,2.3137367129035136,0.08863145824164231,1.8224183723748666,4.640068667275565,4.220287712415059,4.2059432315826415,4.869174954891204,2.257152944794838,2016,3,March,Q1,Thursday
2016-03-18,4.938827761697154,4.984086073891652,4.916198830401035,4.953914165496826,5313500,4.919970989227295,0.03394317626953125,0.689906024727649,0.0678872434906177,1.3745618751298438,4.720617703029087,4.246625606218974,4.215900077819824,4.865345442295075,2.256168167585346,2016,3,March,Q1,Friday
2016-03-21,4.963343822105634,4.995401818743461,4.933171457739928,4.991630554199219,4787000,4.953914165496826,0.03771638870239258,0.7613452200096793,0.06223036100353241,1.2537991167642297,4.796317986079624,4.276420760154724,4.2279690074920655,4.86208984375,2.217959480175757,2016,3,March,Q1,Monday
2016-03-22,4.910541674096034,4.957685619978378,4.895455269715955,4.952028274536133,4098000,4.991630554199219,-0.03960227966308594,-0.7933736127520574,0.06223035026242307,1.2672807684475837,4.840768337249756,4.308227388064067,4.240264196395874,4.8586080408096315,2.157594999979704,2016,3,March,Q1,Tuesday
2016-03-23,4.884140250559793,4.889797595621798,4.816252559417976,4.8219099044799805,4084000,4.952028274536133,-0.13011837005615234,-2.6275772843470047,0.07354503620382147,1.505792881262821,4.867438384464809,4.338525358835856,4.248599281311035,4.855208711624146,2.1825104351260847,2016,3,March,Q1,Wednesday
2016-03-24,4.746481778256936,4.806826524832199,4.71819548740149,4.8030548095703125,4302000,4.8219099044799805,-0.01885509490966797,-0.39102959788090974,0.08863103743070866,1.8672996457442816,4.893031256539481,4.3679434061050415,4.258480758666992,4.851837289333344,2.189978267232661,2016,3,March,Q1,Thursday
2016-03-28,4.867395820792573,4.8901054466600735,4.808729437700387,4.835224151611328,4098500,4.8030548095703125,0.032169342041015625,0.6697683727638681,0.08137600895968689,1.6718592848369622,4.896818978445871,4.401765298843384,4.27036334991455,4.847837243080139,2.1022787643235525,2016,3,March,Q1,Monday
2016-03-29,4.850363473643868,4.950663566589356,4.825761530000895,4.950663566589356,5819000,4.835224151611328,0.11543941497802823,2.387467702806667,0.12490203658846166,2.575106737199391,4.901203632354736,4.43591505686442,4.285271339416504,4.843916292190552,2.0913001839423973,2016,3,March,Q1,Tuesday
2016-03-30,4.874966437099469,4.931740060953044,4.86739671082499,4.880643844604492,4788000,4.950663566589356,-0.07001972198486417,-1.4143502389741824,0.0643433501280537,1.319872679294527,4.890736443655832,4.463016366958618,4.302022457122803,4.839711029529571,2.059569294522058,2016,3,March,Q1,Wednesday
2016-03-31,4.882536284436793,4.907138233836348,4.863611742683033,4.867396831512451,2299500,4.880643844604492,-0.013247013092041016,-0.2714193764965178,0.043526491153315305,0.8914729685073123,4.872988768986294,4.4858417987823485,4.315604543685913,4.8352139687538145,2.022907081229848,2016,3,March,Q1,Thursday
2016-04-01,4.687613044391968,4.719784717406449,4.627054335660814,4.716000080108643,6214000,4.867396831512451,-0.1513967514038086,-3.110425482952972,0.09273038174563464,1.978200437354204,4.839270455496652,4.503369204203287,4.330571398735047,4.830185487270355,2.1287690123205487,2016,4,April,Q2,Friday
2016-04-04,4.856043029461108,4.89578444007727,4.839010802969855,4.846580982208252,10681500,4.716000080108643,0.13058090209960938,2.7688910068169648,0.056773637107414565,1.1691337321966633,4.842794895172119,4.5268207550048825,4.347697296142578,4.826270427703857,2.150127748793504,2016,4,April,Q2,Monday
2016-04-05,4.882535990787881,4.920385072019055,4.861719131469727,4.861719131469727,20384500,4.846580982208252,0.01513814926147461,0.31234697856172833,0.05866594054932861,1.201546504931382,4.851175512586321,4.548639726638794,4.362938451766968,4.822205495834351,2.142108679042363,2016,4,April,Q2,Tuesday
2016-04-06,4.863611957426612,4.897676404805432,4.810623418655141,4.890106678009033,7641500,4.861719131469727,0.02838754653930664,0.5838993527115699,0.08705298615029111,1.7898834634075484,4.859015873500279,4.576433642705282,4.381047992706299,4.818771221637726,1.997926068192725,2016,4,April,Q2,Wednesday
2016-04-07,4.865504739937831,4.880644193569255,4.763311848737308,4.787913799285889,6157000,4.890106678009033,-0.10219287872314453,-2.0897883308499066,0.11733234483194721,2.4115143464734645,4.835765906742641,4.601324017842611,4.396736526489258,4.814045922756195,2.0519435088793143,2016,4,April,Q2,Thursday
2016-04-08,4.986620904018346,4.986620904018346,4.910922745893808,4.933632373809815,4898000,4.787913799285889,0.14571857452392667,3.0434669593604635,0.0756981581245375,1.5180251232560713,4.843335696629116,4.631637382507324,4.416056027412415,4.809569897651673,2.090403871421272,2016,4,April,Q2,Friday
2016-04-11,5.191006588018722,5.208038810223369,5.103953609457172,5.105845928192139,12317000,4.933632373809815,0.17221355438232333,3.4906037040076,0.10408520076619698,2.0051063122600215,4.877399853297642,4.666434081395467,4.441648440361023,4.806424858570099,2.151383323437657,2016,4,April,Q2,Monday
2016-04-12,5.296983673866958,5.3083384877404605,5.226962923242505,5.293198585510254,11866500,5.105845928192139,0.18735265731811523,3.6693754561538894,0.08137556449795547,1.5362623241492614,4.959856782640729,4.710115893681844,4.457448086738586,4.803615093231201,2.1494480596915486,2016,4,April,Q2,Tuesday
2016-04-13,5.279951443141064,5.321585610200182,5.261026903786303,5.317800521850586,5752000,5.293198585510254,0.02460193634033203,0.4647839287133193,0.06055870641387884,1.1469557450674626,5.027173859732492,4.751537672678629,4.475889563560486,4.800909540653229,2.136058842371093,2016,4,April,Q2,Wednesday
2016-04-14,5.217500274400798,5.262919077361548,5.204253142337105,5.225069999694824,7497000,5.317800521850586,-0.09273052215576172,-1.743775867009989,0.05866593502444317,1.1244069370208254,5.079081126621792,4.787416982650757,4.495946259498596,4.798501596450806,2.182720261585829,2016,4,April,Q2,Thursday
2016-04-15,5.056641946876234,5.07745925739904,5.016900546927197,5.045287132263184,8546500,5.225069999694824,-0.17978286743164062,-3.4407743330164164,0.06055871047184347,1.1976072482105227,5.101249762943813,4.816612037022908,4.5137650537490845,4.797046203613281,2.3156078941206255,2016,4,April,Q2,Friday
2016-04-18,4.829546710472301,5.050963756304554,4.81629957921022,5.011222362518311,14710000,5.045287132263184,-0.03406476974487216,-0.6751800016898457,0.2346641770943343,4.858927579797349,5.13315098626273,4.839517180124918,4.530713953971863,4.795307705402374,2.2543182182767763,2016,4,April,Q2,Monday
2016-04-19,5.1001678789962615,5.109630373873651,5.0433942633216935,5.062318801879883,5935000,5.011222362518311,0.05109643936157138,1.0196402327653509,0.06623611055195777,1.2987045156833812,5.151534761701312,4.862302668889364,4.550004811286926,4.793937470912933,2.2519594223223955,2016,4,April,Q2,Tuesday
2016-04-20,5.287520388700442,5.331046867915618,5.2553487216625365,5.283735752105713,8329500,5.062318801879883,0.22141695022583008,4.373824701510443,0.07569814625308169,1.4316379075312964,5.176947593688965,4.89724596341451,4.575722937583923,4.794003262519836,2.2418475635390216,2016,4,April,Q2,Wednesday
2016-04-21,5.158835881289324,5.1664056088458485,4.982837121218924,4.999869346618652,14150500,5.283735752105713,-0.28386640548706055,-5.372456511927792,0.1835684876269248,3.5583316052505696,5.13504341670445,4.917572577794393,4.59746090888977,4.79252754688263,2.4379072902149423,2016,4,April,Q2,Thursday
2016-04-22,5.124770363924068,5.145587674367931,4.980943765496329,5.041502475738525,14677500,4.999869346618652,0.04163312911987305,0.8326843410024098,0.16464390887160185,3.2127080274779964,5.09557226725987,4.9368983745574955,4.619880690574646,4.792538163661956,2.429040662990468,2016,4,April,Q2,Friday
2016-04-25,4.848471770012054,4.867396309737141,4.818192416212591,4.863611221313477,7501500,5.041502475738525,-0.17789125442504883,-3.5285364884996895,0.04920389352454979,1.0148330413900186,5.043935298919678,4.944322888056437,4.640741567611695,4.791142420768738,2.4362612595068787,2016,4,April,Q2,Monday
2016-04-26,4.857934170131323,4.880643799943607,4.8390096290199685,4.876858711242676,3611500,4.863611221313477,0.013247489929199219,0.27237970566285075,0.04163417092363897,0.8570344814391235,5.019874095916748,4.952377525965373,4.6597553253173825,4.788835492134094,2.4356113588824444,2016,4,April,Q2,Tuesday
2016-04-27,4.867397847121943,4.882537303205216,4.804946801184111,4.846580982208252,5552500,4.876858711242676,-0.030277729034423828,-0.6208449091343216,0.07759050202110451,1.5940858844522687,4.996353898729597,4.959800068537394,4.6753348541259765,4.786123421192169,2.438939837933389,2016,4,April,Q2,Wednesday
2016-04-28,4.905246292956389,4.969589649637328,4.551356928817822,4.591098785400391,11160500,4.846580982208252,-0.25548219680786133,-5.271390238721563,0.418232720819506,8.526232850327224,4.929036753518241,4.9525463581085205,4.6835041522979735,4.782481677532196,2.5250274420841774,2016,4,April,Q2,Thursday
2016-04-29,4.615699522585776,4.619484611081202,4.53243163645605,4.560818672180176,11283500,4.591098785400391,-0.030280113220214844,-0.659539570712464,0.08705297462515116,1.8860191006624047,4.82576288495745,4.94057461420695,4.690916967391968,4.779045667648315,2.484096349257042,2016,4,April,Q2,Friday
2016-05-02,4.721676660844243,4.727354067536418,4.659225638426896,4.678150177001953,6210000,4.560818672180176,0.11733150482177734,2.572597449170022,0.06812842910952188,1.442886372853418,4.779803003583636,4.9313824812571205,4.7016192817687985,4.776139917373658,2.5312707851286134,2016,5,May,Q2,Monday
2016-05-03,4.642194744155794,4.645979381865893,4.526754721260954,4.564603805541992,4788000,4.678150177001953,-0.11354637145996094,-2.427163882385841,0.11922466060493964,2.5682821849521793,4.711674622126988,4.91714825630188,4.708768358230591,4.772534866333007,2.558067506870333,2016,5,May,Q2,Tuesday
2016-05-04,4.547571811085674,4.56649635230082,4.475658283750129,4.51350736618042,15104500,4.564603805541992,-0.051096439361572266,-1.1194057915724254,0.0908380685506911,1.9975070724392738,4.661659785679409,4.902530892690023,4.717912721633911,4.768683731555939,2.5610766608003552,2016,5,May,Q2,Wednesday
2016-05-05,4.53053957629464,4.549464117458246,4.500260220193538,4.538109302520752,16684500,4.51350736618042,0.02460193634033203,0.5450735834547027,0.049203897264708196,1.0860493863062166,4.613267013004848,4.893070872624715,4.727850856781006,4.764636063575745,2.52591845043253,2016,5,May,Q2,Thursday
2016-05-06,4.538108880691066,4.538108880691066,4.469980448595476,4.517292022705078,11678500,4.538109302520752,-0.020817279815673828,-0.45872142841757446,0.06812843209559016,1.50125159811537,4.566225733075823,4.883545446395874,4.737712068557739,4.760550096035003,2.5261520256752874,2016,5,May,Q2,Friday
2016-05-09,4.572172955670983,4.585420539576018,4.511614699174888,4.528646469116211,3674500,4.517292022705078,0.011354446411132812,0.2513551560107796,0.07380584040112925,1.614239905548323,4.557303973606655,4.873326190312704,4.747046098709107,4.755750234127045,2.5224896457054475,2016,5,May,Q2,Monday
2016-05-10,4.640301434953924,4.689505329041677,4.62516198347921,4.687613010406494,5673000,4.528646469116211,0.1589665412902832,3.5102440072189323,0.06434334556246668,1.3866199526993783,4.575417450496128,4.864557838439941,4.761143474578858,4.751679420471191,2.5698904957426336,2016,5,May,Q2,Tuesday
2016-05-11,4.734923980293718,4.736816298686887,4.644085929473152,4.647871017456055,8569000,4.687613010406494,-0.03974199295043945,-0.8478087432177595,0.09273036921373468,1.9584341712701032,4.571091856275286,4.85679874420166,4.772597951889038,4.7477764225006105,2.562347757708233,2016,5,May,Q2,Wednesday
2016-05-12,4.937417808884034,4.948772624676974,4.852257141633673,4.890106678009033,12990500,4.647871017456055,0.24223566055297852,5.21175522391244,0.09651548304330149,1.9547765001705644,4.61759226662772,4.857555739084879,4.787426271438599,4.744746270179749,2.7412862485304976,2016,5,May,Q2,Thursday
2016-05-13,5.024469815936538,5.047179443097085,4.909030263995815,4.943094253540039,15170000,4.890106678009033,0.05298757553100586,1.08356686305624,0.13814917910127011,2.749527495679059,4.678961821964809,4.8651255448659265,4.802899446487427,4.741699104309082,2.6807265020019866,2016,5,May,Q2,Friday
2016-05-16,4.96391104748183,5.005545213011446,4.946879278525863,4.988512992858887,7480500,4.943094253540039,0.045418739318847656,0.9188321522762832,0.05866593448558355,1.181849028405626,4.743305206298828,4.869856611887614,4.816188344955444,4.739273767471314,2.6403713983480332,2016,5,May,Q2,Monday
2016-05-17,4.948771789840077,4.988513187214474,4.895782808810938,4.905245304107666,6956000,4.988512992858887,-0.0832676887512207,-1.6691885712319388,0.09273037840353648,1.873805912689563,4.798727103642055,4.871307484308878,4.826718168258667,4.737155764102936,2.660362671110701,2016,5,May,Q2,Tuesday
2016-05-18,5.060427728550361,5.120986447316263,5.041503185335604,5.067997455596924,8432500,4.905245304107666,0.1627521514892578,3.317920744003744,0.07948326198065914,1.570682682260702,4.875777244567871,4.877237176895141,4.843369379043579,4.736406016349792,2.724834628333497,2016,5,May,Q2,Wednesday
2016-05-19,4.941202118734168,4.965804065340652,4.903353039523671,4.937417030334473,4248000,5.067997455596924,-0.13058042526245117,-2.5765684850185266,0.0624510258169817,1.2638832477668478,4.911463533129011,4.882220617930094,4.8543163013458255,4.735379302501679,2.7400704533013904,2016,5,May,Q2,Thursday
2016-05-20,4.980944371241552,5.0131160489712485,4.979052052315303,5.003654003143311,2831500,4.937417030334473,0.06623697280883878,1.3415308531139258,0.03406399665594595,0.6838863098455995,4.962289673941476,4.884554672241211,4.8651548099517825,4.734918735027313,2.6951094086364398,2016,5,May,Q2,Friday
2016-05-23,4.980943844907434,5.013115519237564,4.965804392703835,4.971481800079346,2665000,5.003654003143311,-0.03217220306396573,-0.6429741753477547,0.04731112653372893,0.9498426002553773,4.9739146913800925,4.880075867970785,4.871766929626465,4.734814212322235,2.6194472494700336,2016,5,May,Q2,Monday
2016-05-24,5.100168112918,5.317800541917293,5.067996441013167,5.268596649169922,18066500,4.971481800079346,0.29711484909057617,5.97638412526893,0.24980410090412608,4.897958172621954,5.020415033612933,4.879255803426107,4.884434471130371,4.7359415054321286,2.762530768691598,2016,5,May,Q2,Tuesday
2016-05-25,5.2988756336900815,5.3196929414476175,5.243994337814929,5.279951095581055,12560000,5.268596649169922,0.011354446411132812,0.21551177983840653,0.07569860363268877,1.428578605457344,5.062049048287528,4.877994155883789,4.89755539894104,4.736824827194214,2.7615254881487528,2016,5,May,Q2,Wednesday
2016-05-26,5.306445395621523,5.314015571875078,5.262918912548205,5.308338165283203,5251000,5.279951095581055,0.028387069702148438,0.5376388755931272,0.05109665932687335,0.9629168966674838,5.119633742741176,4.880769761403402,4.907547960281372,4.737662117481232,2.7428296073235763,2016,5,May,Q2,Thursday
2016-05-27,5.298876806813532,5.314016711370539,5.279952264514781,5.302661895751953,2985500,5.308338165283203,-0.00567626953125,-0.1069311968173614,0.0340644468557576,0.6428616496982156,5.1531572341918945,4.889348920186361,4.915201778411865,4.739063119888305,2.66120808691877,2016,5,May,Q2,Friday
2016-05-31,5.306445773310929,5.3159082687030805,5.240210110352331,5.272381782531738,6463500,5.302661895751953,-0.030280113220214844,-0.5710360912218992,0.07569815835074944,1.4265322135482406,5.201009341648647,4.898054234186808,4.921571130752564,4.740077760219574,2.6600945776172464,2016,5,May,Q2,Tuesday
2016-06-01,5.272381782531738,5.2875212337232425,5.230747614960181,5.272381782531738,3159500,5.272381782531738,0.0,0.0,0.05677361876306186,1.07681160251259,5.2393990244184225,4.90505633354187,4.927186155319214,4.740951428413391,2.6558191986125363,2016,6,June,Q2,Wednesday
2016-06-02,5.24020987399903,5.29887580871582,5.232640148744701,5.29887580871582,2961500,5.272381782531738,0.02649402618408203,0.5025058365815127,0.06623565997111935,1.2639886867846397,5.286169597080776,4.90556100209554,4.934123106002808,4.742230117321014,2.535838518650523,2016,6,June,Q2,Thursday
2016-06-03,5.314016833332595,5.34051110291958,5.27616774786642,5.289414882659912,8126500,5.29887580871582,-0.009460926055908203,-0.17854591044286217,0.06434335505315936,1.210823320121241,5.289143630436489,4.915212519963583,4.943473205566407,4.743423910140991,2.321798173794502,2016,6,June,Q2,Friday
2016-06-06,5.4124235050476734,5.476767303216197,5.4124235050476734,5.450273036956787,5221500,5.289414882659912,0.160858154296875,3.0411332418678327,0.06434379816852331,1.1888167677292016,5.313475336347308,4.928838205337525,4.9564175701141355,4.745647547245025,2.376467027071397,2016,6,June,Q2,Monday
2016-06-07,5.4710907493881145,5.512724925144729,5.465413341275998,5.467305660247803,3867500,5.450273036956787,0.017032623291015625,0.31250954173345225,0.0473115838687308,0.8647559698040489,5.336184978485107,4.948961353302002,4.969059200286865,4.748999569416046,2.264632966825438,2016,6,June,Q2,Tuesday
2016-06-08,5.474874701356059,5.527863686697639,5.472982382621353,5.522186279296875,4812500,5.467305660247803,0.054880619049072266,1.0037964302618718,0.054881304076285886,1.002421188976114,5.3675456047058105,4.970472272237142,4.9804896545410156,4.753575222492218,2.2669765106601827,2016,6,June,Q2,Wednesday
2016-06-09,5.421886184077521,5.467304992228273,5.419993865336928,5.444595813751221,3884500,5.522186279296875,-0.0775904655456543,-1.4050678774916947,0.04731112689134509,0.8725953530762763,5.392147609165737,4.990406099955241,4.99176869392395,4.758947105407715,2.284084891764422,2016,6,June,Q2,Thursday
2016-06-10,5.35375692116699,5.3613266461594105,5.2780587688496245,5.304553031921387,4443500,5.444595813751221,-0.14004278182983398,-2.5721428480720787,0.08326787730978591,1.55531673432113,5.396743501935687,5.014187908172607,5.000511817932129,4.763111271858215,2.0980035607003162,2016,6,June,Q2,Friday
2016-06-13,5.209931602659464,5.27238263855807,5.20425419474171,5.208039283752441,5652000,5.304553031921387,-0.09651374816894531,-1.8194510939593123,0.0681284438163603,1.3076648411580571,5.383766855512347,5.035761928558349,5.010352602005005,4.765618078708648,2.130612008490397,2016,6,June,Q2,Monday
2016-06-14,5.225070109165883,5.2667042759502,5.191006119030791,5.236424922943115,5702000,5.208039283752441,0.028385639190673828,0.5450350437875784,0.07569815691940907,1.4487491141337687,5.37619686126709,5.0543710867563885,5.0181494808197025,4.767496147155762,2.0932796006946606,2016,6,June,Q2,Tuesday
2016-06-15,5.300768578426848,5.348079699663848,5.289413764947058,5.29887580871582,4041000,5.236424922943115,0.06245088577270508,1.1926244850581247,0.058665934716789714,1.106743934371126,5.354568685804095,5.078846820195516,5.026892614364624,4.769677076339722,2.0281702103370995,2016,6,June,Q2,Wednesday
2016-06-16,5.225070163370064,5.281843781648582,5.172081633455424,5.268596649169922,4975500,5.29887580871582,-0.030279159545898438,-0.5714261031763423,0.1097621481931581,2.100682761403605,5.32618168422154,5.104016462961833,5.034462413787842,4.7717911958694454,2.015342148387878,2016,6,June,Q2,Thursday
2016-06-17,5.247778997276536,5.283735752105713,5.223177054624631,5.283735752105713,4962000,5.268596649169922,0.015139102935791016,0.28734602293338796,0.06055869748108211,1.1539871917721867,5.292117323194232,5.128870677947998,5.044378852844238,4.774826860427856,2.0158524973991785,2016,6,June,Q2,Friday
2016-06-20,5.423778342080172,5.459735104265707,5.391606668460294,5.401069164276123,4591500,5.283735752105713,0.11733341217041016,2.220652539704493,0.06812843580541372,1.2561065646219707,5.285899230412075,5.158329916000366,5.053727588653564,4.777894687652588,2.029949433653313,2016,6,June,Q2,Monday
2016-06-21,5.52407842518245,5.529755832405567,5.491906751715876,5.503261566162109,6504000,5.401069164276123,0.10219240188598633,1.8920772679955622,0.03784908068969095,0.6851655204087886,5.3142861638750345,5.190817085901896,5.061675901412964,4.7816144514083865,2.041826660917021,2016,6,June,Q2,Tuesday
2016-06-22,5.465412871626906,5.5127244514301,5.414316654205322,5.414316654205322,5307000,5.503261566162109,-0.08894491195678711,-1.6162217784392197,0.09840779722477766,1.8005555945398193,5.343754359654018,5.21504054069519,5.064098262786866,4.785603761672974,2.010348158150593,2016,6,June,Q2,Wednesday
2016-06-23,5.505152799830783,5.514615293736566,5.446486871683178,5.488121032714844,4140000,5.414316654205322,0.07380437850952148,1.3631337659609777,0.06812842205338754,1.2375391661332573,5.3797109467642645,5.24304887453715,5.067504673004151,4.789642550945282,1.9997025935279706,2016,6,June,Q2,Thursday
2016-06-24,5.226963475444812,5.342403042562273,5.217500979151692,5.223178386688232,12323000,5.488121032714844,-0.26494264602661133,-4.827565654024046,0.12490206341058041,2.389572148291151,5.368897029331753,5.254151264826457,5.067466840744019,4.792206254005432,2.036593511601098,2016,6,June,Q2,Friday
2016-06-27,5.1380168191705895,5.155049038777983,5.079350886562785,5.124769687652588,8470500,5.223178386688232,-0.09840869903564453,-1.8840769307525207,0.07569815221519782,1.4732951424518204,5.348350320543561,5.260207112630209,5.069056491851807,4.793460261821747,2.0660577276251884,2016,6,June,Q2,Monday
2016-06-28,5.278060115082618,5.327264016878271,5.243995667133308,5.321586608886719,6639000,5.124769687652588,0.19681692123413086,3.8405027587548712,0.08326834974496311,1.5776317042508659,5.353757585797991,5.271309566497803,5.075263776779175,4.795482189655304,2.170225636310825,2016,6,June,Q2,Tuesday
2016-06-29,5.472982659248473,5.573282776403804,5.465412932730398,5.552465915679932,10736000,5.321586608886719,0.2308793067932129,4.3385426896493495,0.1078698436734058,1.9709516800884224,5.375385693141392,5.292883586883545,5.085066719055176,4.798846478462219,2.2633271232388537,2016,6,June,Q2,Wednesday
2016-06-30,5.497584382183693,5.560035412977346,5.467305026163036,5.554358005523682,6706000,5.552465915679932,0.00189208984375,0.03407656836589279,0.0927303868143099,1.686747858110665,5.38268518447876,5.309095605214437,5.090479164123535,4.802333014011383,2.1977283158476153,2016,6,June,Q2,Thursday
2016-07-01,5.520294548469944,5.5884229933380976,5.520294548469944,5.5619282722473145,5311500,5.554358005523682,0.0075702667236328125,0.13629418046341435,0.06812844486815361,1.2341451034897537,5.403772558484759,5.329912646611532,5.101720342636108,4.805575451850891,2.1287784083614896,2016,7,July,Q3,Friday
2016-07-05,5.561926969342056,5.561926969342056,5.493798991629867,5.524077892303467,5831500,5.5619282722473145,-0.037850379943847656,-0.6805262148509184,0.06812797771218904,1.2248988181203715,5.408909252711704,5.347260109583536,5.111371850967407,4.808365480899811,2.1305897643167686,2016,7,July,Q3,Tuesday
2016-07-06,5.592207421448996,5.696292629381614,5.588422783718483,5.694400310516357,8787500,5.524077892303467,0.17032241821289062,3.083273290736832,0.10786984566313151,1.9289314135487017,5.476226670401437,5.371357393264771,5.127987632751465,4.8129563546180725,2.1786509213300693,2016,7,July,Q3,Wednesday
2016-07-07,5.696290924280997,5.732247679137809,5.637624996248731,5.692505836486816,8764500,5.694400310516357,-0.0018944740295410156,-0.033269070072972085,0.09462268288907794,1.6611279891927482,5.557331834520612,5.385487699508667,5.144300575256348,4.817490768432617,1.9159436813493647,2016,7,July,Q3,Thursday
2016-07-08,5.715216602917811,5.798484490260127,5.7114315143672645,5.789022445678711,5433500,5.692505836486816,0.09651660919189453,1.695503034415169,0.08705297589286243,1.5231789438814785,5.624108382633755,5.402456744511922,5.163149404525757,4.822921285629272,1.9333073702892,2016,7,July,Q3,Friday
2016-07-11,5.877966645652266,5.929062849988009,5.8722892394820105,5.904460906982422,9922000,5.789022445678711,0.11543846130371094,1.9940924808450333,0.056773610505998384,0.9658716003091292,5.674393381391253,5.422327502568563,5.1894166469573975,4.828966588973999,1.9569644136112063,2016,7,July,Q3,Monday
2016-07-12,5.809839304715132,5.836334022175688,5.758743090864241,5.789022445678711,12976000,5.904460906982422,-0.11543846130371094,-1.9551058618611061,0.07759093131144645,1.3355090776516905,5.707916872841971,5.438539520899455,5.213980722427368,4.8343971061706545,2.0012131941372737,2016,7,July,Q3,Tuesday
2016-07-13,5.628164677382785,5.628164677382785,5.565713637421947,5.592207908630371,10273500,5.789022445678711,-0.19681453704833984,-3.3997888053665215,0.06245103996083845,1.1096164298781586,5.7122425351824075,5.449200391769409,5.232261877059937,4.838465456962585,2.108057631679913,2016,7,July,Q3,Wednesday
2016-07-14,5.722787039367271,5.743604352185015,5.673583138084148,5.684937953948975,7701500,5.592207908630371,0.09273004531860352,1.658200961654055,0.07002121410086648,1.2235509310269257,5.735222543988909,5.462952264149984,5.254668560028076,4.844213778972626,2.123824727114754,2016,7,July,Q3,Thursday
2016-07-15,5.701970177746214,5.705755266766719,5.671690819172239,5.684937953948975,5106000,5.684937953948975,0.0,0.0,0.034064447594479574,0.5974153938480267,5.733870778764997,5.475821002324422,5.278097171783447,4.85037697315216,2.1239360292087768,2016,7,July,Q3,Friday
2016-07-18,5.686829749885344,5.73603319154307,5.683044661513237,5.734140872955322,4226000,5.684937953948975,0.049202919006347656,0.8654961479776402,0.05298853002983339,0.9317762683312565,5.739818641117641,5.490645202000936,5.302017803192139,4.855947012901306,2.1251146701357726,2016,7,July,Q3,Monday
2016-07-19,5.730357373584255,5.745496827685511,5.711432379162634,5.728464603424072,3652000,5.734140872955322,-0.00567626953125,-0.09899075828467829,0.03406444852287738,0.5944559178788279,5.73116752079555,5.499918254216512,5.3262412548065186,4.861281235218048,2.0613810143256783,2016,7,July,Q3,Tuesday
2016-07-20,5.771989867432789,5.789022088063135,5.756850416559107,5.775774955749512,2422000,5.728464603424072,0.04731035232543945,0.8258819003116535,0.032171671504027444,0.5573757446378965,5.7127838134765625,5.510200564066569,5.351183824539184,4.865871412754059,2.0645902142503934,2016,7,July,Q3,Wednesday
2016-07-21,5.6697979611008495,5.705754724187992,5.652765738923259,5.677367687225342,5269000,5.775774955749512,-0.09840726852416992,-1.7037933312517684,0.052988985264732946,0.9345833066412228,5.69683313369751,5.515373277664184,5.370978918075561,4.86928124666214,2.0874650573750797,2016,7,July,Q3,Thursday
2016-07-22,5.684937528261751,5.726571699582991,5.683045209491539,5.717109203338623,2282500,5.677367687225342,0.03974151611328125,0.6999989837315646,0.04352649009145271,0.7656458822118585,5.714676175798688,5.524457057317098,5.392363681793213,4.8730406498909,2.0699656834815405,2016,7,July,Q3,Friday
2016-07-25,5.6641200427659415,5.667904679888464,5.590314204517487,5.648980140686035,5819000,5.717109203338623,-0.06812906265258789,-1.1916697797691667,0.07759047537097707,1.3698593035660234,5.709539345332554,5.5359379609425865,5.407541151046753,4.87605396270752,2.0213642229508144,2016,7,July,Q3,Monday
2016-07-26,5.715216884568411,5.737926514597571,5.703862069553831,5.717109203338623,3212000,5.648980140686035,0.06812906265258789,1.2060418156172537,0.03406444504373951,0.5960306622084021,5.714135238102505,5.552906958262126,5.423021450042724,4.8797285056114195,1.990846468174877,2016,7,July,Q3,Tuesday
2016-07-27,5.777667284081235,5.8041615487532905,5.720893666414,5.75117301940918,3715500,5.717109203338623,0.03406381607055664,0.5958223790909045,0.08326788233929072,1.4412024480660621,5.716568401881626,5.570065228144328,5.438274650573731,4.883403646945953,1.991056731219117,2016,7,July,Q3,Wednesday
2016-07-28,5.76631321562824,5.817409433013488,5.751173762772115,5.806055068969727,7325000,5.75117301940918,0.054882049560546875,0.9542757516654454,0.06623567024137245,1.1486658418390487,5.727652754102435,5.586971203486125,5.456290845870972,4.8872494840621945,1.9879782875770684,2016,7,July,Q3,Thursday
2016-07-29,6.118310405583667,6.339727504263611,6.095600774458883,6.322695732116699,18282000,5.806055068969727,0.5166406631469727,8.898308007930233,0.24412672980472827,3.990100430045758,5.805784293583462,5.62210783958435,5.481384811401367,4.893961384296417,2.521164926928023,2016,7,July,Q3,Friday
2016-08-01,6.245103921883199,6.24888901027477,6.125879277506381,6.150481224060059,8985000,6.322695732116699,-0.17221450805664062,-2.723751313571232,0.12300973276838878,1.9696987321116577,5.873371941702707,5.650999355316162,5.505646095275879,4.900189368724823,2.594555579153019,2016,8,August,Q3,Monday
2016-08-02,6.118309551919852,6.15426631245163,6.108847056539232,6.150481224060059,5654500,6.150481224060059,0.0,0.0,0.045419255912397816,0.7423497540778368,5.935282230377197,5.67597975730896,5.528582639694214,4.905493326187134,2.5765561636797263,2016,8,August,Q3,Tuesday
2016-08-03,6.091815252183698,6.127771561314727,6.065320535986347,6.12209415435791,3941000,6.150481224060059,-0.028387069702148438,-0.46154225446785047,0.06245102532838054,1.025162824923065,6.002869946616037,5.69660751024882,5.551594886779785,4.910476202964783,2.5674388058582744,2016,8,August,Q3,Wednesday
2016-08-04,6.1372342641495,6.184545388793814,6.110739998252953,6.169405937194824,4607000,6.12209415435791,0.04731178283691406,0.7728039073563675,0.0738053905408611,1.2025838898148868,6.067483765738351,5.721777153015137,5.569611072540283,4.915459916591645,2.5400632431387993,2016,8,August,Q3,Thursday
2016-08-05,6.188330218514468,6.212932164731519,6.163728272297419,6.192115306854248,3234500,6.169405937194824,0.022709369659423828,0.36809653782887697,0.04920389243410028,0.7951077382213753,6.1304755210876465,5.745243628819783,5.587854356765747,4.9207457518577575,2.5344449195837866,2016,8,August,Q3,Friday
2016-08-08,6.12398661112378,6.14101837992707,6.084244764457396,6.112631797790527,4135500,6.192115306854248,-0.0794835090637207,-1.2836244986545675,0.05677361546967408,0.927069555745744,6.174272196633475,5.774892075856527,5.603940229415894,4.924813861846924,2.357156900718816,2016,8,August,Q3,Monday
2016-08-09,6.207255700181192,6.269706734490678,6.18833115800246,6.2167181968688965,4078000,6.112631797790527,0.10408639907836914,1.7028082587273063,0.08137557648821847,1.3109750978333805,6.159132548740932,5.81129035949707,5.622221355438232,4.928798956871033,2.3200225654120743,2016,8,August,Q3,Tuesday
2016-08-10,6.258351918944104,6.269706734490678,6.194008565775747,6.2167181968688965,4068000,6.2167181968688965,0.0,0.0,0.07569816871493096,1.209554363438587,6.168594973427909,5.841128079096476,5.641108083724975,4.93272747516632,2.24382308002598,2016,8,August,Q3,Wednesday
2016-08-11,6.2488894653126525,6.2715986437258975,6.239426969242982,6.252674102783203,4578500,6.2167181968688965,0.03595590591430664,0.5783743894393734,0.03217167448291569,0.5148382710479906,6.183193956102643,5.864468351999919,5.6607139301300045,4.936703770160675,2.1264605426333025,2016,8,August,Q3,Thursday
2016-08-12,6.220502064308367,6.245104011213955,6.19590011740278,6.211040019989014,3364500,6.252674102783203,-0.04163408279418945,-0.6658604320295081,0.04920389381117474,0.790995538663896,6.195900508335659,5.8863577524820965,5.678957214355469,4.940792479515076,2.1346411955165494,2016,8,August,Q3,Friday
2016-08-15,6.203471139376385,6.216718273946073,6.180761508001673,6.199686050415039,3767500,6.211040019989014,-0.01135396957397461,-0.18280303358912953,0.035956765944400004,0.5796233292062132,6.200226238795689,5.907616345087687,5.697162637710571,4.944475548267365,2.1367665098126545,2016,8,August,Q3,Monday
2016-08-16,6.201577936992626,6.22996497423219,6.201577936992626,6.203470706939697,2032500,6.199686050415039,0.003784656524658203,0.061045938356918406,0.028387037239563817,0.4577389420559268,6.201848438807896,5.930262772242228,5.7122265911102295,4.948997852802276,2.1283002857896145,2016,8,August,Q3,Tuesday
2016-08-17,6.101276391280735,6.150480276810084,6.070997042401402,6.12587833404541,5132500,6.203470706939697,-0.07759237289428711,-1.2507897040198168,0.07948323440868243,1.3027312534516715,6.203740801130023,5.94464537302653,5.725398044586182,4.952849323749542,2.087188246719553,2016,8,August,Q3,Wednesday
2016-08-18,6.207253984674416,6.279167495796778,6.199684260134313,6.26402759552002,6115000,6.12587833404541,0.13814926147461026,2.255174751134481,0.07948323566246529,1.2804895024226137,6.210499286651611,5.963696098327636,5.740234870910644,4.956938953399658,2.117539656248181,2016,8,August,Q3,Thursday
2016-08-19,6.163728272297419,6.212932164731519,6.123986875114466,6.192115306854248,6095500,6.26402759552002,-0.07191228866577237,-1.1480199850524841,0.08894528961705372,1.4430436529269803,6.2069845880780905,5.977132527033488,5.755185260772705,4.960640745162964,2.1184350014954085,2016,8,August,Q3,Friday
2016-08-22,6.239426702566795,6.267813738365883,6.2091473481133095,6.246996879577637,3626500,6.192115306854248,0.05488157272338867,0.8863138039861607,0.05866639025257392,0.940252895805949,6.2061735561915805,5.988550392786662,5.77403413772583,4.96505066871643,2.096448716052324,2016,8,August,Q3,Monday
2016-08-23,6.279168974475682,6.309448330963121,6.250781936769753,6.267814159393311,4068500,6.246996879577637,0.020817279815674716,0.3332365969915818,0.05866639419336739,0.934301886632476,6.214284147535052,6.004510116577149,5.795229635238647,4.9696589684486385,2.0562472689571565,2016,8,August,Q3,Tuesday
2016-08-24,6.349188757556217,6.358650801207404,6.2772752405422025,6.292415142059326,4812000,6.267814159393311,0.024600982666014737,0.3924970019914653,0.0813755606652018,1.2816686315768473,6.227531160627093,6.027850357691447,5.816349439620971,4.974673130512238,1.934893947374765,2016,8,August,Q3,Wednesday
2016-08-25,6.320802777703681,6.337835000550501,6.303771006053523,6.328372955322266,3714500,6.292415142059326,0.03595781326293945,0.571446931760633,0.034063994496977834,0.5389188002691192,6.245374338967459,6.049298191070557,5.8369393825531,4.980036804676056,1.9208696720104814,2016,8,August,Q3,Thursday
2016-08-26,6.322694613457636,6.3775754603048025,6.25645850186046,6.279168128967285,4922000,6.328372955322266,-0.04920482635498047,-0.777527283906343,0.12111695844434234,1.9155908334802236,6.267272881099156,6.069105863571167,5.857150812149047,4.984937596321106,1.9313240273999739,2016,8,August,Q3,Friday
2016-08-29,6.195900884634617,6.23564273904763,6.178869112511431,6.2167181968688965,4988500,6.279168128967285,-0.06244993209838867,-0.9945574129524015,0.05677362653619866,0.9163094696526396,6.260514395577567,6.085191774368286,5.875810461044312,4.9893375635147095,1.9439966049211082,2016,8,August,Q3,Monday
2016-08-30,6.176976847289736,6.194009072001613,6.150482576313513,6.167514801025391,3309500,6.2167181968688965,-0.04920339584350586,-0.7914689758382054,0.0435264956881003,0.7046569343577572,6.257000037602016,6.099826780954997,5.891139373779297,4.993896946907044,1.9528326733349195,2016,8,August,Q3,Tuesday
2016-08-31,6.142911389291252,6.142911389291252,6.055858418601894,6.086137771606445,4204500,6.167514801025391,-0.08137702941894531,-1.3194460336830582,0.08705297068935813,1.4171288689124655,6.2340201650347025,6.110172208150228,5.902796897888184,4.998577463626861,1.970753791386723,2016,8,August,Q3,Wednesday
2016-09-01,6.055858373760554,6.0918151333870005,6.0180092955842746,6.082352638244629,5561500,6.086137771606445,-0.0037851333618164062,-0.062192699275964713,0.07380583780272598,1.2187510547228038,6.207525662013462,6.123671706517538,5.916157617568969,5.0031164717674255,1.9388110185181118,2016,9,September,Q3,Thursday
2016-09-02,6.1561588681175525,6.21293248899774,6.1561588681175525,6.176975727081299,4571500,6.082352638244629,0.09462308883666992,1.5556988301154817,0.05677362088018789,0.9222247524217693,6.191034317016602,6.1390005906422935,5.929934711456299,5.0086660480499265,1.9519485649957333,2016,9,September,Q3,Friday
2016-09-06,6.281061029127844,6.345404376959991,6.2621364885185855,6.343512058258057,4780500,6.176975727081299,0.1665363311767578,2.69608200735878,0.08326788844140509,1.325697808941163,6.193197046007429,6.16215165456136,5.952341384887696,5.014935159683228,1.9800056933799295,2016,9,September,Q3,Tuesday
2016-09-07,6.402178351931827,6.4078557595474335,6.324587866512973,6.328372955322266,5496000,6.343512058258057,-0.015139102935791016,-0.23865490909066311,0.0832678930344608,1.3006181405323567,6.200226306915283,6.182527112960815,5.976413450241089,5.021251151561737,1.9774320648619412,2016,9,September,Q3,Wednesday
2016-09-08,6.328372872368187,6.328372872368187,6.25456702552943,6.267814159393311,4968000,6.328372955322266,-0.06055879592895419,-0.9569410076886053,0.07380584683875746,1.1662689340101735,6.2075257301330575,6.19974848429362,5.995338001251221,5.027236063480377,1.9912493153730777,2016,9,September,Q3,Thursday
2016-09-09,6.226179039607099,6.233748764776962,6.141018390655518,6.141018390655518,5237500,6.267814159393311,-0.12679576873779386,-2.0229663087213634,0.09273037412144447,1.4893624730601418,6.203740528651646,6.210913928349813,6.007109050750732,5.03268128156662,2.031589419665859,2016,9,September,Q3,Friday
2016-09-12,6.080460994938772,6.195900560837175,6.072891268702207,6.182653427124023,7475500,6.141018390655518,0.04163503646850586,0.6779826051630078,0.12300929213496747,2.023025758036396,6.2175284794398715,6.206245851516724,6.01967495918274,5.038174383640289,1.2050731365225003,2016,9,September,Q3,Monday
2016-09-13,6.146696026418942,6.152373433307083,6.080460364718304,6.086137771606445,5087500,6.182653427124023,-0.09651565551757812,-1.5610717413684028,0.07191306858877944,1.1699467206397045,6.218069212777274,6.20410106976827,6.030159149169922,5.043609204292298,1.1332610741768079,2016,9,September,Q3,Tuesday
2016-09-14,6.084245561296526,6.13534222798817,6.084245561296526,6.097492694854736,2718000,6.086137771606445,0.011354923248291016,0.18657026302073554,0.051096666691644366,0.8398192705548178,6.206714493887765,6.202334785461426,6.041627445220947,5.049119663238526,1.1339366509721682,2016,9,September,Q3,Wednesday
2016-09-15,6.05207361885538,6.1637285409851295,6.036934167229521,6.144804000854492,3044000,6.097492694854736,0.04731130599975586,0.7759141071161713,0.1267943737556081,2.0950566985929777,6.178327628544399,6.2030917803446455,6.05063551902771,5.055404119491577,1.139911956893019,2016,9,September,Q3,Thursday
2016-09-16,6.03125604329616,6.065320031004379,5.999084374017127,6.016116142272949,5286000,6.144804000854492,-0.12868785858154297,-2.094254895089376,0.06623565698725198,1.0982066838444704,6.133719512394497,6.197982120513916,6.057107725143433,5.06078113079071,1.1934293316021871,2016,9,September,Q3,Friday
2016-09-19,6.07289086329428,6.105062536049484,6.031256694977568,6.035041332244873,2764500,6.016116142272949,0.018925189971923828,0.31457487728576705,0.07380584107191623,1.2153329070675867,6.100466251373291,6.1927463213602705,6.062028102874756,5.067007074356079,1.1927808970191407,2016,9,September,Q3,Monday
2016-09-20,6.167513859216603,6.197793214792791,6.125879688899767,6.142911911010742,4760500,6.035041332244873,0.10787057876586914,1.7874041423630915,0.07191352589302458,1.1660050959684267,6.10073675428118,6.193755658467611,6.066797122955323,5.073913798332215,1.2173386478709203,2016,9,September,Q3,Tuesday
2016-09-21,6.288630356149862,6.347296744154116,6.262136091217159,6.326479434967041,6658000,6.142911911010742,0.18356752395629883,2.988281886759059,0.08516065293695707,1.354200328433609,6.1212833268301825,6.197414366404216,6.077546262741089,5.081606359481811,1.2984069306321062,2016,9,September,Q3,Wednesday
2016-09-22,6.42488759324248,6.466521762836284,6.392715919500437,6.417317867279053,4857000,6.326479434967041,0.09083843231201172,1.4358448999286955,0.0738058433358475,1.148749176771193,6.168594769069126,6.204101022084554,6.0940484619140625,5.089837970733643,1.3221196307947605,2016,9,September,Q3,Thursday
2016-09-23,6.364329045447523,6.396501171206668,6.349189593134575,6.358651638031006,3949000,6.417317867279053,-0.058666229248046875,-0.9141861204534862,0.047311578072092964,0.7433867377730174,6.205903189522879,6.207633606592814,6.107522735595703,5.098247697353363,1.3321004726960597,2016,9,September,Q3,Friday
2016-09-26,6.305662394008674,6.351081197032074,6.301877305758142,6.332156658172607,4279500,6.358651638031006,-0.026494979858398438,-0.4166760716994178,0.04920389127393232,0.7803128077501169,6.232667854854038,6.211670827865601,6.120467109680176,5.106939816474915,1.3281599148894936,2016,9,September,Q3,Monday
2016-09-27,6.326085508199432,6.367829011163473,6.314700751977819,6.350751876831055,3828500,6.332156658172607,0.018595218658447266,0.29366327559896543,0.053128259185654336,0.8398283443496486,6.280472959790911,6.216706355412801,6.132799329757691,5.115470333099365,1.3278457346626995,2016,9,September,Q3,Tuesday
2016-09-28,6.3507522646141785,6.379214156906121,6.322290824708667,6.37162446975708,3529000,6.350751876831055,0.02087259292602539,0.32866333515837454,0.056923332197453824,0.8963242435801744,6.328556265149798,6.222311480840047,6.145662527084351,5.124378652572632,1.328551838060037,2016,9,September,Q3,Wednesday
2016-09-29,6.318496020670719,6.350752531700542,6.299521575806915,6.3071112632751465,4369500,6.37162446975708,-0.0645132064819336,-1.0125079842376983,0.051230955893626806,0.8108093401661832,6.352013315473284,6.228352578481038,6.156289253234863,5.132672111988068,1.320902260885014,2016,9,September,Q3,Thursday
2016-09-30,6.21603309035383,6.337469427106907,6.195161340139525,6.301418304443359,7002500,6.3071112632751465,-0.005692958831787109,-0.09026254007814538,0.14230808696738162,2.289371451194787,6.348433153969901,6.22959893544515,6.168770265579224,5.141078538894654,1.2571609955201162,2016,9,September,Q3,Friday
2016-10-03,6.255878893530532,6.3090075985737775,6.240699522024661,6.280545711517334,4912000,6.301418304443359,-0.02087259292602539,-0.3312364283340363,0.06830807654911641,1.0919021565420117,6.32889427457537,6.232546615600586,6.180038995742798,5.148682870864868,1.2395473443535971,2016,10,October,Q4,Monday
2016-10-04,6.276751778661893,6.280546395758597,6.202751316639424,6.212238311767578,4943000,6.280545711517334,-0.06830739974975586,-1.0876029390964104,0.0777950791191726,1.2394162117998766,6.307978085109165,6.231387996673584,6.191304159164429,5.1560493755340575,1.2462515533518927,2016,10,October,Q4,Tuesday
2016-10-05,6.265366745039542,6.286238495305969,6.246392303237417,6.250186920166016,2773500,6.212238311767578,0.0379486083984375,0.6108685226475119,0.039846192068552,0.6359754135717481,6.296268122536795,6.230800422032674,6.201965713500977,5.164256212711334,1.2499222837452184,2016,10,October,Q4,Wednesday
2016-10-06,6.198956194229051,6.2236230146926,6.179981751748351,6.208443641662598,4079000,6.250186920166016,-0.04174327850341797,-0.6678724818410586,0.04364126294424864,0.7040098619325087,6.2759383746555875,6.22800137201945,6.2111111259460445,5.172339193820953,1.253373696273407,2016,10,October,Q4,Thursday
2016-10-07,6.1799830100513,6.191367768335043,6.130649359079405,6.172393321990967,2737000,6.208443641662598,-0.03605031967163086,-0.5806659728649244,0.06071840925563787,0.982501232719956,6.247476782117571,6.222802050908407,6.21843789100647,5.180289068222046,1.2517305086011665,2016,10,October,Q4,Friday
2016-10-10,6.202750813913263,6.263469206403319,6.185673681202992,6.21034049987793,3243500,6.172393321990967,0.03794717788696289,0.6147887198271196,0.07779552520032684,1.2542100679883077,6.23365238734654,6.220507796605428,6.216190786361694,5.188126955032349,1.2506193730287047,2016,10,October,Q4,Monday
2016-10-11,6.23880304876716,6.250187352727216,6.210341157901,6.219828605651856,3552500,6.21034049987793,0.00948810577392667,0.15277915557307953,0.03984619482621543,0.6386833261884965,6.221996716090611,6.220611476898194,6.21757773399353,5.195936853885651,1.237555364716707,2016,10,October,Q4,Tuesday
2016-10-12,6.214136419601798,6.219828797951021,6.187571836509945,6.204648971557617,2830000,6.219828605651856,-0.01517963409423917,-0.24405228916509758,0.03225696144107637,0.5190900112737371,6.2111543246677945,6.221849282582601,6.218661088943481,5.203699140548706,1.229353778878555,2016,10,October,Q4,Wednesday
2016-10-13,6.244494237132525,6.31659738388776,6.223622487886388,6.312802314758301,7259000,6.204648971557617,0.1081533432006836,1.7431017241501312,0.09297489600137165,1.4889099496401454,6.225520610809326,6.229404767354329,6.222475252151489,5.2118513298034665,1.2407689238399682,2016,10,October,Q4,Thursday
2016-10-14,6.301418642732938,6.303315951294356,6.235007866832911,6.2407002449035645,5844500,6.312802314758301,-0.07210206985473633,-1.1421563080816544,0.06830808446144498,1.084011209764975,6.2241653714861185,6.234683020909627,6.223901138305664,5.219746730327606,1.262003357809595,2016,10,October,Q4,Friday
2016-10-17,6.229315150086623,6.252084661131304,6.208443399886582,6.221725463867188,2423500,6.2407002449035645,-0.018974781036376065,-0.30404890944524254,0.043641261244722784,0.7005787986840885,6.226062774658203,6.23617467880249,6.224493341445923,5.227650978565216,1.2330390060486058,2016,10,October,Q4,Monday
2016-10-18,6.327982920192909,6.388701319442898,6.318495472391043,6.356444358825684,3285500,6.221725463867188,0.1347188949584952,2.165297966631252,0.07020584705185495,1.109450640706134,6.252355779920306,6.236605755488077,6.229369592666626,5.236115672588348,1.1967592337509187,2016,10,October,Q4,Tuesday
2016-10-19,6.267263948908485,6.274853635025395,6.242597129738752,6.244494438171387,3061000,6.356444358825684,-0.11194992065429688,-1.7612035020625694,0.032256505286643034,0.5146824124466766,6.257234913962228,6.2338098049163815,6.229925117492676,5.243322870731354,1.2393551173701174,2016,10,October,Q4,Wednesday
2016-10-20,6.210340950194749,6.2350077706582985,6.178084443216199,6.208443641662598,2459500,6.244494438171387,-0.03605079650878906,-0.5773213006391331,0.05692332744209949,0.9165894094802386,6.255608490535191,6.231830787658692,6.2297596263885495,5.252084729671478,1.2315526212038361,2016,10,October,Q4,Thursday
2016-10-21,6.085109840849424,6.111673971161323,6.069930014680899,6.092699527740479,5370500,6.208443641662598,-0.11574411392211825,-1.8643015963840215,0.04174395648042317,0.6860016921994642,6.239615712847028,6.2302201588948565,6.226560134887695,5.260607306957245,1.2229848880396292,2016,10,October,Q4,Friday
2016-10-24,6.113570905751365,6.126853422481088,6.0908018464712415,6.098391532897949,2789500,6.092699527740479,0.005692005157469815,0.09342336892790293,0.03605157600984654,0.5896975199213096,6.208985601152692,6.227411429087321,6.224307165145874,5.269412920475006,1.216132782139432,2016,10,October,Q4,Monday
2016-10-25,6.041468170016882,6.056647542779593,6.02059641937156,6.043365478515625,4164000,6.098391532897949,-0.05502605438232422,-0.9023043877305126,0.03605112340803274,0.5967278547779222,6.18079492024013,6.225985685984294,6.221180753707886,5.277603969573975,1.1934302830511336,2016,10,October,Q4,Tuesday
2016-10-26,6.013006728765905,6.085109885728741,6.007314350459027,6.041468620300293,6903500,6.043365478515625,-0.0018968582153320312,-0.03138744830302187,0.07779553526971394,1.2937875971025314,6.155043942587716,6.224118216832479,6.217940711975098,5.286266407966614,1.1928137539980326,2016,10,October,Q4,Wednesday
2016-10-27,6.022494571020524,6.039571707059164,5.978853302734966,5.9826483726501465,3739000,6.041468620300293,-0.058820247650146484,-0.9736084278001766,0.06071840432419773,1.0081935916782216,6.101644515991211,6.218713029225667,6.215076112747193,5.294974176883698,1.1951265983521204,2016,10,October,Q4,Thursday
2016-10-28,5.971262984800643,6.013006487527797,5.948493472486631,5.975057601928711,5533500,5.9826483726501465,-0.007590770721435547,-0.12687977378273985,0.06451301504116547,1.08039145496318,6.063153539385114,6.217344411214193,6.209296712875366,5.303823144435882,1.1332930071720846,2016,10,October,Q4,Friday
2016-10-31,5.997828006589512,5.999725315435825,5.904853087323181,5.944699287414551,7839500,5.975057601928711,-0.030358314514160156,-0.5080840476644255,0.09487222811264395,1.5817764031981678,6.025475774492536,6.214333009719849,6.2043483924865725,5.313331201076507,1.134953625254317,2016,10,October,Q4,Monday
2016-11-01,5.992135519621603,6.039571859015847,5.764442176256731,5.830852508544922,12776000,5.944699287414551,-0.1138467788696289,-1.915097355902473,0.27512968275911653,4.5915130233318004,5.9880690574646,6.203931029637655,6.196025505065918,5.321544001102447,1.1302262900096642,2016,11,November,Q4,Tuesday
2016-11-02,5.982648306287007,6.011109746982579,5.940904347228864,5.95228910446167,9406500,5.830852508544922,0.12143659591674805,2.0826559364824693,0.07020539975371509,1.1734836507093038,5.967197281973703,6.191458018620809,6.189715003967285,5.331467159986496,1.0524495541425312,2016,11,November,Q4,Wednesday
2016-11-03,5.980749691611655,5.988339377888212,5.946595877173957,5.957980632781982,4929500,5.95228910446167,0.0056915283203125,0.0956191512278215,0.041743500714255255,0.6979643500680677,5.9549994468688965,6.1761467774709065,6.183026313781738,5.341305632591247,1.0082350902557407,2016,11,November,Q4,Thursday
2016-11-04,5.844133481312347,5.901056806500748,5.838441103554869,5.849825859069824,5710500,5.957980632781982,-0.1081547737121582,-1.815292468677543,0.06261570294587848,1.0714283502610489,5.9276219095502585,6.1591859181722,6.173455371856689,5.350056455135346,1.0418040394869652,2016,11,November,Q4,Friday
2016-11-07,5.756851403883325,5.791005673068311,5.739774721677242,5.76823616027832,11065000,5.849825859069824,-0.0815896987915039,-1.3947372239295541,0.05123095139106848,0.8899126935343558,5.89699159349714,6.140388568242391,6.16323673248291,5.358974487781524,1.0615907388429027,2016,11,November,Q4,Monday
2016-11-08,5.751159401459285,5.861211450619687,5.747364784003958,5.815672874450684,5655000,5.76823616027832,0.04743671417236328,0.8223781560648513,0.1138466666157294,1.9795428828983983,5.874222346714565,6.122552601496379,6.155215826034546,5.368035416603089,1.076160631431757,2016,11,November,Q4,Tuesday
2016-11-09,5.677159787671248,5.781519013280935,5.650595201666781,5.732185363769531,5802000,5.815672874450684,-0.08348751068115234,-1.4355606390436537,0.13092381161415378,2.3061498444781012,5.8438632147652765,6.101237964630127,6.146509237289429,5.376858056783676,1.0894578018713477,2016,11,November,Q4,Wednesday
2016-11-10,5.724594906358584,5.760646484214464,5.63920968562338,5.6619791984558105,13073500,5.732185363769531,-0.0702061653137207,-1.2247713717958408,0.12143679859108314,2.12131688927364,5.819738456181118,6.079733562469483,6.138026065826416,5.3860368263721465,1.0946115755482886,2016,11,November,Q4,Thursday
2016-11-11,5.6999285167035545,5.724595340011796,5.671467075893398,5.713210582733154,5665000,5.6619791984558105,0.05123138427734375,0.9048317290059282,0.05312826411839833,0.9320864983254922,5.785584381648472,6.060126638412475,6.130643224716186,5.392086797952652,1.1176894730539921,2016,11,November,Q4,Friday
2016-11-14,5.720800331464152,5.732184635578173,5.673363996841144,5.690441131591797,5132000,5.713210582733154,-0.022769451141357422,-0.39854037955773247,0.05882063873702936,1.0281889828162403,5.747364452907017,6.040456485748291,6.120912532806397,5.398560370206833,1.1177801797472902,2016,11,November,Q4,Monday
2016-11-15,5.605056042627293,5.637312551882878,5.595568594524014,5.618338108062744,4073000,5.690441131591797,-0.07210302352905273,-1.2670902283613117,0.041743957358863604,0.7447553965811321,5.71429477419172,6.020659812291464,6.106409053802491,5.4055408847332,1.1224880093108067,2016,11,November,Q4,Tuesday
2016-11-16,5.608851262556868,5.608851262556868,5.5576198557226935,5.572799682617188,3893500,5.618338108062744,-0.04553842544555575,-0.8105319503681097,0.05123140683417482,0.913402841971964,5.686375277382987,5.998080237706503,6.091297588348389,5.412633146047592,1.1114225554993746,2016,11,November,Q4,Wednesday
2016-11-17,5.614543800409198,5.64300524151602,5.597466664313235,5.635415554046631,3502500,5.572799682617188,0.06261587142944247,1.1235981014131147,0.04553857720278476,0.8110824106397715,5.66062423161098,5.978979301452638,6.078649616241455,5.419991337060928,1.1428646708414951,2016,11,November,Q4,Thursday
2016-11-18,5.5879793665558575,5.58987712776428,5.531056030418898,5.53674840927124,4418500,5.635415554046631,-0.09866714477539062,-1.750840622650096,0.058821097345381546,1.0526362659358894,5.632704666682652,5.957791137695313,6.066564216613769,5.427186199426651,1.1718124973365864,2016,11,November,Q4,Friday
2016-11-21,5.625926886024492,5.650593704243417,5.620234508559636,5.646799087524414,2817000,5.53674840927124,0.11005067825317383,1.9876409422702856,0.030359195683780982,0.539630114269651,5.630536079406738,5.939006423950196,6.055847129821777,5.4354310476779935,1.2360362524402626,2016,11,November,Q4,Monday
2016-11-22,5.735978897807136,5.743568583610292,5.698030016405004,5.726491451263428,4168000,5.646799087524414,0.07969236373901367,1.411283853096168,0.045538567205288594,0.7939109961282803,5.632433346339634,5.922561852137249,6.048654203414917,5.444498651027679,1.2730586164989721,2016,11,November,Q4,Tuesday
2016-11-23,5.688543603881608,5.709415809117217,5.669569159731511,5.703723430633545,1846500,5.726491451263428,-0.022768020629882812,-0.3975911048441305,0.03984664938570592,0.7004718986159542,5.634330817631313,5.905864334106446,6.0407788181304936,5.453414701223373,1.2732706859102785,2016,11,November,Q4,Wednesday
2016-11-25,5.599364254514289,5.605056633499048,5.580389808693914,5.597466945648193,1584500,5.703723430633545,-0.10625648498535156,-1.8629319299506952,0.02466682480513427,0.4405290258665975,5.6313492230006625,5.882019821802776,6.029832077026367,5.462299199104309,1.246367689750757,2016,11,November,Q4,Friday
2016-11-28,5.603158127948565,5.614542883486606,5.582285925333365,5.610747814178467,2340000,5.597466945648193,0.013280868530273438,0.23726568927038283,0.03225695815324059,0.5756924473065076,5.636770384652274,5.861021407445273,6.021724710464477,5.47072208404541,1.2432017645844307,2016,11,November,Q4,Monday
2016-11-29,5.574695479026826,5.62213180317221,5.5595161086366405,5.595567226409912,2217000,5.610747814178467,-0.015180587768554688,-0.2705626463943567,0.06261569453556959,1.1232128242904562,5.631077766418457,5.840149466196697,6.012935228347779,5.478361897468567,1.2432563221220343,2016,11,November,Q4,Tuesday
2016-11-30,5.569003592943296,5.569003592943296,5.515875339508057,5.515875339508057,3750000,5.595567226409912,-0.07969188690185547,-1.424196755705598,0.05312825343523908,0.953999266629312,5.6280958993094305,5.812130498886109,6.000394496917725,5.485028104782105,1.1634518401996403,2016,11,November,Q4,Wednesday
2016-12-01,5.407722502587569,5.424799641018267,5.335619783191027,5.354594230651856,7284000,5.515875339508057,-0.16128110885620028,-2.9239440511101944,0.08917985782724003,1.6491204529183572,5.586352348327637,5.782467158635458,5.980956792831421,5.490850186347961,1.22581234681084,2016,12,December,Q4,Thursday
2016-12-02,5.288182429773363,5.345105761299319,5.259720990203597,5.324234008789063,4763000,5.354594230651856,-0.03036022186279297,-0.5669938851575074,0.08538477109572185,1.6146336142828794,5.528886999402728,5.752993504206341,5.959095115661621,5.496756184101105,1.2257924655663652,2016,12,December,Q4,Friday
2016-12-05,5.310952676223157,5.356491257250733,5.309055367293067,5.339414119720459,4702500,5.324234008789063,0.015180110931395596,0.28511351879607627,0.0474358899576659,0.893171015626514,5.476842812129429,5.727883990605672,5.93871036529541,5.502417504787445,1.2061737877122976,2016,12,December,Q4,Monday
2016-12-06,5.3299267235365,5.350798477363911,5.326131653574036,5.34320878982544,3281500,5.339414119720459,0.003794670104981357,0.07106903528921737,0.02466682378987528,0.46279855370147394,5.440520218440464,5.702711232503256,5.918931407928467,5.5088521027565,1.2058449223651102,2016,12,December,Q4,Tuesday
2016-12-07,5.360285547760943,5.428593635559082,5.341311104060705,5.428593635559082,3948500,5.34320878982544,0.08538484573364169,1.5980069110574924,0.08728253149837695,1.6283186916196273,5.41449819292341,5.682218837738037,5.900488243103028,5.515789058208465,1.257561992502344,2016,12,December,Q4,Wednesday
2016-12-08,5.453259924338688,5.540542447301785,5.453259924338688,5.532952308654785,10145000,5.428593635559082,0.10435867309570312,1.9223887456250033,0.08728252296309691,1.6005568077461771,5.405553204672677,5.66526829401652,5.883714799880981,5.523332662582398,1.3234579331406728,2016,12,December,Q4,Thursday
2016-12-09,5.586081852006601,5.608851366577402,5.576594403473286,5.578492164611816,4479500,5.532952308654785,0.04553985595703125,0.8230661212422996,0.032256963104115854,0.5774523889679255,5.414498465401786,5.651796420415242,5.869142417907715,5.530915398597717,1.3318093421968789,2016,12,December,Q4,Friday
2016-12-12,5.548132959841271,5.557619955983345,5.515876449139909,5.525363445281982,5280500,5.578492164611816,-0.053128719329833984,-0.9523849413442864,0.041743506843435974,0.7523883646189732,5.438894067491804,5.636806615193685,5.853621320724487,5.538628494739532,1.3382397628428426,2016,12,December,Q4,Monday
2016-12-13,5.586081495687589,5.641107517466119,5.586081495687589,5.612645626068115,4031000,5.525363445281982,0.08728218078613281,1.5796640646446924,0.05502602177852989,0.9850558360276259,5.480095727103097,5.62573815981547,5.840263319015503,5.5463159871101375,1.3781422542951525,2016,12,December,Q4,Tuesday
2016-12-14,5.555721622028521,5.563311308018936,5.466541793771838,5.468439102172852,4381500,5.612645626068115,-0.14420652389526367,-2.569314606742523,0.09676951424709834,1.7417991906470933,5.498527867453439,5.613657712936401,5.825387334823608,5.552914729118347,1.4112858060684128,2016,12,December,Q4,Wednesday
2016-12-15,5.458952238429436,5.498798430122514,5.447567482978164,5.476028919219971,3829500,5.468439102172852,0.007589817047119141,0.13879311637763347,0.05123094714434995,0.9384758266192361,5.517502171652658,5.597782373428345,5.809904174804688,5.559447696208954,1.3457822799989518,2016,12,December,Q4,Thursday
2016-12-16,5.394438794641253,5.413413236333665,5.379259422241875,5.396336555480957,4347000,5.476028919219971,-0.07969236373901367,-1.4552947932635396,0.0341538140917903,0.6331300695397293,5.512894017355783,5.579060904184977,5.793662033081055,5.564809038639068,1.3610024284494024,2016,12,December,Q4,Friday
2016-12-19,5.460850445464661,5.502594404859546,5.457055375560963,5.472235202789307,3555500,5.396336555480957,0.07589864730834961,1.4064846869356273,0.04553902929858289,0.8339182651743173,5.504220145089286,5.566474548975626,5.7796588706970216,5.570276443958282,1.366087798978826,2016,12,December,Q4,Monday
2016-12-20,5.447568043441644,5.468439795658747,5.436183286819071,5.45326042175293,1783000,5.472235202789307,-0.018974781036376953,-0.3467464451583746,0.03225650883967557,0.5921267725789925,5.486329896109445,5.555975357691447,5.7645172691345214,5.57636556148529,1.34811125593959,2016,12,December,Q4,Tuesday
2016-12-21,5.417208941246258,5.432388315426685,5.402029114679404,5.405824184417725,2023000,5.45326042175293,-0.04743623733520508,-0.8698692830803156,0.030359200747280823,0.5604214472166275,5.469252858843122,5.542313734690349,5.748237180709839,5.581444327831268,1.3401819274100293,2016,12,December,Q4,Wednesday
2016-12-22,5.405824194228558,5.421004020822961,5.367875306322191,5.379260063171387,4261000,5.405824184417725,-0.02656412124633789,-0.49139817241761197,0.053128714500769725,0.9828050745248386,5.435912064143589,5.530549558003743,5.731729402542114,5.586031985282898,1.321969036506739,2016,12,December,Q4,Thursday
2016-12-23,5.381155833383213,5.4058226487087735,5.381155833383213,5.400130271911621,1657000,5.379260063171387,0.020870208740234375,0.387975455641576,0.024666815325560698,0.45839251063005,5.426153659820557,5.5218212604522705,5.71347596168518,5.58982825756073,1.3117428116772603,2016,12,December,Q4,Friday
2016-12-27,5.369771767293684,5.4039260324494505,5.367874458913815,5.384951591491699,2012000,5.400130271911621,-0.015178680419921875,-0.281079893551317,0.036051573535635484,0.6713799971019094,5.413142613002232,5.510879294077555,5.696360988616943,5.593576917648315,1.2966606653006234,2016,12,December,Q4,Tuesday
2016-12-28,5.407721267578219,5.407721267578219,5.364080003146406,5.365977764129639,1779500,5.384951591491699,-0.018973827362060547,-0.35234907946135596,0.04364126443181249,0.8070176377888035,5.408805642809186,5.500063848495484,5.679246034622192,5.597287282943726,1.2964305481631668,2016,12,December,Q4,Wednesday
2016-12-29,5.3470024014594175,5.362181772396377,5.335617647063533,5.341310024261475,2157000,5.365977764129639,-0.024667739868164062,-0.45970633782834724,0.026564125332844135,0.4968040658742493,5.390102045876639,5.490829579035441,5.658943347930908,5.5999502825737,1.281538103578318,2016,12,December,Q4,Thursday
2016-12-30,5.312847719533668,5.335617226530833,5.295770589285794,5.318540096282959,3226500,5.341310024261475,-0.022769927978515625,-0.4262985648668449,0.03984663724503967,0.7500052579812544,5.370856285095215,5.482354259490966,5.640424261093139,5.601943128108978,1.2767280682025743,2016,12,December,Q4,Friday
2017-01-03,5.331824942250253,5.373568909415529,5.320440182806402,5.367876529693604,4474500,5.318540096282959,0.04933643341064542,0.9276311265402626,0.0531287266091276,0.9964454419372789,5.365435191563199,5.473436292012533,5.62361291885376,5.604012939929962,1.2704857127519933,2017,1,January,Q1,Tuesday
2017-01-04,5.403927185395597,5.438081005451841,5.392542427914698,5.422901630401611,4552500,5.367876529693604,0.055025100708006924,1.0250813408919424,0.04553857753714308,0.8426941365940963,5.371669701167515,5.469641399383545,5.610216960906983,5.606169295310974,1.251127859062409,2017,1,January,Q1,Wednesday
2017-01-05,5.415310510116502,5.462746383887927,5.394438309461648,5.449464321136475,5137500,5.422901630401611,0.02656269073486328,0.4898243144583203,0.06830807442627851,1.2613879536301782,5.378717422485352,5.46306357383728,5.597238416671753,5.608656475543976,1.195163898317404,2017,1,January,Q1,Thursday
2017-01-06,5.42100321960933,5.510183047770044,5.413413081240721,5.4950032234191895,4824000,5.449464321136475,0.045538902282714844,0.8356583252795424,0.09676996652932335,1.7850933233036739,5.394439084189279,5.455347299575806,5.586271171569824,5.6120219421386714,1.1743112679855772,2017,1,January,Q1,Friday
2017-01-09,5.453259730192023,5.49310592093147,5.453259730192023,5.468439102172852,3243500,5.4950032234191895,-0.02656412124633789,-0.4834232149878326,0.039846190739446286,0.7306857313037463,5.409076418195452,5.447504488627116,5.5748105812072755,5.615348863601684,1.1750881040736696,2017,1,January,Q1,Monday
2017-01-10,5.578491652908257,5.625927534064302,5.574696583365756,5.603158473968506,4241000,5.468439102172852,0.1347193717956543,2.4635799956540527,0.051230950698545996,0.9183656422939624,5.446483339582171,5.447694206237793,5.567220783233642,5.61918853521347,1.2201619996937587,2017,1,January,Q1,Tuesday
2017-01-11,5.728390094458485,5.779621047004821,5.717005337806761,5.77582597732544,6085500,5.603158473968506,0.17266750335693448,3.081610205371188,0.06261570919806037,1.0930769058244372,5.511809894016811,5.453196811676025,5.563236150741577,5.623314347267151,1.3427340371284224,2017,1,January,Q1,Wednesday
2017-01-12,5.84223630334887,5.863108054001567,5.808082488427512,5.857415676116943,10193000,5.77582597732544,0.08158969879150302,1.4126065970790247,0.0550255655740548,0.9418579242081189,5.581744057791574,5.461925093332926,5.561490478515625,5.628198206424713,1.361516255469745,2017,1,January,Q1,Thursday
2017-01-13,5.8593139552034215,5.897262842866209,5.846031889760088,5.885878086090088,4026500,5.857415676116943,0.02846240997314453,0.4859209512686258,0.05123095310612147,0.8743507089362452,5.647883551461356,5.474258518218994,5.5625909900665285,5.633290612697602,1.3290805072283722,2017,1,January,Q1,Friday
2017-01-17,5.88208294848169,5.893467705126416,5.849826439579249,5.855518817901611,3707000,5.885878086090088,-0.030359268188476562,-0.5157984542735194,0.04364126554716741,0.741935568223027,5.705891336713519,5.490956004460653,5.560655584335327,5.638988206386566,1.1986474068595816,2017,1,January,Q1,Tuesday
2017-01-18,5.846031326769723,5.849825943738714,5.80618468189065,5.827056884765625,2858500,5.855518817901611,-0.028461933135986328,-0.486070218901391,0.04364126184806416,0.746510913279326,5.753327574048724,5.507716766993204,5.558037109375,5.643890585899353,1.1967058017169898,2017,1,January,Q1,Wednesday
2017-01-19,5.787210603474509,5.808082807660804,5.758749164873431,5.76823616027832,4126000,5.827056884765625,-0.05882072448730469,-1.009441398128219,0.04933364278737251,0.852459780153045,5.796155725206647,5.5220108350118,5.55640531539917,5.648423171043396,1.2206656360381216,2017,1,January,Q1,Thursday
2017-01-20,5.756851265615521,5.794800151096444,5.7530566484992685,5.787210464477539,3984000,5.76823616027832,0.01897430419921875,0.328944649143903,0.04174350259717574,0.7251099719477039,5.822448866707938,5.536810890833537,5.556784801483154,5.652908689975739,1.2201607172620645,2017,1,January,Q1,Friday
2017-01-23,5.7587483172305305,5.781517374282683,5.737876116116461,5.773927688598633,2694500,5.787210464477539,-0.01328277587890625,-0.22951948888738638,0.043641258166221775,0.75782541208902,5.822177682604108,5.548322025934855,5.555949897766113,5.657838759422302,1.1971622724179254,2017,1,January,Q1,Monday
2017-01-24,5.770133779456364,5.787210914968025,5.7587494748350245,5.785313606262207,2465500,5.773927688598633,0.011385917663574219,0.1971953629772205,0.028461440133000337,0.4932544239153125,5.811877386910575,5.556734069188436,5.557012462615967,5.662097165584564,1.1528176760397892,2017,1,January,Q1,Tuesday
2017-01-25,5.7872100265236055,5.847928419652706,5.7853127181090604,5.842236042022705,3977500,5.785313606262207,0.05692243576049805,0.9839127078415055,0.06261570154364549,1.0819669798861424,5.805642809186663,5.565525531768799,5.560617599487305,5.665779116153717,1.156399488040568,2017,1,January,Q1,Wednesday
2017-01-26,5.868800338220374,5.92003128597796,5.868800338220374,5.904851913452148,4733500,5.842236042022705,0.06261587142944336,1.071779212257984,0.05123094775758652,0.8729373092477967,5.812690394265311,5.578175147374471,5.5644504261016845,5.668837382793426,1.148247771734413,2017,1,January,Q1,Thursday
2017-01-27,5.817569741134269,5.866903383396457,5.768236098872082,5.791005611419678,3515500,5.904851913452148,-0.1138463020324707,-1.9280128223556514,0.09866728452437457,1.6960223755759758,5.807540212358747,5.584120480219523,5.566461715698242,5.671203408241272,1.183901596849269,2017,1,January,Q1,Friday
2017-01-30,5.569004369955051,5.624030391823558,5.532952791587435,5.586081504821777,9429500,5.791005611419678,-0.2049241065979004,-3.5386618550981352,0.09107760023612332,1.6354377584526556,5.781518118722098,5.588041893641154,5.565816583633423,5.673008465766907,1.2696980872937362,2017,1,January,Q1,Monday
2017-01-31,5.741672065469149,5.766338887014007,5.711312865691906,5.743569374084473,5353000,5.586081504821777,0.1574878692626953,2.81929057294914,0.055026021322101215,0.958362314926202,5.775283677237375,5.596959908803304,5.569231977462769,5.676499876976013,1.3648186821737125,2017,1,January,Q1,Tuesday
2017-02-01,5.728389896798372,5.753056717897163,5.705620384280596,5.737876892089844,4342000,5.743569374084473,-0.005692481994628906,-0.09911052907820572,0.04743633361656663,0.8280919153753665,5.770133563450405,5.608344586690267,5.571281204223633,5.680133149623871,1.3312397558722089,2017,2,February,Q1,Wednesday
2017-02-02,5.7891092535580215,6.113572146328051,5.7891092535580215,6.060443878173828,10767500,5.737876892089844,0.3225669860839844,5.62171325998071,0.32446289277002904,5.6047118573658326,5.8094378880092075,5.627951542536418,5.581755113601685,5.685123775005341,1.6466106060379504,2017,2,February,Q1,Thursday
2017-02-03,5.995929425284158,6.033878308475686,5.986441978293091,6.00731372833252,5173000,6.060443878173828,-0.053130149841307706,-0.8766709321845423,0.0474363301825953,0.7911422369743321,5.833020414624896,5.646419986089071,5.588965406417847,5.688741664886475,1.6571937707963995,2017,2,February,Q1,Friday
2017-02-06,6.031981982815152,6.064238948350478,6.026290056129897,6.060443878173828,3147000,6.00731372833252,0.053130149841307706,0.8844244240271415,0.037948892220581065,0.6291280764547336,5.855247838156564,5.668240642547607,5.595644454956055,5.694044537544251,1.6440686169241843,2017,2,February,Q1,Monday
2017-02-07,6.079417462584529,6.102186975644108,6.077520153958369,6.092699527740479,2993000,6.060443878173828,0.03225564956665128,0.5322324604443152,0.02466682168573886,0.40574317913763247,5.898346969059536,5.692021958033243,5.603423976898194,5.69930052280426,1.6356460266032842,2017,2,February,Q1,Tuesday
2017-02-08,6.050954156217433,6.083211109637208,6.031979717233845,6.039569854736328,3031500,6.092699527740479,-0.05312967300415128,-0.8720218806499203,0.05123139240336272,0.8466663451865984,5.963131019047329,5.713336610794068,5.612266035079956,5.705180315971375,1.6528166863127032,2017,2,February,Q1,Wednesday
2017-02-09,6.020597689860691,6.056648820876369,6.01680261967597,6.03387975692749,2453000,6.039569854736328,-0.005690097808837891,-0.09421362689224777,0.03984620120039839,0.661831320626248,6.004603930882046,5.734967549641927,5.620728673934937,5.710965421199798,1.65056357152651,2017,2,February,Q1,Thursday
2017-02-10,6.014904256519748,6.035776007911229,6.0035195003475215,6.028186321258545,2593500,6.03387975692749,-0.0056934356689453125,-0.0943577913101179,0.03225650756370779,0.5362763260735851,6.046076706477574,5.757041168212891,5.629381055831909,5.7168734478950505,1.6472149419037276,2017,2,February,Q1,Friday
2017-02-13,5.984544747174633,6.030083317115587,5.984544747174633,6.011108875274658,3320500,6.028186321258545,-0.01707744598388672,-0.2832932672247157,0.04553856994095451,0.7609362426850221,6.03902884892055,5.779367796579996,5.639285726547241,5.723973498344422,1.644346495463251,2017,2,February,Q1,Monday
2017-02-14,5.982648232490886,6.016802051381574,5.969365714292157,6.001622676849365,2750000,6.011108875274658,-0.009486198425292969,-0.1578111230743473,0.04743633708941708,0.7928986503300876,6.038215841565814,5.80213721593221,5.652226295471191,5.731177518367767,1.6403778899203165,2017,2,February,Q1,Tuesday
2017-02-15,5.9522888254538655,5.995930091209687,5.9522888254538655,5.990237712860107,3143000,6.001622676849365,-0.011384963989257812,-0.1896980967026507,0.043641265755821834,0.7331846124334224,6.028186389378139,5.822882588704427,5.6655463695526125,5.7377379560470585,1.641055242113023,2017,2,February,Q1,Wednesday
2017-02-16,5.937108567679844,5.957980770907236,5.927621572710803,5.939006328582764,3270000,5.990237712860107,-0.05123138427734375,-0.8552479339402175,0.03035919819643329,0.5113465224756254,6.006230218069894,5.8400860786437985,5.677538213729858,5.744609968662262,1.6514112032461108,2017,2,February,Q1,Thursday
2017-02-17,5.935211389507899,5.946596145629883,5.916236946766724,5.946596145629883,3780000,5.939006328582764,0.007589817047119141,0.12779607609763044,0.030359198863158632,0.5115099845782541,5.992948259626116,5.856657139460245,5.689605960845947,5.7517754125595095,1.651423807400372,2017,2,February,Q1,Friday
2017-02-21,5.918134342809632,5.94090385539019,5.904852277933108,5.925724029541016,3636000,5.946596145629883,-0.020872116088867188,-0.3509926616456993,0.03605157745708265,0.6091713261103022,5.977497441428048,5.871014499664307,5.699548568725586,5.758713486194611,1.6524724117613692,2017,2,February,Q1,Tuesday
2017-02-22,5.937109070731405,5.946596518890708,5.920031935476517,5.940904140472412,3340500,5.925724029541016,0.015180110931396484,0.256173099788648,0.026564583414190324,0.4474329694421089,5.9650285584586005,5.886763334274292,5.707707605361938,5.765831546783447,1.6464293536937062,2017,2,February,Q1,Wednesday
2017-02-23,5.925723603757215,5.927621364593506,5.89346709817677,5.927621364593506,4794500,5.940904140472412,-0.01328277587890625,-0.2235817236709403,0.0341542664167358,0.5763729242295443,5.953101771218436,5.897578763961792,5.714690189361573,5.772826421260834,1.5964110457339993,2017,2,February,Q1,Thursday
2017-02-24,5.878287610104634,5.878287610104634,5.851723482783163,5.868800163269043,2676500,5.927621364593506,-0.05882120132446289,-0.9923238632583709,0.026564127321471176,0.4519024771058851,5.934127126421247,5.9006779034932455,5.721558923721314,5.778732357025146,1.5139785508870633,2017,2,February,Q1,Friday
2017-02-27,5.863109150241969,5.866904220336753,5.825160258839999,5.838442325592041,3432000,5.868800163269043,-0.030357837677001953,-0.5172750278157667,0.04174396149675452,0.7119765371421025,5.912442071097238,5.9000454584757485,5.726074857711792,5.784685213565826,1.495596495279634,2017,2,February,Q1,Monday
2017-02-28,5.889672948062357,5.9105446998247455,5.861211057126,5.87449312210083,4133500,5.838442325592041,0.03605079650878906,0.6174728548874242,0.04933364269874563,0.8376295786504734,5.903225898742676,5.899665959676107,5.734195938110352,5.789607145786285,1.4972627382196344,2017,2,February,Q1,Tuesday
2017-03-01,5.931416964534228,5.986442990178879,5.923827277090315,5.9826483726501465,5517000,5.87449312210083,0.1081552505493164,1.841099279568792,0.0626157130885634,1.055661968513798,5.908376216888428,5.903903611501058,5.744328327178955,5.794804916381836,1.530501155134688,2017,3,March,Q1,Wednesday
2017-03-02,5.957980659353466,5.9807497182846845,5.950390520656679,5.959877967834473,5489000,5.9826483726501465,-0.022770404815673828,-0.3806074400054871,0.03035919762800532,0.5095551557446607,5.91325535093035,5.908330980936686,5.755599155426025,5.799661741256714,1.529270099431063,2017,3,March,Q1,Thursday
2017-03-03,5.988338947296143,6.009211148538832,5.965569890103681,5.988338947296143,4764000,5.959877967834473,0.028460979461669922,0.4775429902302397,0.04364125843515154,0.7287706794695792,5.920031751905169,5.915667740503947,5.765921230316162,5.805077209472656,1.5165755750550787,2017,3,March,Q1,Friday
2017-03-06,5.942801485468672,5.942801485468672,5.901057527608195,5.9162373542785645,2689000,5.988338947296143,-0.07210159301757812,-1.2040332661886755,0.04174395786047658,0.7024289463908366,5.91840546471732,5.919968636830648,5.775180768966675,5.809318408966065,1.5355531355190628,2017,3,March,Q1,Monday
2017-03-07,5.883980203659066,5.8877748206234655,5.847928628178982,5.853621006011963,2382000,5.9162373542785645,-0.06261634826660156,-1.0583812737215204,0.039846192444483286,0.6771979351613755,5.916237013680594,5.922625080744425,5.784136705398559,5.813899428844452,1.548802669399893,2017,3,March,Q1,Tuesday
2017-03-08,5.859313950009799,5.8669036370583445,5.828954749429194,5.832749366760254,1839000,5.853621006011963,-0.020871639251708984,-0.3565594566213415,0.03794888762915072,0.6476677637163861,5.915423733847482,5.924206272761027,5.793206491470337,5.8180449056625365,1.5503750032867112,2017,3,March,Q1,Wednesday
2017-03-09,5.853621856351547,5.876390918604687,5.830852341711959,5.84792947769165,2790000,5.832749366760254,0.015180110931396484,0.2602565270146018,0.04553857689272789,0.7779555634143956,5.911628927503314,5.924396053949992,5.802162475585938,5.822427144050598,1.5407611309282925,2017,3,March,Q1,Thursday
2017-03-10,6.0186996197453695,6.043366443714151,5.980750729391313,6.016802310943604,5950500,5.84792947769165,0.168872833251954,2.8877371708424304,0.0626157143228383,1.0403528715308668,5.916508061545236,5.928127733866374,5.814799489974976,5.826168172359466,1.6174895073684779,2017,3,March,Q1,Friday
2017-03-13,6.033879140078685,6.054750892994707,6.033879140078685,6.052853584289551,3211000,6.016802310943604,0.03605127334594638,0.5991766304233481,0.020871752916021613,0.3459093633047054,5.9297902924673895,5.936855999628703,5.828537006378173,5.830032684803009,1.5748149556398372,2017,3,March,Q1,Monday
2017-03-14,6.014905104719047,6.014905104719047,5.957981768217201,5.969366073608398,2157500,6.052853584289551,-0.08348751068115234,-1.3793082802770584,0.05692333650184622,0.9463713144399654,5.9270798819405695,5.94963215192159,5.841098127365112,5.833337824344635,1.4438697317857832,2017,3,March,Q1,Tuesday
2017-03-15,5.976956035297,6.022494612661791,5.937109384264663,6.013007164001465,3156000,5.969366073608398,0.043641090393066406,0.7310841696576587,0.08538522839712748,1.4285738073508283,5.940904140472412,5.95861341158549,5.854987468719482,5.836889550685883,1.3628675298627955,2017,3,March,Q1,Wednesday
2017-03-16,6.049057987023031,6.071827499045171,6.039570991938068,6.050955295562744,2961500,6.013007164001465,0.0379481315612793,0.6311007209248931,0.03225650710710326,0.5332484359763577,5.969094753265381,5.96904935836792,5.868649044036865,5.840782418251037,1.364568388963081,2017,3,March,Q1,Thursday
2017-03-17,6.08321200302864,6.105981061721064,6.079416933720048,6.08890438079834,2093000,6.050955295562744,0.0379490852355957,0.6271585788020007,0.026564128001015597,0.43667930671806526,6.005688326699393,5.969998041788737,5.8819690990448,5.844865031242371,0.9062229231675182,2017,3,March,Q1,Friday
2017-03-20,6.102187530302079,6.113571835480228,6.075622945189179,6.096495151519775,1691000,6.08890438079834,0.007590770721435547,0.12466562531960879,0.037948890291049864,0.6218899386917278,6.041197708674839,5.972970755894979,5.8949097156524655,5.8488531279563905,0.8903766978273544,2017,3,March,Q1,Monday
2017-03-21,6.109776927234647,6.124956301674387,6.024391701948419,6.026289463043213,3407500,6.096495151519775,-0.0702056884765625,-1.1515745806680577,0.10056459972596787,1.645961889012608,6.042553016117641,5.971832275390625,5.905535440444947,5.852537500858307,0.9023277134704407,2017,3,March,Q1,Tuesday
2017-03-22,6.043366869514204,6.073726074413772,6.0319821111285545,6.068033695220947,2176500,6.026289463043213,0.041744232177734375,0.6927020753605406,0.041743963285217234,0.6907401815334904,6.044721603393555,5.971010080973307,5.917527332305908,5.855626304149627,0.9061506419134085,2017,3,March,Q1,Wednesday
2017-03-23,6.056647785905307,6.056647785905307,6.00921190482788,6.030083656311035,3106000,6.068033695220947,-0.03795003890991211,-0.6254091657368455,0.04743588107742713,0.783203560025684,6.053395543779645,5.970693874359131,5.926065835952759,5.858440194129944,0.8991484765361104,2017,3,March,Q1,Thursday
2017-03-24,6.124955896793087,6.149622717916924,6.107879214773818,6.111673831939697,2637500,6.030083656311035,0.08159017562866211,1.3530521345797686,0.04174350314310615,0.6815314893118214,6.067490782056536,5.9732870101928714,5.932782793045044,5.861387631893158,0.9322119280301746,2017,3,March,Q1,Friday
2017-03-27,6.119264472761694,6.164803504943848,6.100290026814622,6.164803504943848,2522500,6.111673831939697,0.05312967300415039,0.8693146012880071,0.06451347812922581,1.054268505902804,6.083754811968122,5.9778409163157145,5.938930549621582,5.864988670349121,0.9437094433466903,2017,3,March,Q1,Monday
2017-03-28,6.180215473897845,6.184021203241112,6.147868362279898,6.17641019821167,1718000,6.164803504943848,0.011606693267822266,0.18827353148425097,0.03615284096121396,0.5849770305567107,6.0962556430271695,5.983350960413615,5.944741191864014,5.869347956180572,0.9413911619799247,2017,3,March,Q1,Tuesday
2017-03-29,6.30770206451416,6.32482671330751,6.286771232522332,6.30770206451416,4726000,6.17641019821167,0.13129186630249023,2.1256986192482064,0.03805548078517784,0.6033176645940553,6.126428059169224,5.993553606669108,5.953784856796265,5.874846270084381,1.0100795426249016,2017,3,March,Q1,Wednesday
2017-03-30,6.37810346234162,6.397131199165418,6.3666867295159335,6.370492458343506,4098500,6.30770206451416,0.0627903938293457,0.9954559233637861,0.030444469649484773,0.47732793657611133,6.175599915640695,6.006228764851888,5.964653568267822,5.880516607761383,1.0186321961761142,2017,3,March,Q1,Thursday
2017-03-31,6.414256457980638,6.42757582872296,6.391422991761207,6.41806173324585,3235000,6.370492458343506,0.04756927490234375,0.7467126790181133,0.036152836961752755,0.5636325456985942,6.225603921072824,6.022197278340657,5.977650079727173,5.886112537384033,1.0027098110936066,2017,3,March,Q1,Friday
2017-04-03,6.273450611289211,6.282964706420898,6.239200866860592,6.282964706420898,4156500,6.41806173324585,-0.13509702682495117,-2.104950566697461,0.04376383956030683,0.6976039546968433,6.261729785374233,6.033409563700358,5.98756516456604,5.891184377670288,1.0920316094576505,2017,4,April,Q2,Monday
2017-04-04,6.305799065124488,6.315313162288464,6.277257680946803,6.303896427154541,2958000,6.282964706420898,0.020931720733642578,0.3331503790281021,0.03805548134166159,0.6034997460057872,6.2891901561192105,6.046015310287475,5.998164539337158,5.896285181045532,1.0874931959104268,2017,4,April,Q2,Tuesday
2017-04-05,6.263937801437968,6.279159811281168,6.22968759880514,6.233493328094482,3573500,6.303896427154541,-0.0704030990600586,-1.1168187782526262,0.04947221247602851,0.7897941206356093,6.299002987997873,6.055768283208211,6.007128133773803,5.900447301864624,1.1141398909428624,2017,4,April,Q2,Wednesday
2017-04-06,6.145965547538322,6.149771276772048,6.121229441661793,6.128840446472168,2592500,6.233493328094482,-0.10465288162231445,-1.678880141743988,0.02854183511025532,0.46439952989465333,6.292207309177944,6.0624755859375,6.012860221862793,5.903575196266174,1.162342854023181,2017,4,April,Q2,Thursday
2017-04-07,6.106007133405549,6.115520775538951,6.0850763041293625,6.104104042053223,2617500,6.128840446472168,-0.024736404418945312,-0.40360659793622355,0.030444471409588836,0.4985986872342354,6.2631218773978095,6.070319048563639,6.0168452644348145,5.907024133205414,1.1478324874802834,2017,4,April,Q2,Friday
2017-04-10,6.090784963556714,6.098395968360583,6.054632123666986,6.075562953948975,2652500,6.104104042053223,-0.028541088104248047,-0.4675721106262132,0.043763844693597065,0.7185255259453647,6.220989091055734,6.07822306950887,6.0225364112854,5.9099613428115845,1.1468903266806174,2017,4,April,Q2,Monday
2017-04-11,6.073659776142147,6.073659776142147,6.031799023487556,6.060340404510498,4652000,6.075562953948975,-0.015222549438476562,-0.2505537273477243,0.04186075265459088,0.689217937741977,6.16988604409354,6.084417978922526,6.032021589279175,5.9141471529006955,1.1453548483099671,2017,4,April,Q2,Tuesday
2017-04-12,6.007062404795436,6.0184791376921005,5.967103839657111,5.98993730545044,3091000,6.060340404510498,-0.0704030990600577,-1.1617020556742852,0.05137529803498975,0.8552482823214367,6.128024986812046,6.084660943349203,6.036948947906494,5.918472990989685,1.1197974163882747,2017,4,April,Q2,Wednesday
2017-04-13,5.963298889306348,5.9842292649857,5.959493160247803,5.959493160247803,2704000,5.98993730545044,-0.030444145202637607,-0.5082548222155148,0.024736104737897335,0.41480571739000394,6.078824520111084,6.084648116429647,6.0413812732696535,5.92166252374649,1.1215743047519842,2017,4,April,Q2,Thursday
2017-04-17,6.047020138391732,6.058436870574951,6.031798131252108,6.058436870574951,2577000,5.959493160247803,0.09894371032714844,1.6602705576900911,0.026638739322843108,0.440526717510287,6.053816454751151,6.0869847138722735,6.041341133117676,5.924192378520965,1.1588925367086342,2017,4,April,Q2,Monday
2017-04-18,6.027994155883789,6.027994155883789,5.9956470410611615,6.027994155883789,2755000,6.058436870574951,-0.03044271469116211,-0.5024846398749894,0.03234711482262753,0.5366149001829115,6.039409841809954,6.090709940592448,6.041754741668701,5.926560559272766,1.1397336551246369,2017,4,April,Q2,Tuesday
2017-04-19,6.109812494567008,6.128840232757984,6.075562747286076,6.083173751831055,4593500,6.027994155883789,0.055179595947265625,0.915389008687173,0.05327748547190758,0.8719986991300176,6.036419800349644,6.098361698786418,6.042209339141846,5.9291667866706845,1.1293523690900467,2017,4,April,Q2,Wednesday
2017-04-20,6.227783654781407,6.254422393248373,6.21065855705679,6.246811389923096,6205000,6.083173751831055,0.16363763809204102,2.6900043425980735,0.04376383619158375,0.7027192757086845,6.060883862631662,6.112163766225179,6.045291576385498,5.932780454158783,1.217233214215473,2017,4,April,Q2,Thursday
2017-04-21,6.475145183418877,6.475145183418877,6.334339569177577,6.408547878265381,10805000,6.246811389923096,0.16173648834228516,2.589104716738966,0.1408056142412999,2.1745553227418837,6.1106277874537875,6.130851046244303,6.0526711368560795,5.936351191997528,1.2908665836786928,2017,4,April,Q2,Friday
2017-04-24,6.461825604554531,6.465631333494546,6.406645483695097,6.435186862945557,7361500,6.408547878265381,0.02663898468017578,0.4156789523336757,0.05898584979944932,0.9128356815738564,6.174234867095947,6.144797197977701,6.06069727897644,5.940064597129822,1.1963226610176794,2017,4,April,Q2,Monday
2017-04-25,6.435187726851834,6.440896094199667,6.39332651752009,6.402840614318848,4462000,6.435186862945557,-0.032346248626708984,-0.5026466102012073,0.047569576679577175,0.7392103960088938,6.237570217677525,6.1564634323120115,6.068190364837647,5.943133687973022,1.2015388228860795,2017,4,April,Q2,Tuesday
2017-04-26,6.3838122783267535,6.408548383305406,6.364784540162949,6.389520645141602,4326000,6.402840614318848,-0.013319969177246094,-0.20803218414430225,0.043763843142456516,0.6855440171860341,6.284867899758475,6.170468584696452,6.075758600234986,5.945558986663818,1.1671745511383327,2017,4,April,Q2,Wednesday
2017-04-27,6.402840257970487,6.425673726091031,6.366687417998654,6.416159629821777,3589500,6.389520645141602,0.02663898468017578,0.4169167948526953,0.05898630809237648,0.9212522211365213,6.340320110321045,6.183907000223796,6.084049339294434,5.9486946725845335,1.1639615187702166,2017,4,April,Q2,Thursday
2017-04-28,6.536034674404844,6.581701612352593,6.501784924601129,6.568381786346436,4884000,6.416159629821777,0.1522221565246591,2.372480818855305,0.07991668775146454,1.2227090542285344,6.409635543823242,6.201154549916585,6.09561222076416,5.953575541973114,1.2267391089064852,2017,4,April,Q2,Friday
2017-05-01,6.591216355684342,6.629271841222537,6.581702711128379,6.598827362060547,4152500,6.568381786346436,0.03044557571411044,0.46351714477677053,0.04756913009415786,0.7217048800580441,6.459923539842878,6.218151982625326,6.108808641433716,5.958144989013672,1.2255105787958398,2017,5,May,Q2,Monday
2017-05-02,6.551256043173895,6.610241889953613,6.543644585683527,6.610241889953613,4932500,6.598827362060547,0.011414527893066406,0.17297812576053673,0.06659730427008625,1.016557799469272,6.488736970084054,6.235276873906454,6.1220815563201905,5.962771508693695,1.2253370446682026,2017,5,May,Q2,Tuesday
2017-05-03,6.595020057659271,6.610242065730744,6.558867221418232,6.585505962371826,4279500,6.610241889953613,-0.02473592758178711,-0.3742060879705633,0.05137484431251149,0.7789945119703797,6.51021112714495,6.253917423884074,6.135277194976807,5.967028334140777,1.2020779459076993,2017,5,May,Q2,Wednesday
2017-05-04,6.564576177824292,6.58550655421786,6.555062081681806,6.581701278686523,3288500,6.585505962371826,-0.0038046836853027344,-0.057773597154753276,0.03044447253605398,0.46376904938506236,6.535762650626046,6.27103967666626,6.148093137741089,5.97129451751709,1.2015011539548908,2017,5,May,Q2,Thursday
2017-05-05,6.564575682001613,6.631172535340661,6.564575682001613,6.617853164672852,4407500,6.581701278686523,0.036151885986328125,0.5492787420085188,0.06659685333904797,1.0144883167641665,6.568381581987653,6.290631993611654,6.161897773742676,5.975504908561707,1.190125947409545,2017,5,May,Q2,Friday
2017-05-08,6.680644272402956,6.709186103008028,6.671130631305937,6.690158367156982,4140500,6.617853164672852,0.07230520248413086,1.0925779204365993,0.03805547170209067,0.569637749749584,6.607524258749826,6.30991481145223,6.178324937820435,5.980568861961364,1.183239547366297,2017,5,May,Q2,Monday
2017-05-09,6.722505634475065,6.758658469558956,6.722505634475065,6.737727642059326,5080500,6.690158367156982,0.04756927490234375,0.7110336152260421,0.036152835083890444,0.5377880964277315,6.631716523851667,6.329012282689413,6.19631064414978,5.985671954154968,1.1810040988075368,2017,5,May,Q2,Tuesday
2017-05-10,6.796714903657778,6.798617541460708,6.766270430525484,6.773881435394287,4469500,6.737727642059326,0.03615379333496094,0.5365873370908547,0.032347110935224244,0.4759227272842657,6.65672424861363,6.3489279905955,6.214298410415649,5.99129646062851,1.1815456008631366,2017,5,May,Q2,Wednesday
2017-05-11,6.766270964453893,6.785298704955926,6.737729126872285,6.771979331970215,3481000,6.773881435394287,-0.0019021034240722656,-0.028079963344707082,0.04756957808364071,0.7030398033650143,6.6798295974731445,6.364403899510702,6.2300850296020505,5.996570811271668,1.1321296132575887,2017,5,May,Q2,Thursday
2017-05-12,6.762464489013537,6.777686951930448,6.749145117496908,6.764367580413818,2647000,6.771979331970215,-0.007611751556396484,-0.11240069089493154,0.028541834433540636,0.4220626145972432,6.705381257193429,6.377533070246378,6.2461748218536375,6.001636784076691,1.1247900391573578,2017,5,May,Q2,Friday
2017-05-15,6.728214263916016,6.733922630397658,6.699672431507806,6.728214263916016,3840000,6.764367580413818,-0.036153316497802734,-0.5344670594555567,0.03425019888985226,0.509053331929974,6.726311683654785,6.387871487935384,6.260972328186035,6.006247580051422,1.127880111096208,2017,5,May,Q2,Monday
2017-05-16,6.77197801977908,6.775783748604907,6.730116817323113,6.749144554138184,3713500,6.728214263916016,0.02093029022216797,0.31108239721822084,0.045666931281793666,0.6743514398365316,6.745067596435547,6.403410816192627,6.277630472183228,6.00837982416153,1.043409261068904,2017,5,May,Q2,Tuesday
2017-05-17,6.802422574520326,6.832867044536738,6.724408535042576,6.728214263916016,7167500,6.749144554138184,-0.02093029022216797,-0.310117675718391,0.10845850949416214,1.5944100547415654,6.750504153115409,6.4175547440846765,6.295122337341309,6.011268489360809,1.0481148836155856,2017,5,May,Q2,Wednesday
2017-05-18,6.71109032271117,6.735826430515045,6.682548939034153,6.720604419708252,4744500,6.728214263916016,-0.007609844207763672,-0.11310347603785686,0.053277491480892,0.793872365278624,6.748057978493827,6.433791780471802,6.312879438400269,6.01411910533905,1.0195128131663178,2017,5,May,Q2,Thursday
2017-05-19,6.751048123406522,6.81003397561279,6.73963138977768,6.785297870635986,4855000,6.720604419708252,0.06469345092773438,0.9626135818680215,0.07040258583511072,1.0428393421018332,6.749688897814069,6.455673694610596,6.331626806259155,6.017435123920441,0.9589004457499148,2017,5,May,Q2,Friday
2017-05-22,6.747243047254456,6.76817342516143,6.732021036714312,6.760562419891357,3222500,6.785297870635986,-0.024735450744628906,-0.3645448028401832,0.036152388447117545,0.5358097847361293,6.748057910374233,6.477555640538534,6.346502008438111,6.020390906333923,0.9578760516735394,2017,5,May,Q2,Monday
2017-05-23,6.787200594303582,6.804325694963706,6.756756575783897,6.764367580413818,2688500,6.760562419891357,0.0038051605224609375,0.05628467405707216,0.04756911917980844,0.7008650844905431,6.748057910374233,6.500515794754028,6.3607322883605955,6.023252167701721,0.9472597662767264,2017,5,May,Q2,Tuesday
2017-05-24,6.796713751597445,6.85950532502163,6.787199656881293,6.85379695892334,5235500,6.764367580413818,0.08942937850952148,1.322065624707669,0.0723056681403369,1.06383276952546,6.765998295375279,6.52696434656779,6.378420906066895,6.026957993507385,0.955617171158443,2017,5,May,Q2,Wednesday
2017-05-25,6.846187588518864,6.889951436607721,6.811937383758656,6.882340431213379,8592000,6.85379695892334,0.028543472290039062,0.41646218090656273,0.07801405284906426,1.1395254926974938,6.785026277814593,6.556711117426555,6.395807571411133,6.030286104679107,0.9080645655500877,2017,5,May,Q2,Thursday
2017-05-26,6.897561763769697,7.006019827531523,6.897561763769697,6.979381084442139,13544000,6.882340431213379,0.09704065322875977,1.4099949602703887,0.10845806376182576,1.5724116358263767,6.820907252175467,6.590707381566365,6.414376087188721,6.0340994191169735,0.904485177157357,2017,5,May,Q2,Friday
2017-05-30,6.952742876032862,6.983187350615,6.924201039344262,6.941326141357422,10339500,6.979381084442139,-0.0380549430847168,-0.545248104728735,0.05898631127073806,0.8483890792808207,6.852438926696777,6.620137023925781,6.431424522399903,6.037542679309845,0.8992240927517812,2017,5,May,Q2,Tuesday
2017-05-31,6.969866786751488,6.977477790681869,6.935616588579236,6.967963695526123,5235000,6.941326141357422,0.026637554168701172,0.3837530988493709,0.04186120210263322,0.6006026138434113,6.878534044538226,6.651469341913859,6.448853893280029,6.0413272976875305,0.8809413002848132,2017,5,May,Q2,Wednesday
2017-06-01,6.924199939579695,6.950839134143676,6.91088056912622,6.947033405303955,5660500,6.967963695526123,-0.02093029022216797,-0.3003788644249994,0.039958565017456316,0.5770856613924097,6.905172756740025,6.680264663696289,6.467268772125244,6.0450640344619755,0.8885294234940413,2017,6,June,Q2,Thursday
2017-06-02,7.103061000338665,7.182977676391602,7.0764222595400295,7.182977676391602,6876000,6.947033405303955,0.23594427108764648,3.3963313161486486,0.1065554168515721,1.500133771151503,6.964974199022565,6.711470206578572,6.489567651748657,6.049961569309235,0.9567432330085066,2017,6,June,Q2,Friday
2017-06-05,7.1829780662564575,7.207714170814067,7.165852966103407,7.167755603790283,3587000,7.182977676391602,-0.01522207260131836,-0.2119186956594521,0.041861204710659905,0.5827834127367265,7.009825434003558,6.736777130762736,6.512321090698242,6.055170955657959,0.8761875737969003,2017,6,June,Q2,Monday
2017-06-06,7.22103360874696,7.276213731433346,7.215325241976461,7.255283355712891,4417000,7.167755603790283,0.08752775192260742,1.2211319241454577,0.060888489456885075,0.8432101656905435,7.063102994646345,6.764113680521647,6.535193281173706,6.060127234458923,0.8896333026219079,2017,6,June,Q2,Tuesday
2017-06-07,7.247672378136322,7.247672378136322,7.196297530668226,7.200102806091309,5302000,7.255283355712891,-0.05518054962158203,-0.7605567820880843,0.05137484746809573,0.7088461617425695,7.094634669167655,6.790689086914062,6.555899267196655,6.065167171955109,0.8998879516789186,2017,6,June,Q2,Wednesday
2017-06-08,7.150630357414276,7.2172276653207,7.122088978066556,7.209616661071777,5717000,7.200102806091309,0.00951385498046875,0.1321349880229583,0.09513868725414376,1.33049371172567,7.1329618862697055,6.818025620778402,6.5765633964538575,6.06998027086258,0.894141744189982,2017,6,June,Q2,Thursday
2017-06-09,7.093547486906762,7.167755802638278,7.023144900311631,7.034561634063721,11427000,7.209616661071777,-0.17505502700805664,-2.4280767652081092,0.1446109023266473,2.0386259850035464,7.142475877489362,6.8386390209198,6.591100587844848,6.0738140082359315,1.033137116253617,2017,6,June,Q2,Friday
2017-06-12,7.034561221489238,7.049783229827881,6.956547181196831,7.049783229827881,6318500,7.034561634063721,0.015221595764160156,0.2163830037461345,0.0932360486310495,1.3253996332597295,7.157154423849923,6.854685735702515,6.6046864032745365,6.077600848674774,0.95707449090899,2017,6,June,Q2,Monday
2017-06-13,7.015533035664437,7.03836604671246,6.998407937135662,7.030755043029785,4085500,7.049783229827881,-0.019028186798095703,-0.2699116579583105,0.039958109576797796,0.5695662663644401,7.135408333369663,6.869083325068156,6.616940269470215,6.081112759113312,0.9605409290118652,2017,6,June,Q2,Tuesday
2017-06-14,7.104963769510269,7.104963769510269,7.026950183253115,7.0516862869262695,3742500,7.030755043029785,0.020931243896484375,0.29770975902845276,0.07801358625715427,1.0980152578952782,7.11882700238909,6.883798138300578,6.632314701080322,6.0849753499031065,0.9606182486779625,2017,6,June,Q2,Wednesday
2017-06-15,7.099256393583137,7.1335065974436604,7.070715010689802,7.122089862823486,4981500,7.0516862869262695,0.0704035758972168,0.9983934768587721,0.06279158675385865,0.884481180460176,7.099799360547747,6.901684268315633,6.648678569793701,6.089502208232879,0.964015042131995,2017,6,June,Q2,Thursday
2017-06-16,7.120186776878,7.120186776878,7.070714565741845,7.103061676025391,4045500,7.122089862823486,-0.019028186798095703,-0.2671713944164211,0.04947221113615452,0.6948161991594086,7.085936341966901,6.919062948226928,6.6660699367523195,6.094179942607879,0.967192298604271,2017,6,June,Q2,Friday
2017-06-19,7.327588858416708,7.388477346428149,7.323783129441034,7.352324962615967,6999000,7.103061676025391,0.24926328659057617,3.5092372551388973,0.06469421698711564,0.8828854652892506,7.1063232421875,6.943545341491699,6.690539627075196,6.100510878562927,1.1343618646541866,2017,6,June,Q2,Monday
2017-06-20,7.318074786209106,7.323783152862347,7.257185844345896,7.26099157333374,2816500,7.352324962615967,-0.09133338928222656,-1.2422382001152754,0.06659730851645129,0.9100386435234818,7.138670376368931,6.962573115030924,6.713677377700805,6.106404073238373,1.1619554701668116,2017,6,June,Q2,Tuesday
2017-06-21,7.238157722521826,7.260991187922801,7.232449809828608,7.257185459136963,2432000,7.26099157333374,-0.0038061141967773438,-0.052418656024277865,0.028541378094192993,0.3943182670002523,7.168299266270229,6.979888375600179,6.737309827804565,6.1118051218986515,1.1605438889396114,2017,6,June,Q2,Wednesday
2017-06-22,7.3028529582787485,7.333297429963693,7.3028529582787485,7.308561325073242,2007000,7.257185459136963,0.0513758659362793,0.7079310047340082,0.030444471684944574,0.41688463205919746,7.207985877990723,6.997711038589477,6.762274246215821,6.116630368232727,1.1624010772374431,2017,6,June,Q2,Thursday
2017-06-23,7.31807440574532,7.333296867248237,7.278116294907084,7.329491138458252,2419000,7.308561325073242,0.020929813385009766,0.28637391757535546,0.055180572341152256,0.7540313104473322,7.247672285352435,7.016294765472412,6.7890653228759765,6.121635959148407,1.161130584144616,2017,6,June,Q2,Friday
2017-06-26,7.34851950364575,7.407505356165185,7.34851950364575,7.359936237335205,5326000,7.329491138458252,0.030445098876953125,0.41537807061673426,0.05898585251943533,0.8026902900668802,7.281650338854108,7.036147054036459,6.8170741844177245,6.127096569538116,1.1591254558390809,2017,6,June,Q2,Monday
2017-06-27,7.358033685598818,7.409408534144719,7.339005947113037,7.339005947113037,5337000,7.359936237335205,-0.02093029022216797,-0.2843814069474315,0.07040258703168156,0.95681251323263,7.3153566632952005,7.056506776809693,6.842685565948487,6.133086507320404,1.1538931801213566,2017,6,June,Q2,Tuesday
2017-06-28,7.361839350552481,7.397992191685117,7.308561861436675,7.396089553833008,4234000,7.339005947113037,0.0570836067199707,0.7778111522368514,0.08943033024844205,1.21478242039784,7.321608747754778,7.078071610132853,6.870047473907471,6.139153687953949,1.157238946825922,2017,6,June,Q2,Wednesday
2017-06-29,7.378963607221753,7.394185615609729,7.22864434634806,7.283824920654297,4013000,7.396089553833008,-0.11226463317871094,-1.5178917502497002,0.16554126926166912,2.2434216791590456,7.324870654514858,7.0965919653574625,6.894060497283935,6.1451421236991886,1.1998520129590482,2017,6,June,Q2,Thursday
2017-06-30,7.319977273749447,7.319977273749447,7.264797153328214,7.26669979095459,4629500,7.283824920654297,-0.01712512969970703,-0.2351117700694072,0.05518012042123299,0.7538291221083063,7.326229844774518,7.114795144399007,6.914458265304566,6.150988159179687,1.2014071970519968,2017,6,June,Q2,Friday
2017-07-03,7.293338532352018,7.300949536514564,7.255283057882251,7.26669979095459,3163500,7.26669979095459,0.0,0.0,0.04566647863231221,0.6261395714698204,7.320249625614712,7.130841875076294,6.93162130355835,6.156597638130188,1.1950445689383218,2017,7,July,Q3,Monday
2017-07-05,7.175366730367599,7.221033664886622,7.162047359018571,7.217227935791016,5106500,7.26669979095459,-0.04947185516357422,-0.6808022429267813,0.05898630586805087,0.8220667749065553,7.304212025233677,7.146064058939616,6.947262125015259,6.162603197097778,1.201896339229092,2017,7,July,Q3,Wednesday
2017-07-06,7.15253329472043,7.163950027676527,7.1220888247231855,7.143019199371338,3234000,7.217227935791016,-0.07420873641967773,-1.0282166100320622,0.04186120295334117,0.5852640068692947,7.273223876953125,7.158685779571533,6.962065696716309,6.16814308643341,1.2232667339523764,2017,7,July,Q3,Thursday
2017-07-07,7.152533476063695,7.203908322011636,7.101158630115754,7.19058895111084,5707000,7.143019199371338,0.04756975173950195,0.6659614150790638,0.10274969189588212,1.4365496119625167,7.252021448952811,7.169912179311116,6.9780870628356935,6.1733814716339115,1.2080795193583804,2017,7,July,Q3,Friday
2017-07-10,7.198199577890327,7.262893791346276,7.196296940334865,7.259088516235352,4022500,7.19058895111084,0.06849956512451172,0.9526280196273662,0.06659685101141033,0.9251876151915304,7.232449872153146,7.182470448811849,6.994945640563965,6.178044517040252,1.2158380310755015,2017,7,July,Q3,Monday
2017-07-11,7.354227962632619,7.39799180655248,7.327589219461505,7.3922834396362305,6454000,7.259088516235352,0.1331949234008789,1.834871183936948,0.07040258709097547,0.9573076528045671,7.2479439462934225,7.196233860651652,7.011423673629761,6.1829193449020385,1.2329546253637629,2017,7,July,Q3,Tuesday
2017-07-12,7.531185359679794,7.57304656242049,7.51406026033264,7.559727191925049,4996000,7.3922834396362305,0.16744375228881836,2.26511542280714,0.05898630208785072,0.783227331034097,7.289805003574917,7.216847229003906,7.030641670227051,6.1889247226715085,1.2803080534217948,2017,7,July,Q3,Wednesday
2017-07-13,7.550213693501008,7.582560803498119,7.519769221251647,7.573047161102295,2618500,7.559727191925049,0.013319969177246094,0.1761964266577376,0.0627915822464713,0.8316530471252803,7.333568913596017,7.237016677856445,7.049897775650025,6.195129175186157,1.2803600499816166,2017,7,July,Q3,Thursday
2017-07-14,7.60919977263692,7.652963161468506,7.593977310139057,7.652963161468506,2647000,7.573047161102295,0.07991600036621094,1.0552687533320393,0.05898585132944856,0.7751912565308742,7.395816802978516,7.260547669728597,7.071246919631958,6.201640231609344,1.282878022671825,2017,7,July,Q3,Friday
2017-07-17,7.651060039646413,7.685310237856585,7.62632393660252,7.635838031768799,2678500,7.652963161468506,-0.01712512969970703,-0.2237712287173843,0.05898630125406523,0.7709559322291142,7.46621949332101,7.275643014907837,7.092329654693604,6.207961299419403,1.1477447220339667,2017,7,July,Q3,Monday
2017-07-18,7.630129884332122,7.687212638945655,7.630129884332122,7.681504726409912,2371000,7.635838031768799,0.04566669464111328,0.5980574031444474,0.05708275461353285,0.7481229740367571,7.536350318363735,7.292767985661825,7.1136026859283445,6.214833266735077,1.1469958026213705,2017,7,July,Q3,Tuesday
2017-07-19,7.670088472883887,7.742393239420896,7.654865557210123,7.717658042907715,5767000,7.681504726409912,0.036153316497802734,0.4706540942883697,0.0875276822107729,1.1411560964415217,7.601860250745501,7.308180475234986,7.13415267944336,6.221914465427399,1.1328966309102777,2017,7,July,Q3,Wednesday
2017-07-20,7.717657688293666,7.753809616244006,7.708143593263242,7.730977058410644,3972000,7.717658042907715,0.0133190155029288,0.17257846135290134,0.04566602298076461,0.5917083242760555,7.65024505342756,7.32587628364563,7.154017667770386,6.229166622161865,1.11797626030942,2017,7,July,Q3,Thursday
2017-07-21,7.730977548395138,7.767129478636765,7.725268728089446,7.7652268409729,3054000,7.730977058410644,0.03424978256225675,0.4430201034550496,0.041860750547318304,0.5414677546956286,7.679602146148682,7.344396622975667,7.173844575881958,6.236931564807892,1.1183499070915617,2017,7,July,Q3,Friday
2017-07-24,7.696725503749192,7.732878332639793,7.668184131003832,7.727169513702393,3832000,7.7652268409729,-0.03805732727050781,-0.4900993628376704,0.06469420163596151,0.8405418850451142,7.701619625091553,7.367483552296957,7.192948379516602,6.244316477775573,1.0086911106385474,2017,7,July,Q3,Monday
2017-07-25,7.671992062022539,7.677699975622554,7.620617210365618,7.645353317260742,4153000,7.727169513702393,-0.08181619644165039,-1.058811978908547,0.05708276525693634,0.7440409843423095,7.700532504490444,7.387335888544718,7.21056809425354,6.251501026153565,1.039534683290962,2017,7,July,Q3,Tuesday
2017-07-26,7.7252702087098655,7.763325691223144,7.706242921110362,7.763325691223144,2471500,7.645353317260742,0.11797237396240146,1.5430598046536126,0.057082770112781844,0.7389096895073496,7.718745027269636,7.4117549101511635,7.231270322799682,6.259455687999726,1.059222831397656,2017,7,July,Q3,Wednesday
2017-07-27,7.8337267650471345,7.925059718565062,7.82611530753979,7.856560230255127,7278500,7.763325691223144,0.09323453903198331,1.2009613243121997,0.09894441102527196,1.2630567033145255,7.743752956390381,7.438584041595459,7.253418636322022,6.267686786651612,1.0708612679974612,2017,7,July,Q3,Thursday
2017-07-28,7.797572669742115,7.799475306983009,7.759517202982541,7.795670032501221,2915500,7.856560230255127,-0.06089019775390625,-0.775023623180815,0.039958104000468175,0.5124428548838352,7.75489752633231,7.46103671391805,7.274767751693726,6.275565993785858,1.0836439041548487,2017,7,July,Q3,Friday
2017-07-31,7.826116861518889,7.864172341983948,7.801380753850889,7.814700126647949,2892500,7.795670032501221,0.019030094146728516,0.2441110779110689,0.06279158813305852,0.8023338936044453,7.766857964651925,7.484757995605468,7.296649665832519,6.28361624956131,1.078304789827261,2017,7,July,Q3,Monday
2017-08-01,7.894616720346953,7.921255464083869,7.668186491269,7.746200084686279,5565500,7.814700126647949,-0.06850004196166992,-0.876553685381809,0.2530689728148685,3.2055890967148386,7.76413985661098,7.497887166341146,7.315867710113525,6.29078323841095,0.9168343389646354,2017,8,August,Q3,Tuesday
2017-08-02,7.641546117570715,7.649157575338958,7.557824165033376,7.574949264526367,5469500,7.746200084686279,-0.1712508201599121,-2.210771969322911,0.09133341030558118,1.1952216069935402,7.74239410672869,7.508352422714234,7.332155447006226,6.297454483509064,0.9832240780292394,2017,8,August,Q3,Wednesday
2017-08-03,7.5996862647381,7.652963753459232,7.565436515368385,7.649158477783203,3369500,7.574949264526367,0.07420921325683594,0.9796661425094833,0.08752723809084628,1.1517217295793545,7.7429377010890414,7.521418190002441,7.349851264953613,6.3045916485786435,0.9940434219330859,2017,8,August,Q3,Thursday
2017-08-04,7.679601307037896,7.692921584466948,7.649157291721882,7.675796031951904,2732500,7.649158477783203,0.026637554168701172,0.3482416300573332,0.04376429274506588,0.5698771459002503,7.730433464050293,7.533659346898397,7.3662912464141845,6.311188406944275,0.9896189756790164,2017,8,August,Q3,Friday
2017-08-07,7.5901722623129455,7.62061673456435,7.586366533160119,7.6092000007629395,3989000,7.675796031951904,-0.06659603118896484,-0.8676107456704996,0.034250201404231184,0.4512440590352841,7.695096288408552,7.542982975641887,7.380828437805175,6.318011934757233,1.0071429210890395,2017,8,August,Q3,Monday
2017-08-08,7.677699023406687,7.740490601790197,7.673893748145287,7.717658042907715,3984500,7.6092000007629395,0.10845804214477539,1.4253540731469894,0.06659685364490997,0.8674064122841866,7.683951718466623,7.554907035827637,7.395593976974487,6.325558006763458,1.033551574932731,2017,8,August,Q3,Tuesday
2017-08-09,7.652963696804901,7.652963696804901,7.580658469267623,7.614908218383789,4626500,7.717658042907715,-0.10274982452392578,-1.3313601607206405,0.07230522753727797,0.944800346661324,7.655410017286028,7.564103778203329,7.409065618515014,6.333169050216675,1.066351708467474,2017,8,August,Q3,Wednesday
2017-08-10,7.525476972226493,7.525476972226493,7.386574447553684,7.397991180419922,5004000,7.614908218383789,-0.2169170379638672,-2.848583748392264,0.13890252467280906,1.84576373278986,7.60566588810512,7.564167165756226,7.41766616821289,6.3396670484542845,1.1887366471579053,2017,8,August,Q3,Thursday
2017-08-11,7.390381957992248,7.445562544376742,7.377062584323085,7.420826435089111,2356000,7.397991180419922,0.022835254669189453,0.3086683143070923,0.0684999600536571,0.9268798343985262,7.583648341042655,7.568733882904053,7.427142028808594,6.346554353237152,1.1541779291392658,2017,8,August,Q3,Friday
2017-08-14,7.439852450977838,7.464588554528209,7.42082471391271,7.449366092681885,2189500,7.420826435089111,0.028539657592773438,0.3845886686936195,0.043763840615499205,0.5882353299862447,7.555106571742466,7.5748227596282955,7.4324697971344,6.35359384059906,1.1541005402604534,2017,8,August,Q3,Monday
2017-08-15,7.439852654989805,7.4436579303129555,7.399894088497385,7.40560245513916,2569500,7.449366092681885,-0.04376363754272461,-0.5874813641622123,0.04376384181557036,0.588235329986254,7.516507489340646,7.579452848434448,7.437226734161377,6.360708611011505,1.1606327780148786,2017,8,August,Q3,Tuesday
2017-08-16,7.447463196304364,7.502643767973054,7.445560558761071,7.49503231048584,2346000,7.40560245513916,0.08942985534667969,1.2075973006709262,0.05708320921198329,0.7664785673638448,7.50019781930106,7.588712994257609,7.442021713256836,6.368308484554291,1.1697009588050684,2017,8,August,Q3,Wednesday
2017-08-17,7.485520665384233,7.506451044913327,7.418923343381273,7.420826435089111,3290500,7.49503231048584,-0.07420587539672852,-0.9900674516494345,0.08752770153205347,1.169293432543889,7.457793303898403,7.597973235448202,7.446436185836792,6.375689120292663,1.1684154809750746,2017,8,August,Q3,Thursday
2017-08-18,7.390379783110061,7.407504427841084,7.3466159452231,7.377060413360596,2524000,7.420826435089111,-0.043766021728515625,-0.5897728792250034,0.060888482617984074,0.8238884117584636,7.423815046037946,7.604188950856527,7.449785060882569,6.383420159816742,1.1711864497513986,2017,8,August,Q3,Friday
2017-08-21,7.323782863508407,7.348518966809476,7.2971441226171105,7.325685501098633,2972500,7.377060413360596,-0.05137491226196289,-0.6964144168986053,0.05137484419236582,0.7014796198880624,7.413485663277762,7.606408850351969,7.4556075382232665,6.390287141799927,1.1680960866610899,2017,8,August,Q3,Monday
2017-08-22,7.323782776034676,7.3694492532539,7.312366043315613,7.365643978118896,2462000,7.325685501098633,0.039958477020262784,0.5454571727693036,0.05708320993828675,0.7794224881311045,7.40560245513916,7.605520868301392,7.461924753189087,6.397325458526612,1.1224959705591893,2017,8,August,Q3,Tuesday
2017-08-23,7.377060684180304,7.401796787096544,7.373254955402027,7.384671688079834,1567000,7.365643978118896,0.019027709960938388,0.25833056848070246,0.028541831694517406,0.3868997818565296,7.396360397338867,7.599685684839884,7.469003086090088,6.404999687671661,1.0391954605894291,2017,8,August,Q3,Wednesday
2017-08-24,7.384671943273681,7.384671943273681,7.255283057882251,7.26669979095459,6878500,7.384671688079834,-0.11797189712524414,-1.5975239266990293,0.12938888539143,1.7521277368222659,7.376517159598214,7.589474105834961,7.473303356170654,6.412492005825043,1.0744002796013357,2017,8,August,Q3,Thursday
2017-08-25,7.310463493062758,7.36374097484535,7.2971441226171105,7.325685501098633,5329500,7.26669979095459,0.05898571014404297,0.8117262559472538,0.06659685222823963,0.9109798891881002,7.3523247582571845,7.578564850489299,7.477375268936157,6.420042068958282,1.0660078059803428,2017,8,August,Q3,Friday
2017-08-28,7.339005918079906,7.344713831311697,7.314269812780541,7.32188081741333,941000,7.325685501098633,-0.0038046836853027344,-0.05193621381551772,0.030444018531156303,0.41482482601841714,7.338189670017788,7.5680996100107825,7.481751651763916,6.427990546226502,1.0660041457383997,2017,8,August,Q3,Monday
2017-08-29,7.329491496076021,7.3656443335452515,7.327588858416708,7.352324962615967,1693000,7.32188081741333,0.03044414520263672,0.41579678721663793,0.03805547512854357,0.5192103046837188,7.334656034197126,7.5571269512176515,7.481751651763916,6.436442275047302,1.0621987722892712,2017,8,August,Q3,Tuesday
2017-08-30,7.424630699149866,7.466491906159156,7.418922332118732,7.45888090133667,2603500,7.352324962615967,0.10655593872070312,1.4492822238203917,0.04756957404042428,0.6406995306294639,7.353683948516846,7.548501046498616,7.485709438323974,6.44517062664032,1.0960982911971497,2017,8,August,Q3,Wednesday
2017-08-31,7.506449757818587,7.550213601080639,7.502644482369664,7.540699958801269,2342000,7.45888090133667,0.08181905746459872,1.096934762022217,0.04756911871097458,0.6337099460557558,7.3786919457571845,7.542158476511637,7.491379728317261,6.454421920776367,1.117043182404602,2017,8,August,Q3,Thursday
2017-09-01,7.578755919435564,7.578755919435564,7.533089435531443,7.557825088500977,1974500,7.540699958801269,0.01712512969970792,0.22710265351055803,0.04566648390412098,0.6025591058686851,7.403428145817348,7.535245084762574,7.496365003585815,6.464119355678559,1.1142694137915292,2017,9,September,Q3,Friday
2017-09-05,7.533089039571313,7.533089039571313,7.4227278844753934,7.483616828918457,2774500,7.557825088500977,-0.07420825958251953,-0.9818732070873804,0.11036115509591937,1.465018593517112,7.4344162940979,7.527126661936442,7.499447517395019,6.473673441410065,1.124021772570678,2017,9,September,Q3,Tuesday
2017-09-06,7.498838838200688,7.508352934244885,7.470297457382237,7.483616828918457,1376500,7.483616828918457,0.0,0.0,0.038055476862647986,0.5074849277835557,7.456977912357876,7.521735445658366,7.501921129226685,6.482914447784424,1.1094240035231973,2017,9,September,Q3,Wednesday
2017-09-07,7.495032127903283,7.52737968729339,7.487421124258497,7.502643585205078,1857500,7.483616828918457,0.019026756286621094,0.25424546341146215,0.03995856303489287,0.5331339793211958,7.482801164899554,7.51304604212443,7.505193881988525,6.492743923664093,1.069221836277944,2017,9,September,Q3,Thursday
2017-09-08,7.56924030475853,7.597782135009766,7.56924030475853,7.597782135009766,2896500,7.502643585205078,0.0951385498046875,1.2680670316299825,0.028541830251235467,0.3770765506452763,7.517866475241525,7.504420105616251,7.509227733612061,6.50249883890152,1.0721214266331691,2017,9,September,Q3,Friday
2017-09-11,7.618714165911711,7.704338309227619,7.618714165911711,7.677699565887451,6650500,7.597782135009766,0.07991743087768555,1.051852099172934,0.08562414331590862,1.123866067833537,7.549126284463065,7.500487756729126,7.5171052265167235,6.51225487947464,1.084620416695376,2017,9,September,Q3,Monday
2017-09-12,7.677699975622554,7.677699975622554,7.618714572498946,7.645353317260742,2496000,7.677699565887451,-0.032346248626708984,-0.4213013071053928,0.058985403123608116,0.7682691862262465,7.56407676424299,7.494842863082885,7.524678297042847,6.521963028907776,1.0853057803624642,2017,9,September,Q3,Tuesday
2017-09-13,7.58636635378928,7.588268991492174,7.546408240086176,7.561630249023437,1644500,7.645353317260742,-0.08372306823730558,-1.0950843572956392,0.041860751405997654,0.551789215730253,7.564620358603341,7.488690535227458,7.530576906204224,6.531783845424652,1.0916396618562287,2017,9,September,Q3,Wednesday
2017-09-14,7.291436465334611,7.316172571041446,7.262894630420155,7.299047470092773,5725000,7.561630249023437,-0.2625827789306632,-3.472568352103367,0.053277940621290654,0.7306919682368195,7.538253307342529,7.479493808746338,7.532213296890259,6.540225343704224,1.1960945013588258,2017,9,September,Q3,Thursday
2017-09-15,7.316172485221141,7.359936329138563,7.29904738447335,7.356130599975586,2791000,7.299047470092773,0.0570831298828125,0.7820627296466487,0.060888944665212996,0.832251355311951,7.520040988922119,7.469726212819418,7.536475524902344,6.549028160572052,1.1903796050412598,2017,9,September,Q3,Friday
2017-09-18,7.35803218630048,7.375156829888357,7.289532250978041,7.304754257202148,3494500,7.356130599975586,-0.0513763427734375,-0.6984153159761419,0.08562457891031539,1.163688561593073,7.491771084921701,7.457358153661092,7.53875883102417,6.557972555160522,1.191423152799794,2017,9,September,Q3,Monday
2017-09-19,7.255283346727675,7.266700080254534,7.118283451719497,7.165853023529053,8230500,7.304754257202148,-0.1389012336730957,-1.9015182274769282,0.14841662853503657,2.0456351798028174,7.430066926138742,7.4425799210866295,7.536894121170044,6.567028849124909,1.2270747273920775,2017,9,September,Q3,Tuesday
2017-09-20,7.215326162605798,7.226742897603497,7.150631482171209,7.184881687164307,3447500,7.165853023529053,0.019028663635253906,0.26554638467706226,0.07611141543228772,1.0548575867123415,7.359664372035435,7.4248207092285154,7.532746086120605,6.576332087516785,1.1921153839090248,2017,9,September,Q3,Wednesday
2017-09-21,7.141116974940921,7.1544363462746645,7.125894512233027,7.127797603607178,2757500,7.184881687164307,-0.057084083557128906,-0.7945027634777779,0.028541834041637237,0.39968304876945904,7.285727841513498,7.408583688735962,7.524107494354248,6.585274004936219,1.1789885640765296,2017,9,September,Q3,Thursday
2017-09-22,7.112574459605943,7.1449220196403385,7.074518986967027,7.1354079246521,3659000,7.127797603607178,0.007610321044921875,0.10676960076798636,0.07040303267331183,0.989838954560658,7.224838938031878,7.399830913543701,7.515354709625244,6.594235000610351,1.0695978728660684,2017,9,September,Q3,Friday
2017-09-25,7.114478316671282,7.114478316671282,7.030755904927335,7.034561634063721,6891500,7.1354079246521,-0.1008462905883789,-1.4133220084021403,0.08372241174394723,1.1767891898378746,7.187055247170584,7.3869554201761884,7.502986679077148,6.602264840602874,1.092057397397336,2017,9,September,Q3,Monday
2017-09-26,6.994602255089918,7.002213258329689,6.928004956013702,6.93751859664917,4773000,7.034561634063721,-0.09704303741455078,-1.3795179069102992,0.07420830231598785,1.0609366996098606,7.127253532409668,7.3698938369750975,7.489020290374756,6.609287672042846,1.108414663934566,2017,9,September,Q3,Tuesday
2017-09-27,6.950839225724062,6.990797337610952,6.922297393192684,6.943227767944336,4241500,6.93751859664917,0.005709171295166016,0.0822941404138966,0.06849994441826812,0.9854917110549705,7.075606891087124,7.354481347401937,7.474254751205445,6.6161113500595095,1.1077322828437492,2017,9,September,Q3,Wednesday
2017-09-28,6.968230285912565,7.010219215978838,6.949144491344484,7.008310317993164,2900500,6.943227767944336,0.06508255004882812,0.937352946266623,0.06107472463435393,0.8764739701244753,7.053100790296282,7.338257280985514,7.460067796707153,6.623526084423065,1.0968632841866235,2017,9,September,Q3,Thursday
2017-09-29,7.094196897484197,7.140002715224095,7.067476875056028,7.12664270401001,3042500,7.008310317993164,0.1183323860168457,1.6884581396608311,0.07252584016806729,1.0223262931113035,7.044780935559954,7.328451156616211,7.447981109619141,6.6310960698127746,1.139992435134699,2017,9,September,Q3,Friday
2017-10-02,7.11709936216419,7.138093598513283,7.098013568653776,7.122825145721436,3140500,7.12664270401001,-0.0038175582885733306,-0.053567415220989734,0.04008002985950654,0.5631511915174229,7.0440705844334195,7.319976647694905,7.435133075714111,6.639368000030518,1.1367083116586234,2017,10,October,Q4,Monday
2017-10-03,7.141912622102999,7.183901104695062,7.1323694955785095,7.16672420501709,3292000,7.122825145721436,0.04389905929565341,0.6163152737509225,0.051531609116552524,0.7215379386898546,7.048544338771275,7.314677937825521,7.423924169540405,6.647821476459503,1.1386425885012792,2017,10,October,Q4,Tuesday
2017-10-04,7.166723988231104,7.172449317923031,7.153363520492696,7.162906646728516,2025500,7.16672420501709,-0.0038175582885742188,-0.05326782752295145,0.01908579743033556,0.26631132246305933,7.066879340580532,7.307920026779175,7.414275236129761,6.656654326915741,1.1327734517377275,2017,10,October,Q4,Wednesday
2017-10-05,7.025486856189299,7.059841100417734,7.023578413465826,7.0541157722473145,4924000,7.162906646728516,-0.10879087448120117,-1.5188090512234798,0.036262686951908485,0.516159060492183,7.083536079951695,7.296901496251424,7.4000910377502445,6.664563729763031,1.1602401902602957,2017,10,October,Q4,Thursday
2017-10-06,7.017853861290394,7.077019691467285,7.000676508642421,7.077019691467285,3748500,7.0541157722473145,0.022903919219970703,0.32468873434259304,0.07634318282486419,1.0878422995663055,7.102649211883545,7.290578826268514,7.384500226974487,6.672682526111603,1.1299976770532156,2017,10,October,Q4,Friday
2017-10-09,7.088470846319943,7.1056481979656985,7.06556771079227,7.069385051727295,2001500,7.077019691467285,-0.007634639739990234,-0.10787930616040775,0.04008048717342838,0.5654320662719041,7.111374173845563,7.2820354779561365,7.369974527359009,6.681000330448151,1.117322138535898,2017,10,October,Q4,Monday
2017-10-10,7.023579845660677,7.029305630039839,6.9892251393857086,7.006402492523193,2442000,7.069385051727295,-0.06298255920410156,-0.8909199137301593,0.04008049065413033,0.5706561544807232,7.094197000776019,7.271519533793131,7.353808574676513,6.689136042594909,1.126216739510253,2017,10,October,Q4,Tuesday
2017-10-11,6.985407548058943,7.014036012023739,6.981590207177729,6.989224433898926,2929000,7.006402492523193,-0.017178058624267578,-0.24517658873578485,0.03244580484601034,0.4644797690440575,7.075111184801374,7.2594161828358965,7.338669061660767,6.6970815134048465,1.1214131189441296,2017,10,October,Q4,Wednesday
2017-10-12,6.928150372499118,6.956778837320977,6.9186072475310025,6.931967258453369,4357000,6.989224433898926,-0.05725717544555664,-0.8192207302408216,0.03817158978997437,0.5509636445175069,7.041574478149414,7.241852394739786,7.325809421539307,6.704816591739655,1.0848659948570183,2017,10,October,Q4,Thursday
2017-10-13,7.033121508809218,7.052207302325397,7.01785305601276,7.027395725250244,2896500,6.931967258453369,0.095428466796875,1.3766433573456638,0.034354246312636505,0.48846371088010737,7.022215775081089,7.224742253621419,7.313374166488647,6.713123681545258,1.0978600660096793,2017,10,October,Q4,Friday
2017-10-16,7.092288524450532,7.111374319950595,7.0560253764880345,7.071293830871582,3205500,7.027395725250244,0.04389810562133789,0.6246710351547113,0.05534894346256092,0.7804102057008323,7.024669783455985,7.2085245450337725,7.301284122467041,6.721773600578308,1.1059235939103464,2017,10,October,Q4,Monday
2017-10-17,7.07511156149196,7.078928902818631,7.029305740778328,7.052208423614502,2809500,7.071293830871582,-0.019085407257080078,-0.26989979080995763,0.04962316204030248,0.7013763897432909,7.021125316619873,7.194144264856974,7.290144290924072,6.7304419422149655,1.0965120054358937,2017,10,October,Q4,Tuesday
2017-10-18,7.155271930735523,7.170540385621877,7.117100338478367,7.149546146392822,3485000,7.052208423614502,0.09733772277832031,1.380244555058563,0.053440047143509695,0.7468625603725496,7.032576901572091,7.1830085754394535,7.278782052993774,6.739350290298462,1.1331834544204227,2017,10,October,Q4,Wednesday
2017-10-19,7.115191224217818,7.147637031146757,7.067476962866295,7.145728588104248,3921000,7.149546146392822,-0.0038175582885742188,-0.05339581297059137,0.08016006828046152,1.1266045529124007,7.0524806295122415,7.171111408869425,7.269398460388183,6.747964425086975,1.1308274176272708,2017,10,October,Q4,Thursday
2017-10-20,7.1533637368745415,7.191535332889863,7.141912622102999,7.16672420501709,2785500,7.145728588104248,0.020995616912841797,0.29382052024469196,0.04962271078686431,0.693697575185035,7.077837739671979,7.156742811203003,7.264773120880127,6.756550724506378,1.1021430688420353,2017,10,October,Q4,Friday
2017-10-23,7.187717053751155,7.208711290979722,7.15336235096852,7.159088134765625,1830500,7.16672420501709,-0.007636070251464844,-0.10654896202255681,0.05534894001120261,0.7700489543104215,7.110283579145159,7.139455763498942,7.259538354873658,6.764871149063111,1.0771957435168604,2017,10,October,Q4,Monday
2017-10-24,7.16481423738396,7.19726004365052,7.147636885228282,7.195351600646973,1614500,7.159088134765625,0.036263465881347656,0.5065374974956294,0.04962315842223752,0.6925951849989078,7.134277275630406,7.124455706278483,7.254458065032959,6.773505711555481,1.08472420846712,2017,10,October,Q4,Tuesday
2017-10-25,7.141911653206238,7.155271664495003,7.048391119143628,7.092288494110107,2579500,7.195351600646973,-0.10306310653686523,-1.4323567805581305,0.10688054535137503,1.4965257278615713,7.13727651323591,7.108810981114705,7.248191785812378,6.780951361656189,1.0960496576397833,2017,10,October,Q4,Wednesday
2017-10-26,7.174358076217424,7.248792821255841,7.159089165546282,7.225889682769775,4087000,7.092288494110107,0.13360118865966797,1.883752878504863,0.08970365570955874,1.250337030248338,7.162088121686663,7.106372388203939,7.242808933258057,6.788201680183411,0.9754737273128637,2017,10,October,Q4,Thursday
2017-10-27,7.19535224075568,7.223981163562014,7.174358000725229,7.220163822174072,2796000,7.225889682769775,-0.005725860595703125,-0.07924090799997785,0.04962316283678536,0.6896557830165904,7.172176361083984,7.101840162277222,7.238795680999756,6.795015420913696,0.9633802244911607,2017,10,October,Q4,Friday
2017-10-30,7.2392483547818,7.456826764988559,7.220162561257783,7.414837837219238,11001500,7.220163822174072,0.19467401504516602,2.696254819693933,0.23666420373077646,3.2691819942114666,7.210620539528983,7.105509614944458,7.239551229476929,6.802660219669342,1.0780641312114811,2017,10,October,Q4,Monday
2017-10-31,8.246978943186882,8.636329471845475,8.187812668268862,8.285150527954102,34069000,7.414837837219238,0.8703126907348633,11.737447397248179,0.44851680357661294,5.438558854902236,7.370395728519985,7.142819531758627,7.258740530014038,6.814808378219604,2.3499261161346867,2017,10,October,Q4,Tuesday
2017-11-01,8.315688555269928,8.386306406167549,8.269883193409909,8.30996322631836,11447500,8.285150527954102,0.024812698364257812,0.29948397775683144,0.11642321275764012,1.4000429667830556,7.534806455884661,7.180322249730428,7.277626914978027,6.827222909927368,2.349812491752314,2017,11,November,Q4,Wednesday
2017-11-02,8.42256861586532,8.605791863081738,8.42256861586532,8.567620277404785,8410000,8.30996322631836,0.2576570510864258,3.100579919179469,0.18322324721641792,2.175384441170194,7.730844838278634,7.228316338857015,7.301285886764527,6.841219830513,2.382558477024865,2017,11,November,Q4,Thursday
2017-11-03,8.567620404079172,8.584798209441333,8.508455036958674,8.552351951599121,6814500,8.567620277404785,-0.015268325805664062,-0.17820964645143267,0.07634317248265887,0.8910662340538658,7.939425332205636,7.2755478064219155,7.326998929977417,6.855045537948609,2.3853287119497013,2017,11,November,Q4,Friday
2017-11-06,8.693587786307246,8.77184032118287,8.693587786307246,8.75466251373291,5114500,8.552351951599121,0.20231056213378906,2.365554683422033,0.07825253487562378,0.9001178431633796,8.157821450914655,7.332884502410889,7.355578470230102,6.86994921207428,2.3733658123154404,2017,11,November,Q4,Monday
2017-11-07,8.752754095010555,8.785200356886417,8.716490947060773,8.78138256072998,3913000,8.75466251373291,0.026720046997070312,0.30520933222903945,0.06870940982564377,0.785003315297194,8.380852699279785,7.394346634546916,7.384768505096435,6.884929556846618,2.3407638148718966,2017,11,November,Q4,Tuesday
2017-11-08,9.052401976603171,9.082938886988243,9.01423038358055,9.060036659240724,6621500,8.78138256072998,0.27865409851074396,3.1732372047754254,0.0687085034076933,0.759008532600267,8.615881102425712,7.464906930923462,7.418922739028931,6.901018559932709,2.3752322331441635,2017,11,November,Q4,Wednesday
2017-11-09,8.68786316725784,8.775657924467088,8.624879991653,8.7584810256958,6997500,9.060036659240724,-0.30155563354492365,-3.328415158644571,0.1507779328140888,1.7355007774791993,8.68349974496024,7.52324595451355,7.444914741516113,6.915286705493927,2.4984433056562736,2017,11,November,Q4,Thursday
2017-11-10,8.760387909678673,8.846274208413943,8.75466167105236,8.821462631225586,3576500,8.7584810256958,0.06298160552978516,0.7190927895488697,0.09161253736158237,1.0457589128030138,8.756571088518415,7.579739952087403,7.4705299949646,6.930438990592957,2.492477246037243,2017,11,November,Q4,Friday
2017-11-13,8.687861551266328,8.808101640465182,8.672593098522693,8.7947416305542,4864500,8.821462631225586,-0.02672100067138672,-0.3029089595278811,0.13550854194248885,1.5597456421567555,8.789016996111188,7.635470501581827,7.4952683258056645,6.946482291221619,2.495636100450377,2017,11,November,Q4,Monday
2017-11-14,8.769931425829272,8.804286132439877,8.750846084433975,8.789017677307129,4589500,8.7947416305542,-0.0057239532470703125,-0.0650838135731524,0.05344004800590163,0.6093553690569299,8.822826385498047,7.689546950658163,7.521376342773437,6.961709532737732,2.4998404907633813,2017,11,November,Q4,Tuesday
2017-11-15,8.579071957057977,8.661141367889169,8.546626609350746,8.634421348571777,5742000,8.789017677307129,-0.15459632873535156,-1.7589716440611136,0.11451475853842297,1.334815223740046,8.805649076189313,7.738597440719604,7.544392433166504,6.976192255020141,2.5369491242662283,2017,11,November,Q4,Wednesday
2017-11-16,8.777566400882787,8.806194868970838,8.726034794291259,8.798561096191406,4470000,8.634421348571777,0.1641397476196289,1.9009930253957252,0.0801600746795792,0.9132380322582038,8.808103152683803,7.796745618184407,7.570310783386231,6.989882841110229,2.5126504154211866,2017,11,November,Q4,Thursday
2017-11-17,8.84436455983694,8.861542365059236,8.798559202769743,8.811919212341309,3273500,8.798561096191406,0.013358116149902344,0.15182159905311465,0.06298316228949297,0.7121276137293708,8.772657803126744,7.854575602213542,7.594593524932861,7.003905868530273,2.51390080930978,2017,11,November,Q4,Friday
2017-11-20,8.941702198420026,8.976056897921334,8.934068427474653,8.964605331420898,5461000,8.811919212341309,0.15268611907958984,1.7327226385115857,0.04198847044668064,0.4695802825338992,8.802104132516044,7.917749611536662,7.62033164024353,7.018426675796508,2.514384863566222,2017,11,November,Q4,Monday
2017-11-21,8.935978794166369,8.998961968438131,8.935978794166369,8.991327285766602,3761000,8.964605331420898,0.026721954345703125,0.2980828866168128,0.06298317427176237,0.704826809939157,8.826370511736188,7.983913771311442,7.647251119613648,7.03291981458664,2.4957239369311903,2017,11,November,Q4,Tuesday
2017-11-22,9.027588971277158,9.040948981223028,8.977965817168949,9.012320518493652,2794000,8.991327285766602,0.02099323272705078,0.2334831339115384,0.06298316405407967,0.6976742544933263,8.857453210013253,8.051350307464599,7.676264925003052,7.047783567905426,2.4899145982129265,2017,11,November,Q4,Wednesday
2017-11-24,9.12302085365371,9.166917781002498,9.102026156614086,9.14019775390625,2012000,9.012320518493652,0.12787723541259766,1.4189157515002826,0.06489162438841234,0.7112953639958377,8.907621792384557,8.124957990646362,7.713087930679321,7.06331515789032,2.4707171351798385,2017,11,November,Q4,Friday
2017-11-27,9.21654015130493,9.224174834136068,9.134470723679916,9.165008544921877,4039500,9.14019775390625,0.024810791015626776,0.2714469826981869,0.08970411045615201,0.9732948479961996,8.983419963291713,8.196211751302084,7.749265489578247,7.078999269008636,2.4724387428942416,2017,11,November,Q4,Monday
2017-11-28,9.1650076409425,9.2203561282406,9.1440129477896,9.2184476852417,3308000,9.165008544921877,0.05343914031982244,0.5830779104885053,0.07634318045099953,0.8329854533885434,9.04340376172747,8.267783546447754,7.787539358139038,7.095035963058471,2.472620137097283,2017,11,November,Q4,Tuesday
2017-11-29,9.166916161287409,9.17264240041492,9.010412913067112,9.040949821472168,4369000,9.2184476852417,-0.17749786376953125,-1.9254636987710683,0.1622294873478083,1.7697280578709322,9.076122420174736,8.334074926376342,7.8250412940979,7.110232598781586,2.518055444146492,2017,11,November,Q4,Wednesday
2017-11-30,8.935978173614366,8.943611945673204,8.874903446731132,8.932160377502441,5571500,9.040949821472168,-0.10878944396972656,-1.2032966238940124,0.06870849894207254,0.7688973451720258,9.071487426757812,8.393495400746664,7.859986867904663,7.124942212104798,2.5437224126046196,2017,11,November,Q4,Thursday
2017-12-01,8.752755406509843,8.771841659904325,8.651600629733979,8.6954984664917,10963500,8.932160377502441,-0.2366619110107422,-2.6495483848098633,0.12024103017034626,1.3737506029349027,9.029226166861397,8.445154396692912,7.891340885162354,7.138724672794342,2.6159963523815133,2017,12,December,Q4,Friday
2017-12-04,8.827190044915184,8.844366944686769,8.731760599315477,8.737486839294434,4964000,8.6954984664917,0.041988372802734375,0.4828748226974877,0.112606345371292,1.275676005595436,8.989964212690081,8.497513151168823,7.923382463455201,7.152679126262665,2.6152415297857208,2017,12,December,Q4,Monday
2017-12-05,8.733668730302146,8.817645684190232,8.727942491124653,8.75466251373291,2774500,8.737486839294434,0.017175674438476562,0.1965745385873907,0.08970319306557961,1.0270963536130857,8.934887749808174,8.550698963801066,7.957784481048584,7.166823818683624,2.612624770049516,2017,12,December,Q4,Tuesday
2017-12-06,8.586708198271117,8.590525084557756,8.521816580985412,8.571439743041992,4853500,8.75466251373291,-0.18322277069091797,-2.092859323857521,0.06870850357234382,0.8001728017982243,8.850092206682477,8.596568568547566,7.99046290397644,7.179976496696472,2.66205135096737,2017,12,December,Q4,Wednesday
2017-12-07,8.628697755425978,8.750847232681,8.628697755425978,8.73176097869873,4046000,8.571439743041992,0.16032123565673828,1.8704119781846718,0.12214947725502157,1.4156189116510705,8.780565534319196,8.651217651367187,8.026233568191529,7.1939971947669985,2.642564282829319,2017,12,December,Q4,Thursday
2017-12-08,8.72412478135874,8.75275324429565,8.691678522636458,8.73939323425293,3113500,8.73176097869873,0.007632255554199219,0.08740797615529594,0.06107472165919248,0.7000670346863195,8.737486021859306,8.701667769749958,8.060855226516724,7.208350160121918,2.6358137420985788,2017,12,December,Q4,Friday
2017-12-11,8.521816677688411,8.573348283473075,8.517998881275881,8.569530487060547,4752000,8.73939323425293,-0.1698627471923828,-1.9436446288585318,0.05534940219719431,0.6495023806614921,8.685681751796178,8.74664665857951,8.089712982177735,7.22200560092926,2.6757173985929703,2017,12,December,Q4,Monday
2017-12-12,8.49318616370878,8.537083990960689,8.468374585718342,8.517997741699219,4566500,8.569530487060547,-0.051532745361328125,-0.601348527076706,0.06870940524234648,0.8089944564731247,8.660324505397252,8.783418655395508,8.11761643409729,7.235223124027252,2.654532084010304,2017,12,December,Q4,Tuesday
2017-12-13,8.516090014369528,8.535176265234757,8.49891311665685,8.52181625366211,3671000,8.517997741699219,0.003818511962890625,0.04482875059002023,0.036263148577907245,0.4258192259208044,8.629514421735491,8.791307512919108,8.14471827507019,7.247918963432312,1.5933570104547605,2017,12,December,Q4,Wednesday
2017-12-14,8.521816076327223,8.53899297368246,8.483644485473633,8.483644485473633,2589500,8.52181625366211,-0.03817176818847656,-0.44792996061224777,0.05534848820882665,0.6494917012182342,8.590797560555595,8.797096888224283,8.171133031845093,7.2605377960205075,1.5960716125969734,2017,12,December,Q4,Thursday
2017-12-15,8.531358785324914,8.586708186820209,8.504638761188938,8.558079719543457,3690500,8.483644485473633,0.07443523406982422,0.8773969040932528,0.08206942563127129,0.9619736749606845,8.588888985770089,8.796778869628906,8.201212310791016,7.273386499881744,1.4997563801539489,2017,12,December,Q4,Friday
2017-12-18,8.758480285404596,8.775657182724045,8.714582455469044,8.72794246673584,5215000,8.558079719543457,0.1698627471923828,1.9848231467683108,0.06107472725500074,0.6973210564483152,8.588343484061104,8.80263188680013,8.234230766296387,7.287445025444031,1.5419372643053573,2017,12,December,Q4,Monday
2017-12-19,8.676410367835393,8.693587264171198,8.626787211662561,8.653507232666016,3741000,8.72794246673584,-0.07443523406982422,-0.8528382760715214,0.0668000525086363,0.7699042539098079,8.576074055262975,8.7992600440979,8.265913209915162,7.301444456577301,1.4884160489036657,2017,12,December,Q4,Tuesday
2017-12-20,8.663051647491272,8.663051647491272,8.567622206767714,8.594342231750488,2239500,8.653507232666016,-0.059165000915527344,-0.6837112320445815,0.0954294407235583,1.101568414996044,8.579618590218681,8.793025366465251,8.297672004699708,7.315252420902252,1.491729195158485,2017,12,December,Q4,Wednesday
2017-12-21,8.693588233822577,8.714582928416588,8.65732508410681,8.666868209838867,3210000,8.594342231750488,0.0725259780883789,0.8438804987360493,0.05725784430977754,0.6586215354324554,8.600885799952916,8.779919751485188,8.331224880218507,7.329347114562989,1.3735212829604866,2017,12,December,Q4,Thursday
2017-12-22,8.727944082180665,8.737487209161133,8.672595583842767,8.718400955200195,2266500,8.666868209838867,0.051532745361328125,0.5945947730326306,0.06489162531836534,0.7434926794598833,8.628969328744072,8.778583749135334,8.366953554153442,7.342855107784271,1.2395767170049425,2017,12,December,Q4,Friday
2017-12-26,8.655416465091125,8.676411159258507,8.613427986838905,8.62869644165039,2919500,8.718400955200195,-0.08970451354980469,-1.0289101638104814,0.06298317241960127,0.7276735056438232,8.649691036769322,8.772158209482829,8.398979568481446,7.355734322071076,1.245298304126058,2017,12,December,Q4,Tuesday
2017-12-27,8.626787339106489,8.640147349805584,8.601975760653529,8.638238906860352,1930500,8.62869644165039,0.009542465209960938,0.11058988196523956,0.03817158915205532,0.44247745599358784,8.661142349243164,8.766941452026368,8.43031847000122,7.369078686237335,1.244875211594665,2017,12,December,Q4,Wednesday
2017-12-28,8.645874120601219,8.668776347435374,8.6210625406219,8.643964767456055,2706500,8.638238906860352,0.005725860595703125,0.06628504556820403,0.04771380681347459,0.5518679331657521,8.649145535060338,8.762106355031332,8.462153596878052,7.382233474254608,1.245059812384945,2017,12,December,Q4,Thursday
2017-12-29,8.643965526182958,8.643965526182958,8.579073905944824,8.579073905944824,2177500,8.643964767456055,-0.06489086151123047,-0.7507071495194029,0.064891620238134,0.7507158611585663,8.638512202671595,8.7602614402771,8.490744152069091,7.394874067306518,1.210406277871998,2017,12,December,Q4,Friday
2018-01-02,8.672593184039325,8.74321011995587,8.634421596762634,8.73939323425293,4221000,8.579073905944824,0.16031932830810547,1.868725343384825,0.10878852319323684,1.2543943995141689,8.65923377445766,8.758289178212484,8.522617444992065,7.4081265115737915,1.2086586678004945,2018,1,January,Q1,Tuesday
2018-01-03,8.766114058230617,8.848183478946977,8.760388729151167,8.836731910705566,3062500,8.73939323425293,0.09733867645263672,1.1137921574592813,0.08779474979581003,1.0015241555450491,8.683500017438616,8.759116268157959,8.556017599105836,7.42182769536972,1.2258860722440756,2018,1,January,Q1,Wednesday
2018-01-04,8.93407037357766,9.019955775915731,8.932161020343031,9.018047332763672,3853000,8.836731910705566,0.18131542205810547,2.051837985923788,0.08779475557270011,0.9826960377696531,8.726306642804827,8.760897668202718,8.593196783065796,7.436786484718323,1.2425611788005915,2018,1,January,Q1,Thursday
2018-01-05,9.195545844706748,9.311969984868355,9.193637401438956,9.294792175292969,6780500,9.018047332763672,0.2767448425292969,3.0687889774524635,0.11833258342939956,1.2868467563294854,8.821463176182338,8.771013164520264,8.635185594558715,7.452920277118682,1.3607334523026369,2018,1,January,Q1,Friday
2018-01-08,9.313877282990852,9.353957316934515,9.300517271676297,9.352048873901367,3094500,9.294792175292969,0.05725669860839844,0.6160083789780169,0.05344004525821866,0.573767976907015,8.923436028616768,8.782337443033855,8.680380802154541,7.469530103206634,1.3636260864211243,2018,1,January,Q1,Monday
2018-01-09,9.500919548881772,9.504736435429114,9.43221013053386,9.457021713256836,5286500,9.352048873901367,0.10497283935546875,1.122458198955889,0.0725263048952538,0.7633608991435984,9.039587020874023,8.792898241678873,8.725003442764283,7.48625684261322,1.3550285652719192,2018,1,January,Q1,Tuesday
2018-01-10,9.493283706121948,9.537181536384866,9.441752103696794,9.5009183883667,5256500,9.457021713256836,0.04389667510986328,0.46417018423812184,0.09542943268807136,1.0052310206059851,9.171279089791435,8.804095236460368,8.770618534088134,7.502937417030335,1.3562152990807417,2018,1,January,Q1,Wednesday
2018-01-11,9.520004619577522,9.60398249179697,9.508553050180206,9.59634780883789,4301500,9.5009183883667,0.0954294204711914,1.0044231154331174,0.09542944161676381,1.002409614597422,9.293701171875,8.816691907246907,8.814248733520508,7.520037105083466,1.3632439500385654,2018,1,January,Q1,Thursday
2018-01-12,9.535272609801078,9.699410549704195,9.491375687657046,9.548632621765137,5217000,9.59634780883789,-0.047715187072753906,-0.49722236024845046,0.20803486204714972,2.181740056737504,9.395401273454938,8.833614667256674,8.839518375396729,7.53624175786972,1.3125123508130019,2018,1,January,Q1,Friday
2018-01-16,9.504735909043069,9.621159133032942,9.313877941006576,9.342506408691406,6942000,9.548632621765137,-0.20612621307373047,-2.15869875026804,0.30728119202636606,3.232927195105024,9.441752570016044,8.847292868296305,8.86016923904419,7.55110182762146,1.3582924456462044,2018,1,January,Q1,Tuesday
2018-01-17,9.436025305852649,9.537180971756204,9.38258526355074,9.508551597595217,3922500,9.342506408691406,0.16604518890381037,1.7773088038702145,0.15459570820546453,1.6383562272726981,9.472289630344935,8.874394639333088,8.878987865447998,7.566554276943207,1.2809447425673814,2018,1,January,Q1,Wednesday
2018-01-18,9.41884853120774,9.41884853120774,9.355865363371132,9.384493827819824,2853000,9.508551597595217,-0.1240577697753924,-1.304696814252626,0.06298316783660773,0.6686928622742345,9.476924623761859,8.895961538950603,8.895630702972412,7.582061922550201,1.3136080736961164,2018,1,January,Q1,Thursday
2018-01-19,9.52000413164676,9.546724155510145,9.491375664662074,9.521912574768066,2610500,9.384493827819824,0.1374187469482422,1.4643170901862845,0.05534849084807014,0.5813914582671091,9.486194746834892,8.921536540985107,8.910975704193115,7.598152003288269,1.3321988941706397,2018,1,January,Q1,Friday
2018-01-22,9.571535927731173,9.697502277082824,9.561993711933756,9.69559383392334,4000500,9.521912574768066,0.17368125915527344,1.8240165281028453,0.13550856514906862,1.4157452489570233,9.514005524771553,8.959008344014485,8.929259929656983,7.615462505817414,1.2816963821589797,2018,1,January,Q1,Monday
2018-01-23,9.842555208016885,9.913172157697003,9.521913084332065,9.62306785583496,12159000,9.69559383392334,-0.07252597808838068,-0.7480302839690367,0.3912590733649388,3.9751778384362364,9.517822674342565,8.98871857325236,8.940520553588867,7.632933642864227,1.2685764484672997,2018,1,January,Q1,Tuesday
2018-01-24,9.523819491597031,9.523819491597031,9.338687797343969,9.38067626953125,8712500,9.62306785583496,-0.24239158630370916,-2.51885978499814,0.1851316942530623,1.9438807551571722,9.493828909737724,9.010094674428304,8.952964458465576,7.649316504001617,1.3710281883877482,2018,1,January,Q1,Wednesday
2018-01-25,9.256618908651134,9.374951470718711,9.197452627617343,9.237533569335938,6088000,9.38067626953125,-0.1431427001953125,-1.5259315648728289,0.1774988431013682,1.917534305484692,9.478832789829799,9.032361443837484,8.961285877227784,7.665126357078552,1.3499900804194493,2018,1,January,Q1,Thursday
2018-01-26,9.308151266579646,9.447477622241632,9.300517494264351,9.443660736083984,5564500,9.237533569335938,0.20612716674804688,2.231409122368855,0.1469601279772803,1.5788326142155826,9.469562666756767,9.063216876983642,8.974264259338378,7.68204295873642,1.3862958556718614,2018,1,January,Q1,Friday
2018-01-29,9.275703656344325,9.279520541572932,9.077211063139751,9.136377334594728,15403000,9.443660736083984,-0.30728340148925604,-3.2538589650423777,0.2023094784331807,2.1810688000452303,9.434117453438896,9.083702246348063,8.98121145248413,7.697775158882141,1.5345367114989221,2018,1,January,Q1,Monday
2018-01-30,9.073396365519711,9.115384843404808,8.964606919534306,9.03713321685791,4554000,9.136377334594728,-0.09924411773681818,-1.0862523963522386,0.1507779238705016,1.661758373562084,9.36486325945173,9.102151870727539,8.989265689849853,7.713163359165192,1.548817431148684,2018,1,January,Q1,Tuesday
2018-01-31,9.147830822426606,9.1860024129799,9.111567674888596,9.149739265441896,4260500,9.03713321685791,0.11260604858398615,1.2460372762230554,0.07443473809130374,0.813687305069321,9.286884035382952,9.12187385559082,8.996289253234863,7.728619871139526,1.5556397253254888,2018,1,January,Q1,Wednesday
2018-02-01,9.271886838308513,9.474197248147922,9.25470994288699,9.38067626953125,9050500,9.149739265441896,0.2309370040893537,2.523973606128771,0.21948730526093208,2.367234513196168,9.252256665910993,9.143631649017333,9.007664394378661,7.745383281707763,1.5794858184476672,2018,2,February,Q1,Thursday
2018-02-02,10.11548153987916,10.289161685898437,9.842554166004923,9.922714233398438,19771000,9.38067626953125,0.5420379638671875,5.77823973765883,0.4466075198935133,4.415089070478878,9.329690660749163,9.185938549041747,9.026826572418212,7.7645809841156,1.8587288617798756,2018,2,February,Q1,Friday
2018-02-05,9.672690055533192,9.67459849856634,9.220356293706455,9.352048873901367,12982000,9.922714233398438,-0.5706653594970703,-5.751101423200245,0.4542422048598844,4.696131089200346,9.346049989972796,9.211195437113444,9.034041004180908,7.780107171535492,2.171483889136269,2018,2,February,Q1,Monday
2018-02-06,9.35395742344084,9.768119599072806,9.313877389040815,9.689867973327637,13337000,9.352048873901367,0.33781909942626953,3.612246941619568,0.4542422100319907,4.856150070703427,9.381222452436175,9.245295429229737,9.047591953277587,7.796513772010803,2.2524896908283174,2018,2,February,Q1,Tuesday
2018-02-07,9.638335540210605,9.724220930776596,9.529546104711592,9.56580924987793,5658500,9.689867973327637,-0.12405872344970703,-1.2802932278457413,0.19467482606500397,2.0197971449824643,9.442569868905204,9.273542372385661,9.056104183197021,7.812166883945465,2.2727417661932963,2018,2,February,Q1,Wednesday
2018-02-08,9.269979142827118,9.30624228949152,8.962697982788086,8.962697982788086,12890500,9.56580924987793,-0.6031112670898438,-6.3048640353929315,0.34354430670343383,3.7059879144308536,9.431936264038086,9.28467575709025,9.052057971954346,7.824966170787811,2.5669752214316217,2018,2,February,Q1,Thursday
2018-02-09,9.056216826101927,9.11919998592822,8.651597849046023,8.979873657226562,10518000,8.962697982788086,0.017175674438476562,0.1916350910346587,0.46760213688219565,5.163327533573044,9.407669748578753,9.296063582102457,9.047286491394043,7.837917935848236,2.5669653774132826,2018,2,February,Q1,Friday
2018-02-12,9.107752103444788,9.254713172508971,9.021866686283284,9.212724685668944,6063500,8.979873657226562,0.23285102844238104,2.5930323446699433,0.2328464862256876,2.5565747023090255,9.383676665169853,9.315022246042888,9.050721988677978,7.851900761127472,2.6049056398980546,2018,2,February,Q1,Monday
2018-02-13,8.985600498601912,9.035223652710124,8.93215954873601,9.012320518493652,6546000,9.212724685668944,-0.2004041671752912,-2.175297471843851,0.10306410397411447,1.1469918342146463,9.253620420183454,9.329463799794516,9.052325191497802,7.864120454788208,2.6364900074537077,2018,2,February,Q1,Tuesday
2018-02-14,8.998961222965576,9.292882375191226,8.993234983915649,9.273797035217283,6717000,9.012320518493652,0.26147651672363104,2.901322874470247,0.2996473912755775,3.3297997830112855,9.242441586085729,9.34727725982666,9.063891162872315,7.877495303153991,2.665629855116085,2018,2,February,Q1,Wednesday
2018-02-15,9.338690455838917,9.338690455838917,9.166917812394612,9.315787315368652,3118000,9.273797035217283,0.041990280151368964,0.45278411843510113,0.17177264344430476,1.8393654255549903,9.189001492091588,9.36324577331543,9.075457172393799,7.891023030281067,2.660823015518053,2018,2,February,Q1,Thursday
2018-02-16,9.409306991084556,9.493284865704462,9.395946978086236,9.457021713256836,4412000,9.315787315368652,0.1412343978881836,1.5160758088066606,0.0973378876182256,1.0344851933352217,9.173460415431432,9.377878252665202,9.089504356384277,7.905380609035492,2.649814362206185,2018,2,February,Q1,Friday
2018-02-20,9.428393222990344,9.52191331377034,9.409306970130883,9.430301666259766,3493000,9.457021713256836,-0.026720046997070312,-0.2825418805966651,0.11260634363945599,1.1943322788539927,9.24026094164167,9.382395235697429,9.106681594848633,7.919623610973358,2.594450531592223,2018,2,February,Q1,Tuesday
2018-02-21,9.552449897648062,9.645969976301163,9.445568897676292,9.447477340698242,4591000,9.430301666259766,0.017175674438476562,0.18213282083996418,0.20040107862487133,2.0979024310215193,9.307061467851911,9.385576184590658,9.120995922088623,7.9337717318534855,2.5925743069585256,2018,2,February,Q1,Wednesday
2018-02-22,9.542906877675154,9.590621594080034,9.479923706843818,9.514278411865234,4428500,9.447477340698242,0.06680107116699219,0.7070783951947046,0.11069788723621521,1.1600017547607409,9.350140571594238,9.387484741210937,9.136493625640869,7.947892332077027,2.5878457787293647,2018,2,February,Q1,Thursday
2018-02-23,9.573442473054506,9.59443716381199,9.47037928221302,9.58680248260498,7188500,9.514278411865234,0.0725240707397461,0.76226559283048,0.12405788159897035,1.2958544635134617,9.432209423610143,9.390347544352213,9.156839065551758,7.962137706279755,2.5900513252036137,2018,2,February,Q1,Friday
2018-02-26,9.674599441933214,9.731857288923438,9.644062530260165,9.718497276306152,4389500,9.58680248260498,0.13169479370117188,1.3737092627091219,0.08779475866327324,0.9074769367994607,9.49573802947998,9.394419193267822,9.180849056243897,7.976860785484314,2.595553066279844,2018,2,February,Q1,Monday
2018-02-27,9.69559331556156,9.718496452416025,9.584895427486664,9.594438552856444,4297000,9.718497276306152,-0.12405872344970881,-1.2765216671117074,0.13360102492936043,1.3779561557612876,9.535545349121094,9.395946057637532,9.202301502227783,7.990973081588745,2.605358545593677,2018,2,February,Q1,Tuesday
2018-02-28,9.70131987468704,9.733765227898544,9.62688513249704,9.630702018737791,4317500,9.594438552856444,0.036263465881347656,0.3779633970405927,0.1068800954015039,1.1017067448768336,9.56035682133266,9.405552577972411,9.225242652893066,8.005304753780365,2.572189381955284,2018,2,February,Q1,Wednesday
2018-03-01,9.504736162541995,9.531456187771491,9.22226563424821,9.298609733581545,5937500,9.630702018737791,-0.33209228515624645,-3.448266642557496,0.3091905535232815,3.253015635949962,9.541543688092913,9.398554515838622,9.240053253173828,8.018156731128693,2.6332496830098346,2018,3,March,Q1,Thursday
2018-03-02,9.287156721279368,9.491374675292462,9.245167336657358,9.481831550598145,4216000,9.298609733581545,0.1832218170165998,1.9704216250188589,0.24620733863510402,2.651051834529474,9.546451432364327,9.4017991065979,9.255131034851074,8.031820166110993,2.6468907831602833,2018,3,March,Q1,Friday
2018-03-05,9.41884844087202,9.68032423455438,9.41884844087202,9.644061088562012,5541500,9.481831550598145,0.1622295379638672,1.710951487570278,0.26147579368235974,2.7760908918304206,9.56499181474958,9.405870723724366,9.274942111968993,8.046399400234222,2.651753989162614,2018,3,March,Q1,Monday
2018-03-06,9.575351811967211,9.636425621204744,9.55244867846194,9.573442459106444,5421000,9.644061088562012,-0.07061862945556818,-0.7322499184427955,0.08397694274280454,0.8770115646074822,9.563083239964076,9.40179901123047,9.294524116516113,8.060663590431213,2.634689458504666,2018,3,March,Q1,Tuesday
2018-03-07,9.600165081187347,9.750943008256456,9.590621955530208,9.71277141571045,6154500,9.573442459106444,0.13932895660400568,1.4553694472929424,0.16032105272624797,1.669982248955447,9.562265259878975,9.404789129892984,9.315442180633545,8.075300958156586,2.6440559193987947,2018,3,March,Q1,Wednesday
2018-03-08,9.76620905591128,9.810105966981554,9.741397481368242,9.787202835083008,4007500,9.71277141571045,0.0744314193725586,0.7663252452555946,0.06870848561331222,0.703532816264305,9.58980301448277,9.418340015411378,9.336818218231201,8.090434160232544,2.6010313838893624,2018,3,March,Q1,Thursday
2018-03-09,9.766209365006231,9.817740958367748,9.707043090742795,9.81010627746582,6445500,9.787202835083008,0.0229034423828125,0.23401417921689038,0.11069786762495326,1.1334783382957163,9.61543219430106,9.43742577234904,9.36044641494751,8.105662853717805,2.5811271109617038,2018,3,March,Q1,Friday
2018-03-12,9.54672350646812,9.617341357650728,9.527638166470048,9.544815063476562,6926500,9.81010627746582,-0.2652912139892578,-2.7042644237060043,0.08970319118068026,0.9396228048283196,9.650604384286064,9.440797583262126,9.378577938079834,8.11911794424057,2.6065437602651325,2018,3,March,Q1,Monday
2018-03-13,9.607798386595912,9.659329988523854,9.533363648237213,9.556266784667969,6289000,9.544815063476562,0.01145172119140625,0.11997845023972165,0.12596634028664155,1.3110843423023995,9.66123798915318,9.454793898264567,9.396823978424072,8.132487576007843,2.529904292169821,2018,3,March,Q1,Tuesday
2018-03-14,9.726129628723235,9.760483418603028,9.682231804868948,9.724220275878906,4637500,9.556266784667969,0.1679534912109375,1.7575220009596437,0.0782516137340803,0.8045503887074196,9.672689301627022,9.477696800231934,9.419726905822754,8.146211771965026,2.534052501962329,2018,3,March,Q1,Wednesday
2018-03-15,9.792932087601496,9.846372138426702,9.756668935946504,9.798657417297363,2684500,9.724220275878906,0.07443714141845703,0.7654818515691053,0.08970320248019803,0.9159994338546293,9.704862867082868,9.499327405293782,9.440912189483642,8.160498428344727,2.529222917478697,2018,3,March,Q1,Thursday
2018-03-16,9.68604905622007,9.69177529480456,9.609705882364567,9.66505527496338,4820000,9.798657417297363,-0.1336021423339826,-1.3634739601992574,0.0820694124399921,0.8472950318921807,9.698046275547572,9.508806705474854,9.4574786567688,8.173983886241913,2.5087274735062466,2018,3,March,Q1,Friday
2018-03-19,9.283339734812342,9.289065974161216,9.105841786400443,9.226082801818848,9195500,9.66505527496338,-0.438972473144533,-4.541851656882489,0.1832241877607732,1.9736882737759351,9.61788627079555,9.485585657755534,9.461639366149903,8.185379133224487,2.413309307564337,2018,3,March,Q1,Monday
2018-03-20,9.25280196035822,9.331053580179097,9.235625064082225,9.319602012634276,4739500,9.226082801818848,0.09351921081542791,1.0136394049811814,0.09542851609687197,1.0313472233137202,9.547814232962471,9.484504095713298,9.462135562896728,8.196062254905701,2.183130351568594,2018,3,March,Q1,Tuesday
2018-03-21,9.30624102100954,9.388310428080969,9.281429445625427,9.29288101196289,3119500,9.319602012634276,-0.026721000671384942,-0.28671825937588435,0.10688098245554123,1.1484871519472724,9.511823654174805,9.471271197001139,9.460952205657959,8.206687881946564,2.0747657483558264,2018,3,March,Q1,Wednesday
2018-03-22,9.268070282125285,9.327236561919657,9.1611902000012,9.186001777648926,7908000,9.29288101196289,-0.10687923431396484,-1.150119475073197,0.1660463619184558,1.7915958431896923,9.458928653172084,9.45861094792684,9.455531806945801,8.216341474056243,2.0723862216093503,2018,3,March,Q1,Thursday
2018-03-23,9.315787283466737,9.331055740367066,9.13256307041475,9.14019775390625,4579000,9.186001777648926,-0.04580402374267578,-0.49862850945799897,0.19849266995231574,2.1307127772721057,9.375496864318848,9.464527606964111,9.448317394256591,8.226041948795318,1.7144820134976237,2018,3,March,Q1,Friday
2018-03-26,9.252803164433464,9.290974757856008,9.147831510042115,9.289066314697266,4657000,9.14019775390625,0.14886856079101562,1.628723631579998,0.14314324781389232,1.5470257528455353,9.302698135375977,9.474834028879801,9.442171764373779,8.236439197063445,1.7376365131382747,2018,3,March,Q1,Monday
2018-03-27,9.390218403943352,9.395943731786264,9.07530262052545,9.136377334594728,7365500,9.289066314697266,-0.1526889801025373,-1.6437494892350024,0.32064111126081407,3.4146288985798585,9.227172715323311,9.472289117177327,9.433926658630371,8.246948275566101,1.7021615023583014,2018,3,March,Q1,Tuesday
2018-03-28,9.308263746310937,9.365687120804036,9.160877845706624,9.202988624572754,14049500,9.136377334594728,0.06661128997802557,0.7290777026667028,0.20480927509741242,2.200295142889378,9.223873547145299,9.478644720713298,9.431136302947998,8.257714302539826,1.6569675171426959,2018,3,March,Q1,Wednesday
2018-03-29,9.22595884571795,9.300608783252525,9.124511635126913,9.252756118774414,10684500,9.202988624572754,0.049767494201660156,0.540775352788958,0.17609714812561172,1.908713783254559,9.214324133736747,9.477943356831869,9.426020393371582,8.268824307918548,1.5724195001948538,2018,3,March,Q1,Thursday
2018-04-02,9.268069101246097,9.292952414792357,9.132167857053933,9.185762405395508,10892000,9.252756118774414,-0.06699371337890625,-0.7240406265866195,0.16078455773842393,1.7348226041690427,9.199021475655693,9.473609193166096,9.422045764923096,8.279494688510894,1.575527380551104,2018,4,April,Q2,Monday
2018-04-03,9.283382871773131,9.365689578021945,9.20299103910446,9.348462104797363,9535000,9.185762405395508,0.16269969940185547,1.7712160648340802,0.16269853891748554,1.752578140584759,9.222230093819755,9.469990539550782,9.41857675552368,8.290626549720765,1.5848481410109856,2018,4,April,Q2,Tuesday
2018-04-04,9.160879271758672,9.384829098073132,9.141738752423796,9.37334442138672,4536000,9.348462104797363,0.024882316589357245,0.2661648120345639,0.2430903456493354,2.6535700170041405,9.255536760602679,9.46809196472168,9.41213176727295,8.301977963447571,1.5849539023187833,2018,4,April,Q2,Wednesday
2018-04-05,9.388655391910689,9.43842200651568,9.363772084608192,9.407795906066896,4412500,9.37334442138672,0.03445148468017578,0.36754741030926574,0.07464992190748809,0.7951076995733257,9.27249813079834,9.466769250233968,9.407826328277588,8.312255318164825,1.5860816014565973,2018,4,April,Q2,Thursday
2018-04-06,9.33506258215629,9.398227848333576,9.2317014034505,9.271897315979004,4463000,9.407795906066896,-0.1358985900878924,-1.4445316569873135,0.16652644488307544,1.7838813978749972,9.291858128138951,9.458689880371093,9.405650749206544,8.322309846878051,1.6014969092350961,2018,4,April,Q2,Friday
2018-04-09,9.363774686186332,9.402056637848256,9.296780586242676,9.296780586242676,3055500,9.271897315979004,0.024883270263671875,0.26837301380364664,0.10527605160558018,1.1242907388714294,9.305256979806083,9.449022483825683,9.406835689544678,8.33250782251358,1.595135678770878,2018,4,April,Q2,Monday
2018-04-10,9.518815168459131,9.545612439733445,9.46330575277926,9.522643089294434,5251500,9.296780586242676,0.2258625030517578,2.4294700832887095,0.08230668695418508,0.864673654205522,9.343812261308942,9.442494010925293,9.408415336608886,8.343578231334686,1.639566887240733,2018,4,April,Q2,Tuesday
2018-04-11,9.451823956660323,9.534129748024064,9.400142451063772,9.446081161499023,2749000,9.522643089294434,-0.07656192779541016,-0.8039987120958325,0.1339872969602922,1.4175813850815187,9.381000655038017,9.437548764546712,9.414609413146973,8.35416118144989,1.62966442670149,2018,4,April,Q2,Wednesday
2018-04-12,9.371431661935649,9.434596935450454,9.340806461988883,9.405885696411133,3895500,9.446081161499023,-0.040195465087890625,-0.42552529880562906,0.09379047346157066,1.0008126489629487,9.389204025268555,9.430054887135823,9.421984462738036,8.36439092874527,1.6291785722407748,2018,4,April,Q2,Thursday
2018-04-13,9.40205410006022,9.40588202037907,9.304434830221757,9.35802936553955,3499500,9.405885696411133,-0.04785633087158203,-0.5087913293464918,0.1014471901573124,1.078989645003879,9.38701616014753,9.432035541534423,9.42615026473999,8.374486045837402,1.502174117615267,2018,4,April,Q2,Friday
2018-04-16,9.467136555900812,9.492019871934277,9.403971285409234,9.446081161499023,3410000,9.35802936553955,0.08805179595947266,0.9409224156072815,0.08804858652504244,0.9300445388649461,9.39248548235212,9.430843861897786,9.427458362579346,8.384736003875732,1.4677346583530964,2018,4,April,Q2,Monday
2018-04-17,9.526471138000488,9.570494962120334,9.484360361427086,9.526471138000488,5131000,9.446081161499023,0.08038997650146484,0.8510405016328271,0.08613460069324752,0.9041606219711522,9.428853171212333,9.42692419687907,9.419533500671387,8.395949234962464,1.4412852957062114,2018,4,April,Q2,Tuesday
2018-04-18,9.627920298243406,9.687256729265226,9.620263542927503,9.65854549407959,9850000,9.526471138000488,0.13207435607910156,1.386393284206422,0.06699318633772222,0.6958219871216111,9.480533872331891,9.429760964711507,9.425663433074952,8.407908463478089,1.457540904041584,2018,4,April,Q2,Wednesday
2018-04-19,9.547527228445498,9.55135514961289,9.42885345783322,9.518815994262695,9606000,9.65854549407959,-0.13972949981689453,-1.4466929819044183,0.12250169177966974,1.283072452673331,9.479987144470215,9.423295783996583,9.422242393493653,8.419169044494629,1.4566599068029904,2018,4,April,Q2,Thursday
2018-04-20,9.57049773138198,9.57049773138198,9.482449144951556,9.524559020996094,6708500,9.518815994262695,0.0057430267333984375,0.06033341475304432,0.08804858643042479,0.9200000762939481,9.49119826725551,9.414540990193684,9.421417388916016,8.430705699920654,1.4485828313309541,2018,4,April,Q2,Friday
2018-04-23,9.52647336939761,9.52647336939761,9.442252709237229,9.457565307617188,4648500,9.524559020996094,-0.06699371337890625,-0.7033786365460482,0.08422066016038166,0.8840696540540186,9.498581068856376,9.402789624532064,9.431314735412597,8.442278430461883,1.4516738048427613,2018,4,April,Q2,Monday
2018-04-24,9.566668188535928,9.570496109514789,9.403969681657086,9.453736305236816,6284500,9.457565307617188,-0.0038290023803710938,-0.04048613206283358,0.16652642785770233,1.7406940909402164,9.512253488813128,9.399753665924072,9.440791988372803,8.453594167232513,1.3665987116055875,2018,4,April,Q2,Tuesday
2018-04-25,9.499673523489951,9.513072158823348,9.421195671863826,9.490103721618652,4011000,9.453736305236816,0.03636741638183594,0.38468828839335334,0.09187648695952255,0.9671541525331213,9.518542425973076,9.397548230489095,9.446339569091798,8.46474924325943,1.3684060429299076,2018,4,April,Q2,Wednesday
2018-04-26,9.568581964433385,9.660458455149058,9.532213977694893,9.604949951171877,5637000,9.490103721618652,0.11484622955322443,1.210168328209127,0.12824447745416556,1.3402662790667719,9.529753684997559,9.39357255299886,9.458192157745362,8.475812575817109,1.3474600202657085,2018,4,April,Q2,Thursday
2018-04-27,9.061345531528088,9.063259491895169,8.52348342169504,8.709151268005371,33381500,9.604949951171877,-0.8957986831665057,-9.326427391297454,0.5397760702001282,5.9569085884875355,9.394125938415527,9.357255681355793,9.446899242401123,8.48155969619751,2.157616494789303,2018,4,April,Q2,Friday
2018-04-30,8.755091366747058,8.814428717362485,8.701496811462835,8.772318840026855,5566000,8.709151268005371,0.06316757202148438,0.7253011238137708,0.11293190589965008,1.289899798517006,9.287483487810407,9.327497800191244,9.436029872894288,8.487556054592133,2.15810927649153,2018,4,April,Q2,Monday
2018-05-01,8.804856869194346,8.87950680991359,8.734035762441984,8.871850967407227,9939000,8.772318840026855,0.0995321273803711,1.1346159344576057,0.14547104747160589,1.6521682252503969,9.194239480154854,9.315690072377523,9.424326457977294,8.493650493621827,2.017556053479661,2018,5,May,Q2,Tuesday
2018-05-02,8.892906627618865,8.954157939369882,8.856538632744392,8.931188583374023,6854500,8.871850967407227,0.059337615966796875,0.6688301706688549,0.09761930662548934,1.0977210344513373,9.119042805262975,9.302742958068848,9.41434419631958,8.500127246379853,2.0119094679684992,2018,5,May,Q2,Wednesday
2018-05-03,8.938842719513154,9.032633164172188,8.894817981306376,9.015406608581545,7339500,8.931188583374023,0.08421802520752131,0.9429654790214403,0.13781518286581118,1.5417564352594086,9.056424277169365,9.29349381128947,9.405702781677245,8.50679675579071,2.020929641773142,2018,5,May,Q2,Thursday
2018-05-04,8.950328759438698,9.12451195308914,8.929273367283333,9.10537052154541,5206500,9.015406608581545,0.08996391296386541,0.9978907981613494,0.19523858580580722,2.181356585364706,9.001462391444615,9.290806102752686,9.397524623870849,8.5137353181839,2.019771535428269,2018,5,May,Q2,Friday
2018-05-07,9.076660283312584,9.13408275881981,9.03454949437924,9.080488204956056,6069000,9.10537052154541,-0.024882316589353692,-0.27327077498358054,0.09953326444056998,1.0965846614702723,8.926539284842354,9.288815784454346,9.38739833831787,8.520482873916626,2.018305202280669,2018,5,May,Q2,Monday
2018-05-08,9.07283204413821,9.091973479038836,9.038378921659248,9.070918083190918,4592500,9.080488204956056,-0.009570121765138495,-0.10539215017002501,0.05359455737958818,0.590714752779036,8.97822025844029,9.281544176737468,9.374446754455567,8.527011330127715,1.994708875838876,2018,5,May,Q2,Tuesday
2018-05-09,9.038376470775496,9.122596205902086,9.01157919935216,9.05560302734375,5536000,9.070918083190918,-0.015315055847167969,-0.16883688846830447,0.11101700654992541,1.2282848242589315,9.01868942805699,9.2788516998291,9.363670043945312,8.533653497695923,1.9723538596775225,2018,5,May,Q2,Wednesday
2018-05-10,8.919702612355984,8.996266512767424,8.906303975419666,8.973298072814941,4190000,9.05560302734375,-0.0823049545288086,-0.9088843037872274,0.08996253734775728,1.008582250524104,9.033181871686663,9.271195348103841,9.350521965026855,8.540293221473695,1.9738638794133436,2018,5,May,Q2,Thursday
2018-05-11,9.0383761679773,9.227871934734168,9.034547334535375,9.202988624572754,8240500,8.973298072814941,0.2296905517578125,2.5597116009516307,0.1933246001987925,2.138930673008896,9.072010449000768,9.269536431630453,9.34860954284668,8.547491536140441,2.028861445710068,2018,5,May,Q2,Friday
2018-05-14,9.22595884571795,9.269982676392525,9.19341877831301,9.252756118774414,4211500,9.202988624572754,0.049767494201660156,0.540775352788958,0.07656389807951491,0.8298746976857648,9.105917521885463,9.27176955540975,9.344028034210204,8.554472515583038,2.026375761412377,2018,5,May,Q2,Monday
2018-05-15,9.22595777013221,9.269981595674372,9.034547134534908,9.093884468078612,4540500,9.252756118774414,-0.15887165069580256,-1.71701975775026,0.2354344611394641,2.5518701364713734,9.104276657104492,9.263283634185791,9.333024501800537,8.560963587760925,2.023986391078277,2018,5,May,Q2,Tuesday
2018-05-16,9.1551369983,9.18193427185121,9.113027127392916,9.153223037719728,3132500,9.093884468078612,0.059338569641116834,0.6525107048523271,0.0689071444582936,0.7526609866252011,9.114667347499303,9.255946254730224,9.324620113372802,8.567656202316284,2.0274336232391255,2018,5,May,Q2,Wednesday
2018-05-17,9.33697717304288,9.37525912747012,9.29103937535846,9.340806007385254,5725500,9.153223037719728,0.18758296966552557,2.0493652224195857,0.08421975211165922,0.9020023349185544,9.15322276524135,9.253713258107503,9.317180805206299,8.57562923192978,2.0625649522530645,2018,5,May,Q2,Thursday
2018-05-18,9.29869477881479,9.329320888536332,9.23552951136168,9.302523612976074,3275500,9.340806007385254,-0.03828239440917969,-0.40984037543346785,0.09379137717465191,1.008650992484846,9.188497134617396,9.254734134674072,9.30748722076416,8.584267103672028,2.046203236034581,2018,5,May,Q2,Friday
2018-05-21,9.312092908457512,9.317835703029196,9.243185762593184,9.262327194213867,3120500,9.302523612976074,-0.04019641876220703,-0.4321023029292492,0.07464994043601259,0.8016451421808019,9.229787009102958,9.253585688273112,9.296531639099122,8.592332947254182,2.0474110708679354,2018,5,May,Q2,Monday
2018-05-22,9.166622065053328,9.166622065053328,9.00009562219646,9.00775146484375,5236500,9.262327194213867,-0.2545757293701172,-2.7485071951371953,0.16652644285686868,1.8166609430940894,9.201895986284528,9.236422634124756,9.285790367126465,8.59899272441864,2.0545523124391636,2018,5,May,Q2,Tuesday
2018-05-23,8.89290529904881,8.894819259643555,8.804856722694725,8.894819259643555,5350500,9.00775146484375,-0.11293220520019531,-1.2537224815866277,0.08996253694883016,1.0116214434269597,9.150762149265834,9.21804723739624,9.272561416625976,8.605420820713043,2.0610151213809886,2018,5,May,Q2,Wednesday
2018-05-24,8.929274182045418,8.929274182045418,8.825912997876298,8.892906188964844,4030500,8.894819259643555,-0.0019130706787109375,-0.021507695916778147,0.10336118416912043,1.1575541534714482,9.122050966535296,9.200947920481363,9.255935134887695,8.611297061443329,2.060667166666201,2018,5,May,Q2,Thursday
2018-05-25,8.856538725708944,8.927360755320603,8.852710803907392,8.88142204284668,3810500,8.892906188964844,-0.011484146118164062,-0.12913828026674956,0.0746499514132104,0.8428795235379594,9.083222252982003,9.185061009724935,9.23759042739868,8.617629630565643,2.0596505529900866,2018,5,May,Q2,Friday
2018-05-29,8.973297989870778,8.986696626683246,8.866107982657354,8.919702529907227,5647500,8.88142204284668,0.038280487060546875,0.4310175428649865,0.12058864402589187,1.3438609100245476,9.023064613342285,9.167515055338542,9.222683372497558,8.62523818731308,2.0524060346373068,2018,5,May,Q2,Tuesday
2018-05-30,9.00775063837934,9.051775380416837,9.000094796434476,9.036462783813477,3735500,8.919702529907227,0.11676025390625,1.30901511025463,0.05168058398236042,0.5737346209625837,8.985055923461914,9.151181443532307,9.218890972137451,8.633316369056702,2.0619408206709466,2018,5,May,Q2,Wednesday
2018-05-31,9.044116817638264,9.053687530869576,8.969466897318227,9.0134916305542,3544500,9.036462783813477,-0.022971153259277344,-0.25420514430075647,0.08422063355134846,0.9312200986512845,8.949507985796247,9.129679648081462,9.21276876449585,8.641136996746063,2.0413200416011645,2018,5,May,Q2,Thursday
2018-06-01,9.063259469909848,9.14556524177606,9.063259469909848,9.124510765075684,2197500,9.0134916305542,0.11101913452148438,1.2316995352294802,0.08230577186621169,0.9081255164267119,8.966187885829381,9.116536140441895,9.209401359558106,8.649731538295747,2.043894523608441,2018,6,June,Q2,Friday
2018-06-04,9.256585377615892,9.40779923508324,9.247014660794388,9.394400596618652,6795500,9.124510765075684,0.26988983154296875,2.9578553688158316,0.1607845742888525,1.7369750046022248,9.037556648254395,9.11219752629598,9.2135693359375,8.65922837972641,2.119753298059673,2018,6,June,Q2,Monday
2018-06-05,9.413539846403356,9.453735752472024,9.363773225733503,9.43842315673828,4972000,9.394400596618652,0.04402256011962713,0.4686042464004725,0.08996252673852112,0.9556715986377134,9.1154876436506,9.111559454600016,9.21953384399414,8.669316363334655,2.117584302572678,2018,6,June,Q2,Tuesday
2018-06-06,9.574323845790904,9.62026254750555,9.555183328552214,9.604949951171877,12920000,9.43842315673828,0.1665267944335973,1.7643497400803732,0.06507921895333624,0.6797265269228028,9.218848773411342,9.116599909464519,9.225851516723633,8.680455811023712,2.141432091282086,2018,6,June,Q2,Wednesday
2018-06-07,9.578153420984574,9.597293939705194,9.514988157593264,9.547527313232422,3444000,9.604949951171877,-0.0574226379394549,-0.5978442181517996,0.08230578211193063,0.8593074102530937,9.308538028172084,9.118514029184977,9.234074516296387,8.691565020084381,2.144060300600301,2018,6,June,Q2,Thursday
2018-06-08,9.503502133322218,9.570495308412768,9.459477394895886,9.562838554382324,2912500,9.547527313232422,0.015311241149902344,0.16036865512478737,0.11101791351688206,1.1681789719141422,9.383734566824776,9.117110315958659,9.241271514892578,8.702550992965698,2.132896350573913,2018,6,June,Q2,Friday
2018-06-11,9.616435915874153,9.698741702648393,9.606865199614855,9.666202545166016,2985000,9.562838554382324,0.1033639907836914,1.0808923542510618,0.09187650303353756,0.9554111714286384,9.476978983197894,9.149012025197347,9.24954044342041,8.713958647251129,1.2081852700034261,2018,6,June,Q2,Monday
2018-06-12,9.524558721637517,9.599208667311428,9.509246122894762,9.541786193847656,2644500,9.666202545166016,-0.12441635131835938,-1.2871275015914008,0.08996254441666629,0.9445324140035268,9.536589758736747,9.174660936991375,9.256660919189454,8.725334079265595,1.242312075118044,2018,6,June,Q2,Tuesday
2018-06-13,9.536043167114258,9.603037268145483,9.48053465575316,9.536043167114258,4176500,9.541786193847656,-0.0057430267333984375,-0.0601881724943798,0.12250261239232252,1.2846272845616065,9.55682441166469,9.196800676981608,9.26041254043579,8.736385867595672,1.2333578379806107,2018,6,June,Q2,Wednesday
2018-06-14,9.45565034923506,9.463306191260395,9.40205580420314,9.403969764709473,3656500,9.536043167114258,-0.13207340240478516,-1.3849916583877242,0.06125038705725494,0.6477649320251139,9.551902498517718,9.21256004969279,9.261025047302246,8.746796312332153,1.2657839921960634,2018,6,June,Q2,Thursday
2018-06-15,9.37142963432215,9.426939052197095,9.37142963432215,9.402055740356444,2600000,9.403969764709473,-0.00191402435302912,-0.020353365662784118,0.05550941787494601,0.5923260381921557,9.52291761125837,9.225448354085286,9.260910243988038,8.757044966220855,1.2579512601996479,2018,6,June,Q2,Friday
2018-06-18,9.283381504859497,9.283381504859497,9.19150500780722,9.258498191833496,3889500,9.402055740356444,-0.14355754852294744,-1.5268740420965154,0.09187649705227763,0.9896878309286739,9.48162773677281,9.230552609761556,9.260642261505128,8.76604305267334,1.2833108213665534,2018,6,June,Q2,Monday
2018-06-19,9.189591089781151,9.237443755470256,9.099628552896757,9.233614921569824,3560500,9.258498191833496,-0.024883270263671875,-0.26876140976751506,0.1378152025734991,1.4996880843452323,9.434595789228167,9.235656833648681,9.259378948211669,8.774507627487182,1.2832702737066837,2018,6,June,Q2,Tuesday
2018-06-20,9.375257747599315,9.55135489458903,9.335061838273898,9.486275672912598,6405000,9.233614921569824,0.25266075134277344,2.736314579813759,0.2162930563151324,2.307062505780363,9.408891950334821,9.249502086639405,9.258651599884033,8.78414988040924,1.3721593873669513,2018,6,June,Q2,Wednesday
2018-06-21,9.493933878873268,9.507332517363013,9.358032620436909,9.421197891235352,3806500,9.486275672912598,-0.0650777816772461,-0.6860203510959617,0.14929989692610413,1.572582017432619,9.391665049961635,9.261688582102458,9.25815393447876,8.793837785720825,1.3796412048460631,2018,6,June,Q2,Thursday
2018-06-22,9.551354874674496,9.700654748469312,9.53221435667482,9.641318321228027,5874000,9.421197891235352,0.22012042999267578,2.3364378132578745,0.16844039179449233,1.7635235419962623,9.406704357692174,9.283955923716228,9.262862586975098,8.804626293182373,1.4210770424358163,2018,6,June,Q2,Friday
2018-06-25,9.564754250582334,9.570496132064154,9.42119626097319,9.480533599853516,3232500,9.641318321228027,-0.16078472137451172,-1.6676632387554235,0.14929987109096388,1.5609378681305273,9.417642048427037,9.293207422892253,9.265312671661377,8.814515743255615,1.3934066196975732,2018,6,June,Q2,Monday
2018-06-26,9.562839804111992,9.631747861250645,9.51307317819419,9.570496559143066,3189500,9.480533599853516,0.08996295928955078,0.9489229518783615,0.11867468305645446,1.2409983382281977,9.441705022539411,9.30379877090454,9.267800979614258,8.824379315376282,1.399751447927559,2018,6,June,Q2,Tuesday
2018-06-27,9.677685713714512,9.848040055551657,9.626004219055176,9.626004219055176,6492000,9.570496559143066,0.055507659912109375,0.5799872511220938,0.22203583649648095,2.2943071625257256,9.49420588357108,9.321536095937093,9.26979164123535,8.83412083864212,1.3578821701909132,2018,6,June,Q2,Wednesday
2018-06-28,9.84421251299227,9.922690369131772,9.80018777099805,9.895893096923828,6422500,9.626004219055176,0.26988887786865234,2.8037477620713513,0.12250259813372111,1.2444123689126345,9.588817051478795,9.346291764577229,9.274538593292236,8.845373537540436,1.43716560245768,2018,6,June,Q2,Thursday
2018-06-29,9.832728556662875,9.87866634978827,9.800188487907905,9.811673164367676,5237500,9.895893096923828,-0.08421993255615234,-0.8510594418439377,0.07847786188036565,0.7981290384263411,9.635302407400948,9.361987336476643,9.280395736694336,8.856623752117157,1.410673645366073,2018,6,June,Q2,Friday
2018-07-02,9.647058465064182,9.75424844978038,9.624089117431176,9.75041961669922,2400000,9.811673164367676,-0.061253547668455255,-0.6242925813194189,0.13015933234920496,1.3492126415587034,9.682334082467216,9.376917203267416,9.2849129486084,8.86888061285019,1.4142710984613587,2018,7,July,Q3,Monday
2018-07-03,9.761906432592712,9.830814490612378,9.74659383504846,9.75616455078125,2905500,9.75041961669922,0.005744934082029474,0.058919865071138666,0.084220655563918,0.8627480312936111,9.698740686689105,9.393378448486327,9.29088493347168,8.880880782604217,1.4099393023445421,2018,7,July,Q3,Tuesday
2018-07-05,9.323576550041103,9.446079143218272,9.28529460376244,9.390570640563965,8549000,9.75616455078125,-0.36559391021728516,-3.747311848978696,0.1607845394558325,1.7244942280773536,9.685888835362025,9.406139087677001,9.289621620178222,8.891309864521027,1.491007814124239,2018,7,July,Q3,Thursday
2018-07-06,9.426938465700184,9.492017681992913,9.413539830366783,9.490103721618652,2238000,9.390570640563965,0.0995330810546875,1.0599258007254697,0.07847785162612908,0.8324850311866352,9.67440414428711,9.425981903076172,9.289621620178222,8.902931118011475,1.4756776910438738,2018,7,July,Q3,Friday
2018-07-09,9.842299798513002,9.884409672640237,9.777219657524892,9.878666877746582,4261500,9.490103721618652,0.3885631561279297,4.094403681202929,0.10719001511534465,1.0890748840178508,9.710498809814453,9.458840592702229,9.295095958709716,8.916400043964385,1.634583417808972,2018,7,July,Q3,Monday
2018-07-10,9.815501187130518,9.909292560403062,9.813587226486378,9.89206600189209,2448000,9.878666877746582,0.013399124145507812,0.13563696712652895,0.09570533391668334,0.9750427623824883,9.709952081952776,9.49252872467041,9.318754253387452,8.93022138595581,1.6325431024451558,2018,7,July,Q3,Tuesday
2018-07-11,9.890150220300113,10.00116814188861,9.882494378426603,9.945659637451172,5180500,9.89206600189209,0.05359363555908203,0.5417840474257973,0.11867376346200587,1.199918715273111,9.72909300667899,9.526727294921875,9.342221069335938,8.944272644519806,1.6328047475422724,2018,7,July,Q3,Wednesday
2018-07-12,9.959060028331308,10.029881141708788,9.951403272394977,9.99351406097412,5057000,9.945659637451172,0.04785442352294744,0.48115886997326385,0.07847786931381151,0.7880047824850885,9.763820784432548,9.558629004160563,9.364654331207275,8.959067406654357,1.6234685846025845,2018,7,July,Q3,Thursday
2018-07-13,10.154295839274791,10.238516488110331,10.137069282502948,10.204062461853027,4339000,9.99351406097412,0.21054840087890803,2.106850499176516,0.10144720560738385,0.9990570219060024,9.827806200299944,9.598314698537191,9.390111808776856,8.975400125980377,1.6502362859562585,2018,7,July,Q3,Friday
2018-07-16,10.211718960377985,10.23851623144625,10.183007728906786,10.196406364440918,2234500,10.204062461853027,-0.007656097412109375,-0.07502989560022044,0.05550850253946393,0.543576480657565,9.942925589425224,9.634044551849366,9.413731803894043,8.99166601896286,1.6455166670972428,2018,7,July,Q3,Monday
2018-07-17,10.198320920588715,10.341877999044334,10.194492999559236,10.265314102172852,4020500,10.196406364440918,0.0689077377319336,0.675804153630466,0.14738499948509798,1.445188876019308,10.053669929504395,9.663075002034505,9.436930675506591,9.007951037883759,1.5736038994405812,2018,7,July,Q3,Tuesday
2018-07-18,10.179179401899589,10.179179401899589,10.098787584694524,10.158124923706056,3151500,10.265314102172852,-0.1071891784667951,-1.0441880043797869,0.08039181720506505,0.7897671711146257,10.093592507498604,9.687065060933431,9.458483409881591,9.023108448982239,1.5924026303537977,2018,7,July,Q3,Wednesday
2018-07-19,10.093045510210152,10.12175765787108,10.049021677471986,10.073904991149902,2952000,10.158124923706056,-0.08421993255615412,-0.8290893564383062,0.07273598039909501,0.7206544380040207,10.119569505964007,9.702696895599365,9.478543148040771,9.037863848209382,1.5781079146729378,2018,7,July,Q3,Thursday
2018-07-20,10.104530522157493,10.217462417774282,10.077733246955368,10.135156631469728,4721000,10.073904991149902,0.061251640319825995,0.6080228111505548,0.13972917081891367,1.382836842468947,10.146640505109515,9.722284539540608,9.500134220123291,9.052706010341645,1.5731988185955934,2018,7,July,Q3,Friday
2018-07-23,10.154294736997436,10.221288821788736,10.148552856267992,10.173436164855955,2292500,10.135156631469728,0.038279533386226916,0.3776905950063858,0.07273596552074402,0.7163074088811766,10.17234366280692,9.742637793223063,9.524136981964112,9.06775865793228,1.573456976706896,2018,7,July,Q3,Monday
2018-07-24,10.104529527392838,10.161952906254012,10.039450306492602,10.081561088562012,4594000,10.173436164855955,-0.09187507629394354,-0.9030879518497903,0.12250259976140931,1.2123533255983006,10.15484346662249,9.75648307800293,9.541708431243897,9.082895884513855,1.5776464356559772,2018,7,July,Q3,Tuesday
2018-07-25,10.200236059074449,10.286370681180504,10.165782027689271,10.271058082580566,3410500,10.081561088562012,0.1894969940185547,1.8796393966560077,0.12058865349123238,1.1822143408529546,10.165507997785296,9.780792140960694,9.56207447052002,9.098866076469422,1.5839434567550796,2018,7,July,Q3,Wednesday
2018-07-26,10.255744571266876,10.301683279780445,10.238518011931166,10.271058082580566,2532500,10.271058082580566,0.0,0.0,0.06316526784927845,0.6159013361764698,10.16632856641497,9.805292638142904,9.585617942810059,9.114874441623687,1.5835647650463782,2018,7,July,Q3,Thursday
2018-07-27,10.28254093092434,10.305509368382358,10.200234244928351,10.22128963470459,3266000,10.271058082580566,-0.04976844787597656,-0.48455034988442724,0.1052751234540068,1.0238240154959752,10.175352096557617,9.832536633809408,9.606979274749756,9.130948877334594,1.5596660057852718,2018,7,July,Q3,Friday
2018-07-30,10.188749767661152,10.188749767661152,9.987769318827873,10.01839542388916,5342000,10.22128963470459,-0.2028942108154297,-1.9850157667633095,0.20098044883327937,1.9725722332605173,10.16742215837751,9.853081289927164,9.620531063079834,9.146094732284546,1.6134616907504955,2018,7,July,Q3,Monday
2018-07-31,10.454810721143197,10.623252037921526,10.24234557085912,10.339964866638184,8415500,10.01839542388916,0.32156944274902344,3.20978988294105,0.38090646706240605,3.6433607190236654,10.196680477687291,9.88913017908732,9.641279888153075,9.16313472032547,1.6670449840847832,2018,7,July,Q3,Tuesday
2018-08-01,10.495007763302551,10.550517192220552,10.460554642141108,10.527547836303713,6262000,10.339964866638184,0.18758296966552912,1.8141548069545488,0.0899625500794432,0.8571937449537812,10.247267859322685,9.932261276245118,9.666584300994874,9.180635480880737,1.6822997830314779,2018,8,August,Q3,Wednesday
2018-08-02,10.439497398731694,10.623251300818024,10.433755517126023,10.581140518188477,5261500,10.527547836303713,0.05359268188476385,0.5090708939830435,0.18949578369200104,1.8151810997627442,10.318636349269322,9.968756771087646,9.698052082061768,9.198184714317321,1.6262125361479678,2018,8,August,Q3,Thursday
2018-08-03,10.512233035974916,10.567741540558997,10.477779009312234,10.519888877868652,4615000,10.581140518188477,-0.06125164031982422,-0.5788755967708337,0.08996253124676201,0.8557889740352278,10.354183605739049,10.005379803975423,9.73055347442627,9.215523116588592,1.6239123450105544,2018,8,August,Q3,Friday
2018-08-06,10.483521180237192,10.48926306131616,10.382073066753318,10.42418384552002,3057500,10.519888877868652,-0.09570503234863281,-0.9097532631734628,0.10718999456284273,1.022461754213936,10.3760587147304,10.031475321451824,9.761179027557374,9.231896305084229,1.5970563687364123,2018,8,August,Q3,Monday
2018-08-07,10.584968382256786,10.68450070996561,10.560085072151187,10.632820129394531,4430500,10.42418384552002,0.20863628387451172,2.0014639703824555,0.12441563781442255,1.175399239009312,10.43484878540039,10.069884872436523,9.79620698928833,9.24933176279068,1.5837626997193945,2018,8,August,Q3,Tuesday
2018-08-08,10.516060742135211,10.52945937788921,10.462466199119214,10.487349510192873,3878500,10.632820129394531,-0.14547061920165838,-1.3681282804691053,0.06699317876999622,0.6370558369026093,10.501842226300921,10.100446637471517,9.827559928894043,9.26593488931656,1.6120707036474204,2018,8,August,Q3,Wednesday
2018-08-09,10.609853448841095,10.638564684419649,10.556257986323743,10.60219669342041,3074500,10.487349510192873,0.11484718322753729,1.09510208576451,0.08230669809590552,0.7757571628371154,10.53930391584124,10.132986386617025,9.858874607086182,9.283150432109833,1.6176917597827536,2018,8,August,Q3,Thursday
2018-08-10,10.422272169201491,10.491179320817944,10.42035729570862,10.460554122924805,6102000,10.60219669342041,-0.14164257049560547,-1.335973804216506,0.07082202510932412,0.6795257690411111,10.529733385358538,10.151808420817057,9.887815856933594,9.299476444721222,1.575872339821099,2018,8,August,Q3,Friday
2018-08-13,10.343792871295696,10.44715496262516,10.33039423379787,10.36867618560791,5047000,10.460554122924805,-0.09187793731689453,-0.8783276319515365,0.11676072882728938,1.1287999506573991,10.499381337847028,10.170375188191732,9.912699165344238,9.31585838317871,1.576505487538464,2018,8,August,Q3,Monday
2018-08-14,10.405044005094204,10.405044005094204,10.345707574031367,10.389731407165527,3685500,10.36867618560791,0.021055221557617188,0.20306566798606873,0.059336431062837036,0.5702660270709717,10.480787413460869,10.191685581207276,9.932605781555175,9.33167759180069,1.5688756137358528,2018,8,August,Q3,Tuesday
2018-08-15,10.282542124002529,10.3074254374567,10.160039517349109,10.280627250671388,5809500,10.389731407165527,-0.10910415649413885,-1.0501152745767128,0.14738592010759177,1.433360722768633,10.46027932848249,10.209167671203613,9.949449863433838,9.346979908943176,1.5858682317642578,2018,8,August,Q3,Wednesday
2018-08-16,10.309340308896234,10.372505578420991,10.286370954030184,10.305511474609377,7402000,10.280627250671388,0.02488422393798828,0.2420496661462268,0.08613462439080699,0.835500835261776,10.41352094922747,10.239665699005126,9.963461093902588,9.361433277130127,1.4011036114536128,2018,8,August,Q3,Thursday
2018-08-17,10.361017657626402,10.52371613883121,10.33804830995056,10.502660751342772,6365500,10.305511474609377,0.19714927673339488,1.913046986742284,0.18566782888064992,1.7919844846899378,10.415708269391741,10.27341759999593,9.982563762664794,9.37252082824707,1.4250960942646742,2018,8,August,Q3,Friday
2018-08-20,10.443326228313406,10.491178896711542,10.389731677810088,10.449069023132324,2852000,10.502660751342772,-0.05359172821044744,-0.5102681070946358,0.1014472189014537,0.9714071616992606,10.393832887922015,10.292431004842122,10.000288372039796,9.38321635723114,1.2441921671257907,2018,8,August,Q3,Monday
2018-08-21,10.431841299740396,10.483522801009002,10.403130064479614,10.416528701782228,2318000,10.449069023132324,-0.03254032135009588,-0.31141837878625456,0.08039273652938839,0.7706476183776781,10.387543542044503,10.30991309483846,10.015294895172119,9.392460899353027,1.24759690928708,2018,8,August,Q3,Tuesday
2018-08-22,10.399301635361612,10.472037613003298,10.391644880399555,10.45481014251709,3187500,10.416528701782228,0.038281440734861505,0.36750669854450635,0.0803927326037428,0.7730589555204043,10.39984839303153,10.326884778340657,10.033555374145507,9.401973190307617,1.2462584343051446,2018,8,August,Q3,Wednesday
2018-08-23,10.380159697179424,10.454809631736104,10.36101917977992,10.414613723754885,8760500,10.45481014251709,-0.040196418762205255,-0.3844777496124663,0.09379045195618474,0.9035550000417641,10.403403009687151,10.340921433766683,10.05112678527832,9.410272946357727,1.2489202245253541,2018,8,August,Q3,Thursday
2018-08-24,10.458640334901908,10.485437611679489,10.416529546211038,10.439498901367188,3497500,10.414613723754885,0.02488517761230291,0.2389447969207037,0.06890806546845063,0.6588625601598997,10.426098959786552,10.348769315083821,10.071837368011474,9.418563528060913,1.1930623222103396,2018,8,August,Q3,Friday
2018-08-27,10.61942385289305,10.76106790354836,10.607939175469276,10.722785949707031,4526000,10.439498901367188,0.28328704833984375,2.713607722136402,0.15312872807908384,1.4419683233320326,10.485709599086217,10.366315301259359,10.098251972198486,9.426877274513245,1.2853952590929207,2018,8,August,Q3,Monday
2018-08-28,10.69407299898888,10.732354949963549,10.54860195037062,10.674932479858398,7806500,10.722785949707031,-0.04785346984863281,-0.44627832797445866,0.18375299959292946,1.7182695462271789,10.51031984601702,10.37996924718221,10.126580657958984,9.436459531784058,1.2866706968399435,2018,8,August,Q3,Tuesday
2018-08-29,10.805089516471016,10.948646585659004,10.766807570506646,10.923763275146484,5466000,10.674932479858398,0.24883079528808594,2.3309823809900765,0.18183901515235767,1.6829015148386017,10.578133310590472,10.405490525563557,10.160383625030518,9.446971035003662,1.326636119373492,2018,8,August,Q3,Wednesday
2018-08-30,10.868256845654136,10.916109515414067,10.797434821392333,10.849116325378418,3563000,10.923763275146484,-0.0746469497680664,-0.6833446303061264,0.1186746940217347,1.0919386218700644,10.639931542532784,10.431330903371174,10.187640438079834,9.457242908477783,1.3228059139216022,2018,8,August,Q3,Thursday
2018-08-31,10.88165365786963,10.952475670248472,10.8395437901575,10.877825736999512,2465500,10.849116325378418,0.02870941162109375,0.26462442433154987,0.11293188009097221,1.0378191003101782,10.70036234174456,10.456086540222168,10.216772994995118,9.467686948776246,1.3211377970299756,2018,8,August,Q3,Friday
2018-09-04,10.795520211601376,10.801263006238464,10.659618966230603,10.753410339355469,2998000,10.877825736999512,-0.12441539764404297,-1.1437524432926005,0.14164404000786135,1.3120631264776288,10.748761858258929,10.475419012705485,10.239014835357667,9.478281893730163,1.3448330201583107,2018,9,September,Q3,Tuesday
2018-09-05,10.718955374001826,10.72086933447588,10.563913623039886,10.623250961303713,3716500,10.753410339355469,-0.13015937805175604,-1.2104009234670143,0.15695571143599452,1.4642817882858346,10.775012152535576,10.493475341796875,10.26186918258667,9.487405343055725,1.3546100120143028,2018,9,September,Q3,Wednesday
2018-09-06,10.828059640613146,10.833801522197133,10.711299833982531,10.787863731384276,5743000,10.623250961303713,0.16461277008056285,1.5495517396716174,0.1225016882146015,1.1313355511557264,10.784308978489467,10.510702196756998,10.286216526031494,9.49728506565094,1.341635632328418,2018,9,September,Q3,Thursday
2018-09-07,10.741925239583502,10.860599009081197,10.718955887367516,10.82040309906006,4365500,10.787863731384276,0.0325393676757848,0.3016293910083512,0.1416431217136811,1.3186008890820864,10.805090495518275,10.529013697306315,10.310104503631592,9.506564054489136,1.341429231014697,2018,9,September,Q3,Friday
2018-09-10,10.875913601392678,10.887398278643612,10.82614697087655,10.849116325378418,5358000,10.82040309906006,0.0287132263183576,0.2653618913777134,0.061251307767062,0.5631831036173244,10.79442664555141,10.549941253662109,10.329168968200683,9.515852999687194,1.3355453212537383,2018,9,September,Q3,Monday
2018-09-11,10.810832719962152,10.887397533969436,10.810832719962152,10.881654739379885,3307000,10.849116325378418,0.03253841400146662,0.29991764329553305,0.0765648140072841,0.7082230942849345,10.799074990408764,10.578716564178468,10.350568599700928,9.525199670791626,1.2697314691620099,2018,9,September,Q3,Tuesday
2018-09-12,10.90845255502965,11.007985814194631,10.885483200958694,11.000329971313477,3041000,10.881654739379885,0.11867523193359197,1.0905991301499052,0.12250261323593747,1.12300633493111,10.816575595310757,10.600728734334309,10.375566806793213,9.534500331878663,1.155099493160263,2018,9,September,Q3,Wednesday
2018-09-13,11.048179923206778,11.120915894981868,11.029039406415942,11.05583667755127,3127500,11.000329971313477,0.05550670623779297,0.5045912839209521,0.09187648856592645,0.8315984099149151,10.859779357910158,10.618338362375896,10.401560249328613,9.54395447254181,1.1166068665624367,2018,9,September,Q3,Thursday
2018-09-14,11.36592045114215,11.390803760489844,11.318067792748348,11.37740421295166,6271000,11.05583667755127,0.3215675354003906,2.9085771143248618,0.0727359677414956,0.6399478867915747,10.967515536717006,10.644880485534667,10.441296920776367,9.55474925518036,1.2226826004743472,2018,9,September,Q3,Friday
2018-09-17,11.425256781726034,11.465452685884657,11.339122179835536,11.348692893981934,3692000,11.37740421295166,-0.028711318969726562,-0.25235386237787427,0.12633050604912022,1.1057126195288474,11.047633988516674,10.672507286071777,10.478468704223634,9.566287970542907,1.2164936375888669,2018,9,September,Q3,Monday
2018-09-18,11.417602814850246,11.473111323127048,11.386976707097018,11.452055931091309,5719500,11.348692893981934,0.103363037109375,0.91079244169332,0.08613461603003003,0.7544019303071174,11.137870107378278,10.706769688924153,10.509936485290527,9.578887448310851,1.2014336700062407,2018,9,September,Q3,Tuesday
2018-09-19,11.411860922470243,11.43483027692253,11.275959669222363,11.293187141418455,5529500,11.452055931091309,-0.15886878967285334,-1.3872512553971927,0.15887060770016603,1.3921533812889866,11.201308795383998,10.728781922658284,10.537958908081055,9.591875891685486,1.197273525093272,2018,9,September,Q3,Wednesday
2018-09-20,11.283615197688698,11.32189714670754,11.25107513030154,11.312326431274414,3391500,11.293187141418455,0.019139289855958808,0.1694764251781944,0.07082201640599983,0.6276535947495516,11.262833322797503,10.756281153361003,10.56529224395752,9.604750089645385,1.1598033178802554,2018,9,September,Q3,Thursday
2018-09-21,10.986930920600576,11.109433539408723,10.841459859390458,10.910367012023926,18428000,11.312326431274414,-0.4019594192504883,-3.5532869537712286,0.26797368001826527,2.4390221614646967,11.249981471470424,10.766553497314453,10.583629302978515,9.61552861213684,1.340677599838335,2018,9,September,Q3,Friday
2018-09-24,10.898881297721143,10.933335327117367,10.84337278873309,10.881654739379885,6383500,10.910367012023926,-0.028712272644041192,-0.26316504854876355,0.08996253838427748,0.8254291053072377,11.22509833744594,10.780590184529622,10.597181148529053,9.627079687118531,1.314999566701419,2018,9,September,Q3,Monday
2018-09-25,11.235761426247898,11.254902855228265,11.16302545646422,11.203222274780272,5773500,10.881654739379885,0.3215675354003871,2.9551345186192846,0.09187739876404422,0.8177229408717164,11.200215203421456,10.808408387502034,10.61731746673584,9.639436993598938,1.3963704780299946,2018,9,September,Q3,Tuesday
2018-09-26,11.429085810133657,11.446312365720436,11.352521921082433,11.379319190979004,5344000,11.203222274780272,0.17609691619873225,1.5718416709016525,0.09379044463800312,0.8206294553746666,11.204590388706752,10.841394646962483,10.639597568511963,9.652636623382568,1.4164015477547953,2018,9,September,Q3,Wednesday
2018-09-27,11.39313458376095,11.47178709215522,11.3547674395629,11.419991493225098,3043000,11.379319190979004,0.04067230224609375,0.3574229843059218,0.11701965259231883,1.0271067346041116,11.200009754725865,10.879373455047608,10.664834899902344,9.66688892841339,1.392793283319246,2018,9,September,Q3,Thursday
2018-09-28,11.701986077694126,11.701986077694126,11.600313133540466,11.634843826293944,7923000,11.419991493225098,0.21485233306884588,1.8813703424937378,0.1016729441536608,0.8688520348478779,11.24881785256522,10.923684533437093,10.696053676605224,9.682473158836364,1.419887577829778,2018,9,September,Q3,Friday
2018-10-01,11.665538841496504,11.705825112868869,11.61182503265962,11.621417045593262,3161500,11.634843826293944,-0.013426780700681817,-0.11540146907978999,0.09400008020924844,0.8057928698061727,11.29297365461077,10.96097640991211,10.725778884887696,9.697971162796021,1.3941531987482305,2018,10,October,Q4,Monday
2018-10-02,11.52933498817813,11.542763439092663,11.454518941049477,11.47562026977539,3636000,11.621417045593262,-0.1457967758178711,-1.2545524805269381,0.08824449804318668,0.7653910492987689,11.373724120003837,10.995194784800212,10.751822566986084,9.71293104171753,1.4163862491598427,2018,10,October,Q4,Tuesday
2018-10-03,11.251172985099146,11.25501033904164,11.176357847018377,11.187867164611816,4896500,11.47562026977539,-0.2877531051635742,-2.5075167912401386,0.07865249202326297,0.6990603746598594,11.417468752179825,11.020906066894531,10.77394868850708,9.72607997894287,1.5043031837471545,2018,10,October,Q4,Wednesday
2018-10-04,11.155254730962447,11.15909116986072,10.877092786456274,10.948071479797363,9180000,11.187867164611816,-0.23979568481445312,-2.1433547725070223,0.2819983834044457,2.5279421241877422,11.38101863861084,11.037348111470541,10.787488956451416,9.737180624008179,1.5660821214960903,2018,10,October,Q4,Thursday
2018-10-05,11.07852213941271,11.109215484728418,10.894359323284208,10.978767395019531,3877000,10.948071479797363,0.03069591522216797,0.28037737311827904,0.21485616144421016,1.939393709201,11.323796953473773,11.056153233846029,10.801643142700195,9.748806924819947,1.5627294853673726,2018,10,October,Q4,Friday
2018-10-08,10.915459919672829,10.997948844453346,10.829133641249427,10.948071479797363,4688500,10.978767395019531,-0.03069591522216797,-0.2795934563300184,0.16881520320391807,1.5465697684406687,11.256379808698382,11.073105653127035,10.816178779602051,9.76057557106018,1.5650103337727415,2018,10,October,Q4,Monday
2018-10-09,11.090032286636054,11.170603003523867,11.084276712718502,11.120725631713867,5348500,10.948071479797363,0.1726541519165039,1.5770279928762454,0.08632629080536525,0.7784133406842465,11.182934352329799,11.08637030919393,10.838225383758544,9.772844858169556,1.5142583547298971,2018,10,October,Q4,Tuesday
2018-10-10,11.099622894433743,11.105378468096786,10.750482221947426,10.761992454528809,8057000,11.120725631713867,-0.3587331771850586,-3.225807281514348,0.35489624614936055,3.1973721046625334,11.060159410749163,11.08927230834961,10.846665935516357,9.783062815666199,1.6314034160658444,2018,10,October,Q4,Wednesday
2018-10-11,10.74089095826447,10.861747951427352,10.58934061923994,10.650728225708008,6484000,10.761992454528809,-0.11126422882080078,-1.0338627284019242,0.272407332187413,2.5361707259285775,10.942317690168109,11.080171140034993,10.849129543304443,9.793172974586486,1.5834259901889771,2018,10,October,Q4,Thursday
2018-10-12,10.69293027200295,10.775420113640545,10.529869722970655,10.648808479309082,7059000,10.650728225708008,-0.0019197463989257812,-0.018024555300288903,0.24555039066988904,2.2963807340332885,10.865309306553431,11.073494211832683,10.850482902526856,9.80322582244873,1.5792245083720395,2018,10,October,Q4,Friday
2018-10-15,10.658401365991772,10.863665505060151,10.631543546578744,10.790767669677734,7016500,10.648808479309082,0.14195919036865234,1.3330992912914397,0.23212195848140738,2.177830900814536,10.8428373336792,11.07059227625529,10.855900478363036,9.813959836959839,1.5984957784770568,2018,10,October,Q4,Monday
2018-10-16,10.915460989883048,11.036317059729496,10.894358744384352,11.030562400817873,6697500,10.790767669677734,0.2397947311401385,2.222221240236366,0.14195831534514447,1.3005251493887247,10.85023662022182,11.079830678304036,10.868028049468995,9.826217279434204,1.6342218631641199,2018,10,October,Q4,Tuesday
2018-10-17,11.10537681696167,11.14949860634308,11.013295884745787,11.107295036315918,5801500,11.030562400817873,0.0767326354980451,0.6956366566799543,0.13620272159729296,1.226457452477122,10.872982842581612,11.095965480804443,10.877517547607422,9.838056788444518,1.6185840775164568,2018,10,October,Q4,Wednesday
2018-10-18,10.97301198361882,10.97301198361882,10.66799308670312,10.748564720153809,8777000,11.107295036315918,-0.3587303161621094,-3.2296820692096606,0.3050188969156995,2.779718981179008,10.819816998073033,11.094655513763428,10.88274185180664,9.84761595249176,1.709862164888585,2018,10,October,Q4,Thursday
2018-10-19,10.834888285623256,10.871337199343666,10.675665094614976,10.6795015335083,3846000,10.748564720153809,-0.06906318664550781,-0.6425340354141662,0.1956721047286898,1.8059448290604514,10.808032580784388,11.089958794911702,10.884287948608398,9.855923223495484,1.7128443643894586,2018,10,October,Q4,Friday
2018-10-22,10.742807056016936,10.769663957027044,10.641134110159562,10.700603485107422,2515000,10.6795015335083,0.021101951599121094,0.19759303870983125,0.12852984686748137,1.1964270250529458,10.815157617841448,11.085008366902668,10.889088935852051,9.862952280044556,1.7124868247218001,2018,10,October,Q4,Monday
2018-10-23,10.455054869976744,10.598932325739296,10.23444405178347,10.564401626586914,7309000,10.700603485107422,-0.1362018585205078,-1.2728427766720563,0.3644882739558266,3.486239704035502,10.803099496023995,11.074433263142904,10.893003444671631,9.869014043807983,1.7260056128997652,2018,10,October,Q4,Tuesday
2018-10-24,10.550971402976533,10.55288962237226,10.18072853200808,10.182646751403809,7949500,10.564401626586914,-0.38175487518310547,-3.6135967627580645,0.3721610903641803,3.5272684964266894,10.716225079127721,11.047177155812582,10.888861751556396,9.872642168998718,1.826371943790154,2018,10,October,Q4,Wednesday
2018-10-25,10.165381223350966,10.3341973411827,10.098238968954602,10.259381294250488,9093000,10.182646751403809,0.07673454284667969,0.7535815070487617,0.23595837222809735,2.3211955070221646,10.606056349618095,11.020628643035888,10.888436832427978,9.876434483528136,1.8304378648132529,2018,10,October,Q4,Thursday
2018-10-26,9.98122126860999,10.119343157593889,9.925588320206254,10.054119110107422,13636500,10.259381294250488,-0.2052621841430664,-2.0007267324989475,0.193754837387635,1.9411936893632031,10.455602645874023,10.976519139607747,10.88340898513794,9.878723340034485,1.7579402430006823,2018,10,October,Q4,Friday
2018-10-29,10.10207577218146,10.161545150931351,9.651262169626406,9.783628463745115,12843500,10.054119110107422,-0.27049064636230646,-2.6903465475198285,0.510282981304945,5.051268598777829,10.31775460924421,10.92435032526652,10.869028339385986,9.879898319244385,1.8067329187396846,2018,10,October,Q4,Monday
2018-10-30,10.359136942578472,10.529870380261244,10.167301259608347,10.24979019165039,13546000,9.783628463745115,0.4661617279052752,4.764712086448464,0.36256912065289626,3.499993509716553,10.25636727469308,10.88427480061849,10.865042762756348,9.884434738159179,2.031839852485038,2018,10,October,Q4,Tuesday
2018-10-31,10.412851243590204,10.451218381999738,10.30158626777914,10.384076118469238,8834500,10.24979019165039,0.13428592681884766,1.3101334203722503,0.14963211422059786,1.4369946397986457,10.211149079459053,10.853971099853515,10.864393711090088,9.88881236076355,2.0439601497087336,2018,10,October,Q4,Wednesday
2018-11-01,10.644972169230591,10.683339307191304,10.531788975034788,10.677584648132324,7691500,10.384076118469238,0.29350852966308594,2.8265252133605534,0.15155033215651592,1.423679928394494,10.22731808253697,10.832813040415447,10.868849201202393,9.895277814865112,2.1193508256079534,2018,11,November,Q4,Thursday
2018-11-02,10.495341555434305,10.533708695529649,10.221016000642974,10.29391384124756,7817000,10.677584648132324,-0.38367080688476385,-3.5932359192476504,0.3126926948866746,2.979347487026449,10.243213381086077,10.812264601389566,10.866435203552246,9.89913782119751,2.121560934531932,2018,11,November,Q4,Friday
2018-11-05,10.309258908346964,10.309258908346964,10.199912164474265,10.228687286376951,4794500,10.29391384124756,-0.06522655487060902,-0.6336419351913314,0.10934674387269894,1.0606654158638462,10.238828522818428,10.790499019622803,10.86221897125244,9.901803288459778,2.123187993276243,2018,11,November,Q4,Monday
2018-11-06,10.286240300947776,10.334199455935629,10.21142423870548,10.263219833374023,3555000,10.228687286376951,0.03453254699707209,0.33760487568199604,0.12277521723014928,1.1935869048172707,10.268700054713658,10.759165604909262,10.853027648925782,9.905004048347473,2.041956557900507,2018,11,November,Q4,Tuesday
2018-11-07,10.45313621622116,10.641135461918314,10.409014420312438,10.600850105285645,8080500,10.263219833374023,0.3376302719116211,3.2897110009639574,0.23212104160587543,2.2205875519508713,10.385446003505162,10.73321663538615,10.851546001434325,9.911104917526245,2.11809952743243,2018,11,November,Q4,Wednesday
2018-11-08,10.53946191643094,10.552890367894292,10.372564925532364,10.437788963317873,5383000,10.600850105285645,-0.16306114196777166,-1.5381892994267399,0.18032544236192827,1.7109549215297444,10.41230297088623,10.700476551055909,10.841826515197754,9.917106194496155,2.128705483382529,2018,11,November,Q4,Thursday
2018-11-09,10.393667514502903,10.424360857509832,10.313095888306526,10.372565269470217,4789000,10.437788963317873,-0.06522369384765625,-0.6248803657256885,0.11126496920330631,1.0705072973332241,10.41065856388637,10.658400599161784,10.83229549407959,9.921750717163086,2.0898859975222255,2018,11,November,Q4,Friday
2018-11-12,10.10783152325405,10.113586181906232,9.869954918815344,9.88530158996582,8250000,10.372565269470217,-0.4872636795043963,-4.697619796508478,0.24363126309088834,2.4103217641725716,10.297475269862584,10.600530083974203,10.812445011138916,9.92549533843994,2.233809760088421,2018,11,November,Q4,Monday
2018-11-13,9.871870655103328,9.960115135451554,9.800891975857764,9.829667091369627,4749000,9.88530158996582,-0.05563449859619318,-0.5628002149440259,0.15922315959378963,1.6128975465402615,10.231154305594307,10.545664978027343,10.793970146179198,9.9294580078125,2.2294649829363506,2018,11,November,Q4,Tuesday
2018-11-14,9.89681212548616,9.910240577497676,9.729915127774666,9.81048583984375,4359500,9.829667091369627,-0.01918125152587713,-0.19513632911045686,0.18032544972301068,1.8220559048366551,10.17141124180385,10.49975226720174,10.77771484375,9.932761740684509,2.1970696091452657,2018,11,November,Q4,Wednesday
2018-11-15,9.726077729257648,9.933260062568976,9.706893705564957,9.908321380615234,3564000,9.81048583984375,0.09783554077148438,0.9972547982704416,0.22636635700401975,2.327416696692361,10.12071146283831,10.465093930562338,10.760123996734619,9.93539996623993,2.186604492626818,2018,11,November,Q4,Thursday
2018-11-16,9.609059051609004,9.779793419394275,9.599467952656283,9.747180938720703,4174500,9.908321380615234,-0.16114044189453125,-1.6263142433973532,0.1803254667379921,1.876619404350494,9.998758724757604,10.42404104868571,10.738659553527832,9.93452229976654,2.196573206276472,2018,11,November,Q4,Friday
2018-11-19,9.952444974772732,9.988892976502491,9.768282172808943,9.781710624694824,7899000,9.747180938720703,0.034529685974121094,0.35425305215122105,0.2206108036935479,2.2166493183609455,9.905033247811454,10.385162353515625,10.71731143951416,9.936670608520508,2.2005420530664996,2018,11,November,Q4,Monday
2018-11-20,9.536160524070793,9.612894791272272,9.461344476337654,9.501629829406738,7064000,9.781710624694824,-0.28008079528808594,-2.8633109896033515,0.15155031493461735,1.5892173223393222,9.780613899230957,10.33119249343872,10.689710941314697,9.935729417800903,2.215645323736279,2018,11,November,Q4,Tuesday
2018-11-21,9.695385740885044,9.768283584367971,9.66085503901237,9.69154930114746,3915500,9.501629829406738,0.18991947174072088,1.9988094163901904,0.1074285453556012,1.1080378669471544,9.752935000828334,10.295511054992676,10.663535327911378,9.936358118057251,2.1992215735785066,2018,11,November,Q4,Wednesday
2018-11-23,9.564937271694658,9.649345345864129,9.526570131571225,9.53232479095459,1813000,9.69154930114746,-0.15922451019286932,-1.6429211186493986,0.12277521429290417,1.283596648942284,9.710457529340472,10.258230940500896,10.633065090179443,9.939206252098083,2.208779716321894,2018,11,November,Q4,Friday
2018-11-26,9.695384192242102,9.808567379125334,9.674282862311102,9.787466049194336,6402000,9.53232479095459,0.2551412582397461,2.6765900641767315,0.13428451681423148,1.3850355401251775,9.707168987819127,10.229519526163736,10.601266326904296,9.943244214057922,2.2763114763891386,2018,11,November,Q4,Monday
2018-11-27,9.808568555443223,9.902568643231051,9.760609401653088,9.854609489440918,4785000,9.787466049194336,0.06714344024658203,0.686014540526636,0.1419592415779629,1.4472982553522882,9.69949586050851,10.198314253489176,10.571384658813477,9.946453638076783,2.263768987387967,2018,11,November,Q4,Tuesday
2018-11-28,9.940934341514703,10.151953123994211,9.869954731020362,10.15003490447998,5210000,9.854609489440918,0.2954254150390625,2.997839897721022,0.28199839297384877,2.8367393173113,9.75704642704555,10.16896333694458,10.54534423828125,9.952142210006715,2.2974771520398907,2018,11,November,Q4,Wednesday
2018-11-29,9.996566825299018,10.023423729220385,9.900648527227276,9.952445030212402,5500000,10.15003490447998,-0.19758987426757812,-1.9466915742365254,0.1227752019931092,1.2281736734094881,9.781437056405204,10.13046833674113,10.51852939605713,9.955535449981689,2.310531558740802,2018,11,November,Q4,Thursday
2018-11-30,10.142363505719208,10.222934225536193,10.086730557969103,10.132771492004396,4047500,9.952445030212402,0.18032646179199396,1.8118810126012352,0.13620366756708968,1.3429184182787905,9.871600151062012,10.109941895802816,10.494938297271728,9.959620370864869,2.276156634856297,2018,11,November,Q4,Friday
2018-12-03,10.374483537166366,10.424360905842391,10.334198181253734,10.391748428344728,5413500,10.132771492004396,0.25897693634033203,2.555835158669928,0.09016272458865693,0.8690815717780156,9.971628597804479,10.100350125630696,10.484565925598144,9.964294004440308,2.327650149153751,2018,12,December,Q4,Monday
2018-12-04,10.18456559516765,10.207586058816831,9.868036506853002,9.881464958190918,5566000,10.391748428344728,-0.5102834701538104,-4.910467893564007,0.3395495519638292,3.333962050624309,10.021505764552526,10.073045508066814,10.464562129974365,9.966549820899964,2.4890285766194435,2018,12,December,Q4,Tuesday
2018-12-06,9.718404632441343,9.96011767685374,9.712649973768398,9.948607444763184,3917000,9.881464958190918,0.06714248657226562,0.6794790737643552,0.24746770308534138,2.546381967460594,10.044525963919503,10.052519035339355,10.439469833374023,9.969055471420289,2.486480645227701,2018,12,December,Q4,Thursday
2018-12-07,9.975465004980332,10.03685260859102,9.78554753509636,9.808568000793455,3175000,9.948607444763184,-0.14003944396972834,-1.4076286027693619,0.25130507349466136,2.51923166859084,10.037948608398438,10.040049743652343,10.408054809570313,9.970526919364929,2.4126541345891135,2018,12,December,Q4,Friday
2018-12-10,9.716484971892408,9.837341018802867,9.622484909550856,9.804729461669922,5120000,9.808568000793455,-0.00383853912353338,-0.03913455178393699,0.21485610925201115,2.211253450950022,9.988619259425572,10.024894682566325,10.37574956893921,9.971616554260255,2.407358505462258,2018,12,December,Q4,Monday
2018-12-11,9.904485534538528,9.937097096125404,9.764445446281302,9.812403678894045,9071500,9.804729461669922,0.00767421722412287,0.07827056579301495,0.1726516498441022,1.7431662577731901,9.968613352094378,10.01683750152588,10.339300765991212,9.972086086273194,2.381219286789477,2018,12,December,Q4,Tuesday
2018-12-12,10.082893987221958,10.22677053209352,10.057955300734708,10.094404220581056,4634000,9.812403678894045,0.2820005416870117,2.8739190815557203,0.1688152313588116,1.6742735922122258,9.963132313319615,10.02719669342041,10.308760509490966,9.974585914611817,2.385456172468793,2018,12,December,Q4,Wednesday
2018-12-13,10.088648148050252,10.128934420188932,9.98122052833302,10.013832092285156,3101000,10.094404220581056,-0.08057212829590021,-0.7981860695812526,0.14771389185591133,1.464159416486923,9.909144265311104,10.01933142344157,10.279524745941162,9.976501564979554,2.223636087308387,2018,12,December,Q4,Thursday
2018-12-14,9.900649655589326,9.958200823940327,9.812405140614317,9.839262962341309,3753000,10.013832092285156,-0.17456912994384766,-1.7432799784843467,0.14579568332601056,1.4725870361820435,9.903115408761161,10.001170984903972,10.252552661895752,9.979204831123353,2.22894003929251,2018,12,December,Q4,Friday
2018-12-17,9.82007995184806,9.837344846769335,9.641672683596958,9.687713623046877,3557500,9.839262962341309,-0.15154933929443182,-1.5402509301201794,0.195672163172377,1.992571996682706,9.865844862801689,9.96817528406779,10.227345504760743,9.980234241485595,2.1692847140248523,2018,12,December,Q4,Monday
2018-12-18,9.59562947230752,9.632078388284992,9.445997369266731,9.474773406982422,5819500,9.687713623046877,-0.2129402160644549,-2.198044082949302,0.18608101901826046,1.9392268069049607,9.818159920828682,9.940870602925619,10.197265625000002,9.979387803077698,2.110424141023759,2018,12,December,Q4,Tuesday
2018-12-19,9.474774110936368,9.587957306408931,9.273346405684256,9.353917121887209,7140500,9.474773406982422,-0.12085628509521307,-1.2755585796505486,0.31461090072467535,3.320510832670217,9.753758158002581,9.911711597442627,10.165382537841799,9.978290176391601,2.1176439253300856,2018,12,December,Q4,Wednesday
2018-12-20,9.32322499894817,9.438326429213596,9.154408836096326,9.25991916656494,6573000,9.353917121887209,-0.09399795532226918,-1.0049047270509148,0.2839175931172697,3.0452723510298294,9.674831799098424,9.878268241882324,10.128166408538819,9.976025915145874,2.11842005421164,2018,12,December,Q4,Thursday
2018-12-21,9.089184329072303,9.190857299791206,8.956818011049313,8.96449089050293,6203000,9.25991916656494,-0.29542827606200994,-3.1903980018391676,0.23403928874189361,2.5749206999059844,9.513415609087263,9.8237229347229,10.092216377258302,9.971912355422974,2.0673668642044443,2018,12,December,Q4,Friday
2018-12-24,8.837875794976155,8.933794068801749,8.755386884461263,8.801426887512207,4038000,8.96449089050293,-0.16306400299072266,-1.8189990372289189,0.17840718434048597,2.0186658930181007,9.34021486554827,9.769177532196045,10.055230350494385,9.966868958473206,2.07268732741081,2018,12,December,Q4,Monday
2018-12-26,8.974080124705386,9.144814446088116,8.79567292624583,9.13522243499756,5758500,8.801426887512207,0.33379554748535334,3.79251627891104,0.34914151984228603,3.890554964860514,9.239637647356306,9.727932771046957,10.024958629608156,9.964820995330811,2.2186508712963815,2018,12,December,Q4,Wednesday
2018-12-27,9.131386268515108,9.30979347229004,9.02779419219086,9.30979347229004,4030000,9.13522243499756,0.17457103729248047,1.910966465618702,0.2819992800991802,3.0882417171586503,9.185649054391044,9.70874916712443,9.995339145660402,9.963588628768921,2.1021099255576203,2018,12,December,Q4,Thursday
2018-12-28,9.325140436570177,9.344323545185,9.17934478622136,9.234977722167969,3039000,9.30979347229004,-0.07481575012207209,-0.8036241657213505,0.16497875896364,1.7691825671241026,9.151392527988978,9.688926188151042,9.959427452087402,9.961142416000365,2.1040875841278,2018,12,December,Q4,Friday
2018-12-31,9.3481633034502,9.363509977238794,9.192775601449334,9.261837005615234,4293500,9.234977722167969,0.026859283447265625,0.29084296958066247,0.1707343757894595,1.8263948783013368,9.138238225664411,9.670637893676759,9.922518291473388,9.958458313941955,2.1058877975866586,2018,12,December,Q4,Monday
2019-01-02,9.125633066760656,9.39612127168927,9.093020585505744,9.34624481201172,3899000,9.261837005615234,0.08440780639648615,0.9113505921699128,0.3031006861835248,3.321420924621036,9.150570460728236,9.651902008056641,9.894471893310547,9.956864261627198,2.1043034591518266,2019,1,January,Q1,Wednesday
2019-01-03,9.252244541403057,9.261836555083642,8.99518479502783,9.020123481750488,8092500,9.34624481201172,-0.32612133026123225,-3.4893300659330384,0.2666517600558116,2.882022398592755,9.158517973763603,9.627666759490968,9.86128433227539,9.955834465026856,2.1749735199933995,2019,1,January,Q1,Thursday
2019-01-04,9.231139417682884,9.505464886147882,9.211956311044252,9.440240859985352,5925000,9.020123481750488,0.4201173782348633,4.657556840378563,0.2935085751036297,3.179548718995553,9.249777112688337,9.61628443400065,9.836077079772949,9.95643765926361,2.35004468880358,2019,1,January,Q1,Friday
2019-01-07,9.488201893914333,9.651262449263342,9.482446320451958,9.538079261779783,3370000,9.440240859985352,0.09783840179443182,1.0363973043224117,0.1688161288113843,1.7792215079198703,9.30732808794294,9.617499415079752,9.815550632476807,9.957663650512695,2.2987433315244026,2019,1,January,Q1,Monday
2019-01-08,9.62056943669714,9.6416716842152,9.478611107767383,9.57069206237793,5165000,9.538079261779783,0.03261280059814631,0.34192209671426443,0.16306057644781724,1.694916060018563,9.344599315098353,9.613470840454102,9.803311538696288,9.959587101936341,2.269736956203273,2019,1,January,Q1,Tuesday
2019-01-09,9.55534390848157,9.616731506958285,9.461344748615277,9.578364372253418,3294500,9.57069206237793,0.007672309875488281,0.08016462995030782,0.15538675834300797,1.6261765126536438,9.393654550824847,9.615005493164062,9.789691200256348,9.961777935028076,2.2488778674157404,2019,1,January,Q1,Wednesday
2019-01-10,9.338570102525336,9.42297816975296,9.304039404830666,9.419140815734863,5335000,9.578364372253418,-0.1592235565185547,-1.6623251145027718,0.11893876492229438,1.2736292988808957,9.416126523699079,9.60272798538208,9.776991634368896,9.962428307533264,2.212731306710467,2019,1,January,Q1,Thursday
2019-01-11,9.376936960869452,9.415304096697486,9.355834716003397,9.396120071411133,2955000,9.419140815734863,-0.02302074432373047,-0.24440386627699873,0.05946938069408958,0.6342090273429271,9.423251560756139,9.587445004781086,9.769241466522217,9.963727021217347,2.207789577257372,2019,1,January,Q1,Friday
2019-01-14,9.342408200054296,9.350081994707873,9.26567391249801,9.288694381713867,3679500,9.396120071411133,-0.10742568969726562,-1.1432983921110362,0.08440808220986362,0.9034938358759903,9.461618832179479,9.558733654022216,9.750019550323488,9.964155550003051,2.133354750530653,2019,1,January,Q1,Monday
2019-01-15,9.52273096959994,9.616730115868972,9.515057177871144,9.561098098754885,4929000,9.288694381713867,0.2724037170410174,2.932637309903141,0.10167293799782762,1.0676867625726805,9.478884152003697,9.545688756306966,9.7335599899292,9.965697259902955,2.1866988861748418,2019,1,January,Q1,Tuesday
2019-01-16,9.511222651285676,9.576446692485696,9.492038625479651,9.516977310180664,4404000,9.561098098754885,-0.044120788574220526,-0.46146151957133785,0.08440806700604497,0.8874575866924442,9.475869587489537,9.525162283579508,9.710347843170167,9.96735333442688,2.156970243652145,2019,1,January,Q1,Wednesday
2019-01-17,9.405713235920684,9.545753344580191,9.373101669582663,9.497795104980469,3543500,9.516977310180664,-0.019182205200195312,-0.2015577485897313,0.1726516749975282,1.8356042829178183,9.465455736432757,9.495363839467366,9.694425468444825,9.968099999427796,2.093919810456298,2019,1,January,Q1,Thursday
2019-01-18,9.61289429594576,9.66085252441706,9.551506702398788,9.626322746276855,4447000,9.497795104980469,0.12852764129638672,1.3532366183493405,0.10934582201827148,1.1374911514879353,9.47230693272182,9.486859099070232,9.682378177642823,9.969364891052246,1.9212669261341315,2019,1,January,Q1,Friday
2019-01-22,9.407629400468071,9.428731643308236,9.242650640771604,9.298283576965332,4509000,9.626322746276855,-0.32803916931152344,-3.4077308434147247,0.18608100253663196,1.977979729169323,9.4550416128976,9.465181636810303,9.66307945251465,9.968817329406738,2.009230551461004,2019,1,January,Q1,Tuesday
2019-01-23,9.403794311112309,9.422978337309818,9.225387075301178,9.296366691589355,4016000,9.298283576965332,-0.0019168853759765625,-0.020615475534913053,0.19759126200863975,2.101186558016793,9.440791130065918,9.448108259836832,9.636989784240724,9.96893967628479,1.9965370924492327,2019,1,January,Q1,Wednesday
2019-01-24,9.234978623648532,9.286774211132585,9.204284366226156,9.27910041809082,4434500,9.296366691589355,-0.017266273498535156,-0.1857314160612522,0.08248984490642819,0.8932326567079621,9.439420563834053,9.43058729171753,9.613816013336182,9.968851275444031,1.996411874192109,2019,1,January,Q1,Thursday
2019-01-25,9.386529601156822,9.40187627356528,9.33473401006282,9.353917121887209,3911000,9.27910041809082,0.0748167037963885,0.8062926407232718,0.06714226350245944,0.7153044453637545,9.409823281424385,9.415304406483967,9.593443050384522,9.968007645606995,2.0038732991929207,2019,1,January,Q1,Friday
2019-01-28,9.307876390896624,9.386528881360222,9.246488791225508,9.367344856262209,3719000,9.353917121887209,0.013427734375,0.14355199217641612,0.14004009013471475,1.504533195903612,9.388447216578893,9.391069094340006,9.58308391571045,9.96761396408081,1.922620240895329,2019,1,January,Q1,Monday
2019-01-29,9.407630167315974,9.421058618923972,9.328977677219893,9.357752799987791,3371000,9.367344856262209,-0.009592056274417615,-0.10239888059641045,0.09208094170407932,0.9787899828799318,9.36844117300851,9.369199784596761,9.573645629882812,9.967373299598695,1.9197377249374485,2019,1,January,Q1,Tuesday
2019-01-30,9.3577532995894,9.449835160954304,9.267590572623522,9.438324928283691,4610500,9.357752799987791,0.08057212829590021,0.8610200549004077,0.18224458833078216,1.9475250361513454,9.34158434186663,9.355835183461506,9.566202411651611,9.967774777412414,1.9067522791959501,2019,1,January,Q1,Wednesday
2019-01-31,9.599467132867932,9.69538451741728,9.532323957464223,9.614813804626465,7918000,9.438324928283691,0.17648887634277344,1.8699173601651742,0.16306055995305613,1.6986417860085972,9.38680294581822,9.35340518951416,9.560332260131837,9.968618440628052,1.9208273671168317,2019,1,January,Q1,Thursday
2019-02-01,9.59179327563483,9.599467068835256,8.655634412927935,8.853224754333496,34814000,9.614813804626465,-0.7615890502929688,-7.92099634759964,0.9438326559073218,9.840002059936541,9.32349695478167,9.33268690109253,9.542453136444092,9.965252208709718,2.3761175109109414,2019,2,February,Q1,Friday
2019-02-04,8.803347861232334,8.905020813659295,8.788000275596659,8.880082130432129,9886000,8.853224754333496,0.026857376098632812,0.30336263727503976,0.11702053806263635,1.329273134576046,9.266494342258998,9.31689240137736,9.524420566558838,9.96135989189148,2.3689059952094893,2019,2,February,Q1,Monday
2019-02-05,8.862818120995135,8.86665547555387,8.778410956620206,8.79759407043457,8047500,8.880082130432129,-0.0824880599975586,-0.9289110031411862,0.08824451893366358,0.9956711029037264,9.187019620622907,9.301481564839682,9.510339851379394,9.95775378227234,2.3679958199186513,2019,2,February,Q1,Tuesday
2019-02-06,8.53477630990801,8.56930700266193,8.43693980447752,8.482980728149414,14112500,8.79759407043457,-0.31461334228515625,-3.576129334524014,0.13236719818440967,1.5509158456882437,9.060681888035365,9.285431226094564,9.486168479919435,9.952545890808105,2.38609118774062,2019,2,February,Q1,Wednesday
2019-02-07,8.23551453847739,8.277718116306666,8.139596235076166,8.260453224182129,15245500,8.482980728149414,-0.22252750396728516,-2.623223028538346,0.13812188123050007,1.6771493825331347,8.903924805777413,9.267398770650228,9.460731048583986,9.94656033039093,2.4098203852846427,2019,2,February,Q1,Thursday
2019-02-08,8.517511659262983,8.536694768166726,8.377471579710663,8.49640941619873,10392500,8.260453224182129,0.23595619201660156,2.8564557611179264,0.1592231884560622,1.8693627296993889,8.769365446908134,9.246105003356934,9.434909915924074,9.94177369594574,2.3621642108123386,2019,2,February,Q1,Friday
2019-02-11,8.538615081653669,8.576982219504895,8.479145697823615,8.553961753845215,10224500,8.49640941619873,0.057552337646484375,0.677372462027992,0.09783652168128043,1.1458125321926618,8.617815153939384,9.220910612742106,9.40889696121216,9.937092986106872,2.334475013854681,2019,2,February,Q1,Monday
2019-02-12,8.446533378914634,8.534777889117468,8.446533378914634,8.494492530822754,5770500,8.553961753845215,-0.05946922302246094,-0.6952243268533165,0.08824451020283419,1.0447423368162132,8.566567693437849,9.196227773030598,9.375786113739014,9.931540699005128,2.333680302922132,2019,2,February,Q1,Tuesday
2019-02-13,8.542452017785624,8.697838797907611,8.532860004078831,8.644124984741211,7351000,8.494492530822754,0.14963245391845703,1.761523167811463,0.1649787938287801,1.931281480835826,8.532859529767718,9.175637372334798,9.349619712829591,9.931215567588806,2.3607531787705875,2019,2,February,Q1,Wednesday
2019-02-14,8.632614413966932,8.711266910851185,8.62110418091744,8.655634880065918,3650500,8.644124984741211,0.011509895324707031,0.13315281008805524,0.09016272993374486,1.04444291856553,8.512579645429339,9.152617041269938,9.32007698059082,9.930632147789002,2.352354318530732,2019,2,February,Q1,Thursday
2019-02-15,8.7381244468653,8.834042757616936,8.732369787297708,8.784165382385254,7227000,8.655634880065918,0.12853050231933594,1.484934428268736,0.10167297031922828,1.1635559889021982,8.555606024605888,9.144751771291096,9.287925319671631,9.930193719863892,2.289025974992262,2019,2,February,Q1,Friday
2019-02-19,8.866652488708496,8.918448067727553,8.847468466611687,8.866652488708496,8314500,8.784165382385254,0.08248710632324219,0.939043184326338,0.07097960111586588,0.8005230971469444,8.642205919538226,9.125632158915202,9.267629070281982,9.929871039390564,2.1189857682778594,2019,2,February,Q1,Tuesday
2019-02-20,9.10261194576874,9.112203958948472,8.949143393871921,8.993266105651855,11134000,8.866652488708496,0.12661361694335938,1.4279754067795025,0.16306056507655065,1.791360172750721,8.713185446602958,9.107471720377605,9.248522243499757,9.929760336875916,2.1279649513663714,2019,2,February,Q1,Wednesday
2019-02-21,9.179347290145625,9.217714432585565,9.100694785355468,9.13906192779541,11075000,8.993266105651855,0.1457958221435547,1.6211665531828068,0.11701964723009617,1.2748144669907104,8.7967711857387,9.093084049224853,9.235132122039795,9.929928793907166,2.1513358016285755,2019,2,February,Q1,Thursday
2019-02-22,9.188938521565692,9.236897674215818,9.165918055114052,9.187020301818848,5948000,9.13906192779541,0.0479583740234375,0.5247625456785476,0.07097961910176664,0.7724463379005447,8.895703724452428,9.080039246877034,9.222777938842773,9.93046145439148,2.1543679778232625,2019,2,February,Q1,Friday
2019-02-25,9.31363158337134,9.350080501350831,9.282938239148988,9.296366691589355,4984000,9.187020301818848,0.10934638977050781,1.1902269308021296,0.06714226220184294,0.7209031364491535,8.98888111114502,9.075946776072184,9.21245719909668,9.931588697433472,2.146698800828535,2019,2,February,Q1,Monday
2019-02-26,9.240734292548762,9.277183212678477,9.204285372419047,9.2445707321167,6528500,9.296366691589355,-0.05179595947265625,-0.5571634724727215,0.07289784025942936,0.7888749741263561,9.07301480429513,9.070895131429037,9.195460529327393,9.932533535957337,2.1485806146319932,2019,2,February,Q1,Tuesday
2019-02-27,9.277181862137846,9.300202325683768,9.234978288800075,9.290610313415527,4332000,9.2445707321167,0.046039581298828125,0.4980175135540055,0.06522403688369316,0.7030587289647338,9.145364080156599,9.070958995819092,9.18099609375,9.934120097160339,2.1401681386820948,2019,2,February,Q1,Wednesday
2019-02-28,9.248407954316864,9.254162613586564,9.192775007652632,9.20620346069336,4004500,9.290610313415527,-0.08440685272216797,-0.9085178462418741,0.06138760593393222,0.6637640363310144,9.193871361868721,9.059129174550375,9.16833490371704,9.934136171340942,2.07399871331673,2019,2,February,Q1,Thursday
2019-03-01,9.173591848846185,9.219632781749464,9.148653162647696,9.187020301818848,4845000,9.20620346069336,-0.01918315887451172,-0.2083720934087041,0.07097961910176842,0.7737385777708863,9.22155053274972,9.04813060760498,9.158321037292481,9.933807492256165,2.0730115246973932,2019,3,March,Q1,Friday
2019-03-04,9.165915772793912,9.183181575705822,9.060406395031354,9.13522243499756,6154500,9.187020301818848,-0.051797866821287286,-0.5638157435118751,0.12277518067446813,1.3394753314108228,9.2210020337786,9.036044851938884,9.151530017852783,9.93401418209076,2.0747010695660104,2019,3,March,Q1,Monday
2019-03-05,9.160161502189103,9.188936621932584,9.117957017504462,9.142895698547363,3191500,9.13522243499756,0.007673263549802911,0.08399646099919167,0.07097960442812123,0.7748728492522591,9.21469851902553,9.019930617014568,9.147309589385987,9.933962545394898,2.056734318000046,2019,3,March,Q1,Tuesday
2019-03-06,9.1467350633378,9.171673749864658,9.11604080274987,9.117959022521973,3427000,9.142895698547363,-0.024936676025390625,-0.27274374385953815,0.05563294711478761,0.6082273809129681,9.18921170915876,9.013919798533122,9.144470386505127,9.93284831047058,1.963042436809681,2019,3,March,Q1,Wednesday
2019-03-07,9.016286459882322,9.016286459882322,8.85130766042116,8.901185035705566,6801000,9.117959022521973,-0.21677398681640625,-2.377439800737857,0.16497879946116178,1.8297865778248028,9.140156609671456,9.00074707667033,9.14320426940918,9.930841617584228,2.0086208817110243,2019,3,March,Q1,Thursday
2019-03-08,8.686328563065556,8.824450450289783,8.669063670191818,8.814858436584473,5370500,8.901185035705566,-0.08632659912109375,-0.9698326545826141,0.15538678009796492,1.7888660205494944,9.072192055838448,8.98527234395345,9.143472900390625,9.928604273796081,2.0145365719690593,2019,3,March,Q1,Friday
2019-03-11,8.690165105761011,8.858980323381699,8.663307286945622,8.843633651733398,7778000,8.814858436584473,0.02877521514892578,0.3264399009460961,0.1956730364360766,2.251660745851171,9.02039636884417,8.968262894948323,9.137641124725342,9.92778368473053,2.0085720678663033,2019,3,March,Q1,Monday
2019-03-12,8.866654823244096,8.949143761643452,8.855144589904342,8.883919715881348,6451000,8.843633651733398,0.04028606414794922,0.4555374604425566,0.09399917173911021,1.060142450709705,8.977096285138812,8.952148723602296,9.129123649597169,9.92772918701172,2.011040107660298,2019,3,March,Q1,Tuesday
2019-03-13,8.933797309390009,8.985592903325605,8.912695061955215,8.951062202453613,4603000,8.883919715881348,0.06714248657226562,0.7557754765865177,0.07289784137038957,0.8159782323891448,8.950787680489677,8.938592370351156,9.123445339202881,9.928019967079162,2.017925395088255,2019,3,March,Q1,Wednesday
2019-03-14,8.868571573250456,8.870489792698388,8.81485685498531,8.847469329833984,3890500,8.951062202453613,-0.1035928726196289,-1.1573249104584793,0.05563293771307798,0.6273043776393376,8.908583913530622,8.918897183736165,9.115157985687256,9.9278502035141,2.017469744418673,2019,3,March,Q1,Thursday
2019-03-15,8.86473507360672,8.926122675577455,8.834041729993702,8.872408866882324,4240000,8.847469329833984,0.024939537048339844,0.2818832834406315,0.0920809455837528,1.0387331919022436,8.873505319867816,8.894150352478027,9.105681266784668,9.927613735198975,1.9819427034662944,2019,3,March,Q1,Friday
2019-03-18,8.872408543084433,8.878163201772596,8.820612955912305,8.83979606628418,3164000,8.872408866882324,-0.03261280059814453,-0.3675754926024344,0.05755024586029123,0.6486428750527788,8.86473546709333,8.89370272954305,9.102074718475341,9.926630401611328,1.3538127078623252,2019,3,March,Q1,Monday
2019-03-19,8.862815193371608,8.887753873413754,8.726611562776473,8.734285354614258,11158000,8.83979606628418,-0.10551071166992188,-1.193587622143788,0.16114231063728113,1.8181842577265688,8.853225026811872,8.888842837015789,9.08795560836792,9.925234370231628,1.3698841579189693,2019,3,March,Q1,Tuesday
2019-03-20,8.44845092273897,8.461879374429573,8.250860586507352,8.302656173706055,18645000,8.734285354614258,-0.4316291809082031,-4.941780161558118,0.21101878792222095,2.497721651602008,8.775942529950823,8.872344907124837,9.063247146606445,9.92112509727478,1.6302403997414185,2019,3,March,Q1,Wednesday
2019-03-21,8.266205691163185,8.46379690469229,8.258531899618024,8.442694664001465,6962000,8.302656173706055,0.14003849029541016,1.6866709564452798,0.20526500507426526,2.4831828863598147,8.712910379682269,8.871002038319906,9.040687198638915,9.916366567611695,1.5323907194555297,2019,3,March,Q1,Thursday
2019-03-22,8.19714499148786,8.19714499148786,8.060942269532308,8.062860488891602,7895500,8.442694664001465,-0.3798341751098633,-4.498968519250446,0.13620272195555216,1.6615873221345823,8.586024420601982,8.864415613810221,9.010377120971679,9.909488754272461,1.6745981638627352,2019,3,March,Q1,Friday
2019-03-25,8.076290173882152,8.149188009147602,8.039841256249426,8.085882186889648,4774500,8.062860488891602,0.023021697998046875,0.28552767382945543,0.10934675289817619,1.353923033273269,8.477226257324219,8.850731372833252,8.983711948394776,9.901893415451049,1.5831210407187033,2019,3,March,Q1,Monday
2019-03-26,8.200981861598805,8.30073658035926,8.149186282972341,8.197144508361816,6589000,8.085882186889648,0.11126232147216797,1.376007204910401,0.15155029738691894,1.8479530859171267,8.380759920392718,8.838837464650473,8.95973243713379,9.895141501426696,1.6007910384738717,2019,3,March,Q1,Tuesday
2019-03-27,8.224003897434068,8.26045281432828,8.166452735299869,8.208656311035156,8481500,8.197144508361816,0.011511802673339844,0.14043674186292598,0.09400007902841168,1.1429965282207635,8.290597098214286,8.829309590657552,8.938131675720214,9.888370590209961,1.5978722461522628,2019,3,March,Q1,Wednesday
2019-03-28,8.224647447605587,8.230426823029664,8.12253779905837,8.16877555847168,4891500,8.208656311035156,-0.03988075256347656,-0.48583776750238394,0.1078890239712944,1.3117768835514494,8.209809984479632,8.813464609781901,8.910285224914551,9.88088345527649,1.5597449475043672,2019,3,March,Q1,Thursday
2019-03-29,8.149511522494327,8.161071194097541,8.087860246835097,8.137951850891113,4543500,8.16877555847168,-0.030823707580566406,-0.3773357140238742,0.07321094726244404,0.8983476747086837,8.186280795506068,8.796208508809407,8.88270471572876,9.873864283561707,1.5590360701978045,2019,3,March,Q1,Friday
2019-04-01,8.222721102070436,8.288225284477505,8.213087890891094,8.280518531799316,5003000,8.137951850891113,0.14256668090820312,1.7518742248713526,0.07513739358641125,0.9137777221641638,8.163112776620048,8.779420280456543,8.858359184265137,9.867586660385133,1.5696707189937074,2019,4,April,Q2,Monday
2019-04-02,8.151436290288332,8.193821131591497,8.103271155045826,8.12446403503418,6629000,8.280518531799316,-0.15605449676513672,-1.884598122277581,0.09054997654567032,1.1108468903026585,8.171913283211845,8.754680665334066,8.828322010040283,9.861189131736756,1.5845628876361428,2019,4,April,Q2,Tuesday
2019-04-03,8.199601686588808,8.216940731611789,8.159143302419468,8.166849136352539,5052500,8.12446403503418,0.042385101318359375,0.5216971991701458,0.05779742919232156,0.7048809369222714,8.183479990277972,8.727133433024088,8.805693321228027,9.855013098716736,1.5593434605849614,2019,4,April,Q2,Wednesday
2019-04-04,8.101344556273052,8.215013869259758,8.097491639495935,8.19189453125,11892000,8.166849136352539,0.025045394897460938,0.30667145283702624,0.1175222297638232,1.4506509252568835,8.182729993547712,8.695561186472576,8.78360387802124,9.849680080413819,1.5212446117791045,2019,4,April,Q2,Thursday
2019-04-05,8.332537285172116,8.340244038496946,8.288225979906908,8.297859191894531,6061000,8.19189453125,0.10596466064453125,1.2935305775764405,0.05201805859003805,0.6242763375641298,8.195473262241908,8.665922482808432,8.763979053497314,9.845001301765443,1.5428558466249025,2019,4,April,Q2,Friday
2019-04-08,8.284373430957997,9.039599462100812,8.276666677290475,8.977948188781738,41655500,8.297859191894531,0.680088996887207,8.195957308501068,0.7629327848103369,9.209299787951641,8.311069352286202,8.655308532714844,8.756459674835206,9.842459664344787,2.179329352486772,2019,4,April,Q2,Monday
2019-04-09,8.98372689952778,9.01647852982356,8.825745367254495,8.898956298828125,21366500,8.977948188781738,-0.07899188995361328,-0.8798434596928972,0.19073316256906558,2.1230961793717404,8.419784273420062,8.643788051605224,8.747091903686524,9.839848456382752,2.1824906733492244,2019,4,April,Q2,Tuesday
2019-04-10,8.835378905584273,8.906663381392358,8.835378905584273,8.877763748168945,5160500,8.898956298828125,-0.021192550659179688,-0.23814647412045975,0.07128447580808484,0.8068072299992762,8.505105018615723,8.630026499430338,8.737492122650146,9.836030683517457,2.179622204699075,2019,4,April,Q2,Wednesday
2019-04-11,8.875836778550415,8.943268333514917,8.860424192922977,8.910515785217285,5788000,8.877763748168945,0.032752037048339844,0.3689221517648056,0.08284414059193956,0.9333671028307206,8.617398125784737,8.620170243581136,8.726935939788818,9.833180594444276,2.176339727572015,2019,4,April,Q2,Thursday
2019-04-12,9.02803857576795,9.083910465321337,9.006846613713664,9.05308437347412,4924000,8.910515785217285,0.14256858825683416,1.6000037673841394,0.07706385160767226,0.8536056969729663,8.744003159659249,8.615705712636311,8.715701351165771,9.83059353351593,2.197777611236768,2019,4,April,Q2,Friday
2019-04-15,9.060791091149971,9.182166243560705,9.041524668985591,9.11473560333252,8523000,9.05308437347412,0.061651229858400214,0.6809969653993386,0.14064157457511328,1.5521997269364638,8.87583759852818,8.615022818247477,8.720931568145751,9.828037190437318,2.199022815841211,2019,4,April,Q2,Monday
2019-04-16,9.226478393572808,9.272717071478848,9.193725843610432,9.238038063049316,5331500,9.11473560333252,0.12330245971679688,1.35278152963334,0.07899122786841595,0.8561362688871788,9.010148865836006,8.618194230397542,8.728090686798096,9.824747915267944,2.2125437589385633,2019,4,April,Q2,Tuesday
2019-04-17,9.270790357884149,9.301616451585703,9.164827785217817,9.197580337524414,11747500,9.238038063049316,-0.040457725524902344,-0.43794716203570117,0.13678866636788634,1.4754800948719253,9.041524887084961,8.620848274230957,8.736090412139893,9.821677451133729,2.2136002951286144,2019,4,April,Q2,Wednesday
2019-04-18,9.205286721868024,9.253451864565973,9.164828332724277,9.220699310302734,5381500,9.197580337524414,0.023118972778320312,0.25135929157367176,0.08862353184169613,0.9627460232299186,9.087488174438477,8.631498750050863,8.75084478378296,9.819028849601745,2.1656100186207627,2019,4,April,Q2,Thursday
2019-04-22,9.17253303527832,9.182165326725157,9.107028860072424,9.17253303527832,6718000,9.220699310302734,-0.04816627502441406,-0.5223711716810464,0.07513646665273299,0.8191463182934521,9.12959807259696,8.64342123667399,8.769086380004882,9.816110692024232,2.159234297918137,2019,4,April,Q2,Monday
2019-04-23,9.193725701831136,9.326661439424178,9.174460198783096,9.305468559265137,10406500,9.17253303527832,0.1329355239868164,1.4492782252790493,0.15220124064108198,1.6554903374022534,9.186019897460938,8.658815733591716,8.785267562866212,9.815685181617736,2.17200425151147,2019,4,April,Q2,Tuesday
2019-04-24,8.97024279755021,9.00492089408535,8.937490241185083,8.950976371765137,10594500,9.305468559265137,-0.3544921875,-3.8095038980820006,0.06743065290026706,0.7517149136552078,9.17143304007394,8.661050955454508,8.79320785522461,9.812989544868469,2.290530947555884,2019,4,April,Q2,Wednesday
2019-04-25,9.022260229242526,9.031893441460497,8.945196368846123,8.989507675170898,8844500,8.950976371765137,0.03853130340576172,0.43047039569117374,0.0866970726143741,0.9609240967510072,9.15354333605085,8.662332471211752,8.803108158111572,9.808543748855591,2.2878437268395744,2019,4,April,Q2,Thursday
2019-04-26,9.315102424536382,9.81023810601385,9.286203708597334,9.679229736328123,19266500,8.989507675170898,0.6897220611572248,7.672523191255998,0.524034397416516,5.625642891871879,9.216570717947823,8.690057818094889,8.82381025314331,9.807479567527771,2.665409353066448,2019,4,April,Q2,Friday
2019-04-29,9.631065509788815,9.729322255699044,9.577120989945437,9.681157112121582,5990500,9.679229736328123,0.0019273757934588076,0.01991249144779328,0.15220126575360737,1.580315963990829,9.285653114318848,8.717016092936198,8.844320697784424,9.806157054901123,2.666013815867297,2019,4,April,Q2,Monday
2019-04-30,9.658037401838964,9.738954178521938,9.638770977672351,9.704276084899902,7436000,9.681157112121582,0.023118972778320312,0.2388038176694085,0.1001832008495871,1.0373039229534506,9.354735510689872,8.745832093556722,8.862722911834716,9.804710865020752,2.6628794950943018,2019,4,April,Q2,Tuesday
2019-05-01,9.708125966005154,9.993261972573636,9.708125966005154,9.89500617980957,10925000,9.704276084899902,0.19073009490966797,1.965423213859796,0.28513600656848226,2.93708597897205,9.457945959908622,8.7845227877299,8.883289985656738,9.803165583610534,2.662394730441964,2019,5,May,Q2,Wednesday
2019-05-02,9.877668746804156,9.972072566234592,9.835283902193243,9.914274215698242,6749000,9.89500617980957,0.019268035888671875,0.1947248494698961,0.13678866404134915,1.3848274076371114,9.544918196541923,8.838243389129639,8.901710147857665,9.801754922866822,2.4612315070770534,2019,5,May,Q2,Thursday
2019-05-03,9.947025279204375,10.108859717819366,9.921979484164837,10.066473960876465,13525000,9.914274215698242,0.15219974517822266,1.5351577116681892,0.186880233654529,1.8787549886419594,9.704274994986397,8.892369365692138,8.920258388519287,9.800760722160339,2.4591252444255187,2019,5,May,Q2,Friday
2019-05-06,9.85455017541054,9.921981742742682,9.748587596279584,9.868037223815918,11141500,10.066473960876465,-0.19843673706054688,-1.9712636006587347,0.1733941464630977,1.7595338536685072,9.8297792162214,8.952541923522949,8.933878726959229,9.799310283660889,2.3170039763067964,2019,5,May,Q2,Monday
2019-05-07,9.442256337488605,9.488495010390622,9.365192495100889,9.419137001037598,16553500,9.868037223815918,-0.4489002227783203,-4.549032523863272,0.12330251528973335,1.3058585880599871,9.792623111179896,8.996983750661213,8.936334133148193,9.796036443710328,2.5072054613562536,2019,5,May,Q2,Tuesday
2019-05-08,9.372898763193051,9.455742902875592,9.324734548470214,9.392165184020996,6102000,9.419137001037598,-0.026971817016601562,-0.28635125504204995,0.1310083544053775,1.3977357241906994,9.75133855002267,9.036817773183186,8.939286022186279,9.792321486473083,2.506454395267419,2019,5,May,Q2,Wednesday
2019-05-09,9.27078912135608,9.46152227791987,9.266936204659896,9.392165184020996,9516500,9.392165184020996,0.0,0.0,0.19458607325997512,2.0989159683476024,9.706751278468541,9.076268068949382,8.941317119598388,9.78841513156891,2.5072497362275254,2019,5,May,Q2,Thursday
2019-05-10,9.438402829598546,9.606016630356145,9.32473353139771,9.575190544128418,10740000,9.392165184020996,0.18302536010742188,1.9487025251515577,0.2812830989584345,2.9801980699143207,9.661063330514091,9.123148568471272,8.94869686126709,9.785883278846741,2.514313405016516,2019,5,May,Q2,Friday
2019-05-13,9.344002295858202,9.37482839285529,9.222627122702033,9.25345230102539,7378500,9.575190544128418,-0.32173824310302734,-3.360123661458825,0.1522012701532578,1.6288659327569102,9.56666019984654,9.160331916809081,8.95002550125122,9.780795249938965,2.6098490026191836,2019,5,May,Q2,Monday
2019-05-14,9.27657130545625,9.351708708384432,9.257304880702188,9.332442283630373,5730500,9.25345230102539,0.07898998260498225,0.8536271656820471,0.09440382768224431,1.0176586216366204,9.461798531668526,9.195396041870117,8.953969898223876,9.776102170944213,2.5996652505274085,2019,5,May,Q2,Tuesday
2019-05-15,9.532805936187536,9.648401695280356,9.446108887199564,9.621429443359377,10889500,9.332442283630373,0.2889871597290039,3.0965866270172837,0.20229280808079153,2.122069928150606,9.426568848746163,9.245294888814291,8.963540573120117,9.773102869987488,2.6057101341935556,2019,5,May,Q2,Wednesday
2019-05-16,9.81023738387804,10.081887314790777,9.681155482266876,10.018309593200684,26507500,9.621429443359377,0.3968801498413068,4.12496035207357,0.4007318325239009,4.084833188465511,9.51216493334089,9.307010237375895,8.981547584533692,9.773102440834045,2.6839694609507836,2019,5,May,Q2,Thursday
2019-05-17,10.25335308993882,10.328490466962904,10.091518668758228,10.135830879211426,16591500,10.018309593200684,0.11752128601074219,1.1730650257654407,0.23697179820467618,2.3111639297510056,9.618402889796666,9.371808115641276,9.00624050140381,9.77208177089691,2.684057410354797,2019,5,May,Q2,Friday
2019-05-20,10.122347911026786,10.187852099424823,10.020238251738204,10.056842803955078,10099500,10.135830879211426,-0.07898807525634766,-0.7792955130925927,0.1676138476866189,1.655879141478912,9.713356835501534,9.430440902709961,9.03108018875122,9.769728245735168,2.696140051428797,2019,5,May,Q2,Monday
2019-05-21,9.86996236049195,9.86996236049195,9.74088045663282,9.831430435180664,7256500,10.056842803955078,-0.22541236877441406,-2.2413830380819455,0.12908190385913088,1.307825695220757,9.749962534223284,9.458890310923259,9.050836124420165,9.76597969532013,2.3427324225752635,2019,5,May,Q2,Tuesday
2019-05-22,9.754363455177256,9.771702494468904,9.704271876475538,9.72739028930664,5639000,9.831430435180664,-0.10404014587402344,-1.0582401671859198,0.06743061799336658,0.6912867077715553,9.817667961120605,9.486504777272541,9.067705535888672,9.762017202377319,2.346131636360715,2019,5,May,Q2,Wednesday
2019-05-23,9.340147456568038,9.357486500973328,9.27271681868798,9.313175201416016,9472500,9.72739028930664,-0.414215087890625,-4.258234486036539,0.08476968228534787,0.9075839827960896,9.814915520804268,9.501018492380778,9.07494779586792,9.756462159156799,2.489726839227821,2019,5,May,Q2,Thursday
2019-05-24,9.376753770185427,9.475010507603368,9.376753770185427,9.436477661132812,4071000,9.313175201416016,0.12330245971679688,1.3239572653808818,0.09825673741794105,1.0478758408945403,9.788493837629046,9.518550554911295,9.086727962493896,9.75048044681549,2.498192052024394,2019,5,May,Q2,Friday
2019-05-28,9.577119567820626,9.580972484759112,9.457669955991928,9.473082542419434,4397500,9.436477661132812,0.036604881286621094,0.3879083128378591,0.12330252876718362,1.2874698691398128,9.71060425894601,9.532550493876139,9.098741436004639,9.745409111976624,2.4848913857917134,2019,5,May,Q2,Tuesday
2019-05-29,9.336293912335572,9.338220370620752,9.249596858788124,9.29198169708252,4348000,9.473082542419434,-0.18110084533691406,-1.911741447685733,0.08862351183262795,0.9492365243079398,9.590054375784737,9.53845869700114,9.107785148620605,9.738858036994934,2.5118392621645267,2019,5,May,Q2,Wednesday
2019-05-30,9.353631091156378,9.399869755478056,9.305465968933516,9.349778175354004,3065500,9.29198169708252,0.057796478271484375,0.622003789456782,0.09440378654453951,1.0092742125974574,9.489045143127441,9.542183367411296,9.1200950050354,9.73330415725708,2.5027425221014985,2019,5,May,Q2,Thursday
2019-05-31,9.243817291772606,9.266936630358776,9.1917992392905,9.247671127319336,5426000,9.349778175354004,-0.10210704803466797,-1.0920798987918423,0.07513739106827622,0.8128394222498503,9.405650956290108,9.54385306040446,9.138995304107667,9.727699131965638,2.5101598383241353,2019,5,May,Q2,Friday
2019-06-03,9.24959728964382,9.317027926133498,9.189872486653808,9.20528507232666,4248000,9.247671127319336,-0.04238605499267578,-0.4583430185731818,0.1271554394796901,1.37471324964664,9.33106449672154,9.543339252471924,9.15424711227417,9.721776900291443,2.5115239736102235,2019,6,June,Q2,Monday
2019-06-04,9.17638719894345,9.280423310095818,9.110883014835428,9.272717475891112,5070500,9.20528507232666,0.06743240356445135,0.7325400901181167,0.16954029526038994,1.847571289057097,9.325284821646553,9.546678733825683,9.17844425201416,9.716737351417542,2.512549469402372,2019,6,June,Q2,Tuesday
2019-06-05,9.344000112417753,9.344000112417753,9.195651794551477,9.2688627243042,3821000,9.272717475891112,-0.003854751586912286,-0.04157089436763739,0.1483483178662759,1.5876318073790228,9.301339830671038,9.545458539326985,9.202103862762451,9.711554107666016,2.4989629716483335,2019,6,June,Q2,Wednesday
2019-06-06,9.17831480075052,9.201434143591603,9.11858998485667,9.141709327697754,5799500,9.2688627243042,-0.1271533966064453,-1.3718338526368723,0.08284415873493423,0.9026075105656648,9.254000799996513,9.55181630452474,9.22099515914917,9.704749350547791,2.4082431676202134,2019,6,June,Q2,Thursday
2019-06-07,9.274643572670923,9.459596447799967,9.274643572670923,9.413358688354492,5731500,9.141709327697754,0.2716493606567383,2.97153793583973,0.1849528751290439,1.9941777134598926,9.271340370178223,9.56594467163086,9.245089206695557,9.699570798873902,2.4643717886721,2019,6,June,Q2,Friday
2019-06-10,9.567485919373476,9.594458174056824,9.473082109308224,9.559779167175291,8556000,9.413358688354492,0.146420478820799,1.5554541547634804,0.12137606474859908,1.268630712095653,9.301340511866979,9.561962985992432,9.272909278869628,9.695287051200866,2.0397838196668294,2019,6,June,Q2,Monday
2019-06-11,9.609871093617452,9.656109771065784,9.569412710186942,9.598311424255373,5320500,9.559779167175291,0.03853225708008168,0.4030663931274381,0.08669706087884244,0.902166741200344,9.351431982857841,9.559201463063557,9.302116470336914,9.691004557609558,2.041248931385883,2019,6,June,Q2,Tuesday
2019-06-12,9.47308382095832,9.542441847253382,9.440332185213723,9.513543128967283,7899500,9.598311424255373,-0.08476829528808949,-0.8831584175720386,0.1021096620396591,1.0778925212690604,9.395468848092216,9.552843697865804,9.326776962280274,9.68649920463562,2.046834000295682,2019,6,June,Q2,Wednesday
2019-06-13,9.519320639606804,9.60601769614834,9.515467722903384,9.569412231445312,5993500,9.513543128967283,0.05586910247802912,0.5872586240547539,0.09054997324495595,0.951223061740424,9.437853813171387,9.541990566253663,9.355675926208496,9.68214877128601,2.015361628506436,2019,6,June,Q2,Thursday
2019-06-14,9.737026624294822,9.93354008651976,9.715834662504326,9.889227867126465,18680500,9.569412231445312,0.31981563568115234,3.342061434350496,0.21770542401543302,2.2358511732137707,9.526477405003138,9.541155687967937,9.390123500823975,9.677980980873109,2.1104625313844334,2019,6,June,Q2,Friday
2019-06-17,9.96821676112495,10.14739115305366,9.96821676112495,10.037574768066406,12775500,9.889227867126465,0.1483469009399414,1.5000857795285816,0.17917439192870965,1.7974568192324218,9.654458182198661,9.540192381540935,9.427037105560302,9.674794192314147,2.1095999134634953,2019,6,June,Q2,Monday
2019-06-18,10.074183722974157,10.128128245740603,10.03757824861871,10.058771133422852,8478500,10.037574768066406,0.021196365356445312,0.21117018648648678,0.09054999712189371,0.8988321000677665,9.74665996006557,9.546550178527832,9.462255344390869,9.67046923160553,2.0762157655326194,2019,6,June,Q2,Tuesday
2019-06-19,10.19748383502207,10.243721592604707,10.130052279036232,10.20711612701416,11402000,10.058771133422852,0.1483449935913086,1.4747824721689229,0.11366931356847587,1.1146800074160634,9.839136668613978,9.572816149393718,9.486838703155518,9.667259230613709,1.8960953616017284,2019,6,June,Q2,Wednesday
2019-06-20,10.413262696121665,10.426748823458537,10.26684083512303,10.392069816589355,8393500,10.20711612701416,0.1849536895751953,1.8120073022946936,0.15990798833550635,1.5356184992342772,9.95253072466169,9.606146303812663,9.516700973510742,9.664830451011658,1.9128998909714239,2019,6,June,Q2,Thursday
2019-06-21,10.209044633514722,10.336200100055136,10.15510011284272,10.257209777832031,12391500,10.392069816589355,-0.13486003875732422,-1.2977206767995408,0.18109998721241638,1.7739170873824275,10.058768817356654,9.634981123606364,9.544289894104004,9.66234944820404,1.9357525167423149,2019,6,June,Q2,Friday
2019-06-24,10.315006510559083,10.351611977729435,10.234088823618563,10.239869117736816,7651500,10.257209777832031,-0.017340660095214844,-0.16905825727276946,0.11752315411087189,1.1393415407985237,10.154548372541155,9.657137076059977,9.570876960754395,9.660432538986207,1.9124917546971387,2019,6,June,Q2,Monday
2019-06-25,10.126198804788949,10.220601691829266,10.116565594653634,10.124272346496582,9343000,10.239869117736816,-0.11559677124023438,-1.1288891480068397,0.10403609717563178,1.0273953650448808,10.188126155308314,9.686164410909017,9.592300720214844,9.657114582061768,1.8081311086313185,2019,6,June,Q2,Tuesday
2019-06-26,10.145465520227877,10.182070988182897,10.020237448179977,10.10693359375,5403000,10.124272346496582,-0.01733875274658203,-0.17125924859757724,0.16183354000292027,1.5951317332877333,10.1980345589774,9.711980787913005,9.612144680023194,9.653547234535218,1.8073051611224962,2019,6,June,Q2,Wednesday
2019-06-27,10.122346367821258,10.16858412504933,10.058768647793324,10.15317153930664,5138000,10.10693359375,0.046237945556640625,0.45748737861732724,0.10981547725600649,1.0848816397461734,10.211520331246513,9.72970552444458,9.63044734954834,9.650067510604858,1.7280662438933176,2019,6,June,Q2,Thursday
2019-06-28,10.180143789507648,10.180143789507648,10.05491480789099,10.093446731567385,4431000,10.15317153930664,-0.059724807739256036,-0.5882379462224141,0.12522898161665807,1.23012979193602,10.195281846182686,9.73221009572347,9.6483646774292,9.646126470565797,1.5648957219103705,2019,6,June,Q2,Friday
2019-07-01,10.318859578159444,10.368951174105536,10.207116716535571,10.347758293151855,9217000,10.093446731567385,0.2543115615844709,2.5195710479068323,0.16183445756996484,1.5683366591449532,10.18895162854876,9.739274342854818,9.670905857086181,9.642863612174988,1.617050711955316,2019,7,July,Q3,Monday
2019-07-02,10.262988715022091,10.34583194385447,10.23601645825464,10.341979026794434,6934500,10.347758293151855,-0.005779266357421875,-0.05585041893805265,0.1098154855998299,1.0700146774895243,10.201061521257673,9.74877888361613,9.694294776916504,9.639294323921204,1.6091436347408363,2019,7,July,Q3,Tuesday
2019-07-03,10.444088315985718,10.55968409183937,10.440235399059333,10.54234504699707,3920500,10.341979026794434,0.20036602020263672,1.9374050139099985,0.119448692780038,1.143696693920233,10.244272368294853,9.772476037343344,9.719032306671142,9.635119028091431,1.5795523633373079,2019,7,July,Q3,Wednesday
2019-07-05,10.478767291739238,10.617482406066724,10.47684083328204,10.602068901062012,7343500,10.54234504699707,0.059723854064941406,0.566513937825941,0.14064157278468414,1.3421576113781684,10.312529018947057,9.801631991068522,9.75205415725708,9.63138590812683,1.5610706013070192,2019,7,July,Q3,Friday
2019-07-08,10.577023320549014,10.580877156215958,10.53078556060791,10.53078556060791,8455000,10.602068901062012,-0.07128334045410156,-0.6723531144658068,0.05009159560804832,0.47358877909184993,10.373079299926758,9.842219003041585,9.782879714965821,9.626779556274414,1.318517848641736,2019,7,July,Q3,Monday
2019-07-09,10.428676785424305,10.501887726479024,10.38436456159036,10.476841926574709,6536000,10.53078556060791,-0.05394363403320135,-0.5122470087605469,0.11752316488866477,1.126923072857351,10.419317926679339,9.876897811889648,9.798831958770752,9.622697830200195,1.3176675254708992,2019,7,July,Q3,Tuesday
2019-07-10,10.617482254936624,10.63482129947817,10.532711653311582,10.55390453338623,4169500,10.476841926574709,0.07706260681152166,0.7355518709893927,0.10210964616658913,0.9617124259295371,10.48509761265346,9.912925211588542,9.816286907196044,9.618905720710755,1.319471139246241,2019,7,July,Q3,Wednesday
2019-07-11,10.594363103551462,10.636747945775818,10.575096681566306,10.600142478942873,13985000,10.55390453338623,0.0462379455566424,0.4381122210303623,0.06165126420951239,0.5819251578119456,10.52115249633789,9.956530570983887,9.834204235076903,9.617354598045349,1.2471678579093224,2019,7,July,Q3,Thursday
2019-07-12,10.727299430711096,10.787024244843888,10.70225362981738,10.74463939666748,3850500,10.600142478942873,0.1444969177246076,1.3631601463060417,0.08477061502650862,0.7902325797284966,10.578675406319755,10.00302594502767,9.851196899414063,9.616669521331787,1.2580379200855993,2019,7,July,Q3,Friday
2019-07-15,10.78895070357822,10.79858391592358,10.721520054508098,10.74463939666748,4588500,10.74463939666748,0.0,0.0,0.07706386141548194,0.7142850452539676,10.607574599129814,10.052924887339275,9.867804203033447,9.614376606941223,1.2266218021957984,2019,7,July,Q3,Monday
2019-07-16,10.436380968567263,10.501886064623305,10.343904536890374,10.401702880859377,7307000,10.74463939666748,-0.3429365158081037,-3.1916986987433726,0.15798152773293062,1.5137577691801987,10.578950881958008,10.092805480957031,9.874508781433105,9.609488525390624,1.3913709823987241,2019,7,July,Q3,Tuesday
2019-07-17,10.553905786495925,10.55775870381295,10.43638262159,10.47491455078125,5128500,10.401702880859377,0.07321166992187322,0.7038431183858718,0.12137608222294993,1.1500584208194724,10.570969309125628,10.132878716786703,9.886646327972413,9.604763140678406,1.391156745858557,2019,7,July,Q3,Wednesday
2019-07-18,10.33619789412817,10.413262659793112,10.289960137137427,10.393996238708496,3950000,10.47491455078125,-0.0809183120727539,-0.7724961543167819,0.12330252265568475,1.1929195233939065,10.559134210859026,10.170383167266845,9.90614351272583,9.598558902740479,1.4057796891437002,2019,7,July,Q3,Thursday
2019-07-19,10.463356139851912,10.467209057294514,10.336199758835482,10.338127136230469,2003500,10.393996238708496,-0.055869102478027344,-0.5375132066140598,0.1310092984590323,1.252077217940194,10.528308868408203,10.210263760884603,9.92506275177002,9.592142453193665,1.3776507255056174,2019,7,July,Q3,Friday
2019-07-22,10.40748284175351,10.413263135812535,10.341978660683774,10.365097999572754,4826000,10.338127136230469,0.026970863342285156,0.2608873250142585,0.07128447512876157,0.6849348321073108,10.494731085641044,10.241988404591877,9.944521408081055,9.58658984184265,1.2906763643014034,2019,7,July,Q3,Monday
2019-07-23,10.457574441893986,10.494179908708317,10.409409305629152,10.482620239257812,3651000,10.365097999572754,0.1175222396850586,1.1338266139876652,0.08477060307916418,0.810614388166012,10.457299777439662,10.272749773661296,9.962670001983643,9.583063607215882,1.2791114025819532,2019,7,July,Q3,Tuesday
2019-07-24,10.571243544804402,10.636747724579328,10.548124206372416,10.615555763244627,5578500,10.482620239257812,0.13293552398681463,1.2681516734620146,0.08862351820691217,0.8383452507862164,10.438859258379255,10.30665791829427,9.989912071228026,9.581401028633117,1.2908498876947547,2019,7,July,Q3,Wednesday
2019-07-25,10.49995979848912,10.550051395670762,10.4652817071123,10.50959300994873,6907000,10.615555763244627,-0.10596275329589666,-0.9981837565469998,0.08476968855846145,0.807333458273424,10.454272133963448,10.339859580993652,10.013455085754394,9.579055156707764,1.2947865666652003,2019,7,July,Q3,Thursday
2019-07-26,10.557758331298828,10.582804130323122,10.517299944876576,10.557758331298828,8159000,10.50959300994873,0.048165321350097656,0.4582986353943719,0.0655041854465459,0.620436492208356,10.466106959751674,10.37280445098877,10.032181663513184,9.57710359096527,1.294153157445081,2019,7,July,Q3,Friday
2019-07-29,10.40362996944304,10.565464423686326,10.40362996944304,10.538491249084473,15010000,10.557758331298828,-0.01926708221435547,-0.18249216935793955,0.16183445424328546,1.5555575767171321,10.4867491040911,10.394446563720702,10.04258529663086,9.574192419052125,1.165454276003518,2019,7,July,Q3,Monday
2019-07-30,10.800508153406115,11.060599321197827,10.79280232005358,11.000874519348145,15987000,10.538491249084473,0.4623832702636719,4.387566107281637,0.2677970011442472,2.4794851995902905,10.581427301679339,10.426556555430095,10.059886169433593,9.575386829376221,1.3752673265040618,2019,7,July,Q3,Tuesday
2019-07-31,10.981609785690372,11.037481679447213,10.842894658625788,10.95463752746582,7215500,11.000874519348145,-0.04623699188232422,-0.4203028750214721,0.19458702082142487,1.7719353047399502,10.665647234235491,10.45641876856486,10.077842063903809,9.57690637588501,1.3817287799801596,2019,7,July,Q3,Wednesday
2019-08-01,10.87564751664729,11.03748198921007,10.723446256198956,10.760051727294922,11218000,10.95463752746582,-0.19458580017089844,-1.7762869805872272,0.31403573301111365,2.8875129736452108,10.705280303955078,10.474849955240886,10.096414489746094,9.577462592124938,1.4130590131269414,2019,8,August,Q3,Thursday
2019-08-02,10.654088055521967,10.682986770222769,10.532711983900892,10.592436790466309,6330500,10.760051727294922,-0.16761493682861328,-1.5577521472636247,0.15027478632187652,1.4104894340908865,10.701977593558174,10.481528854370117,10.113715419769287,9.576470937728882,1.4132483687902684,2019,8,August,Q3,Friday
2019-08-05,10.370879730320858,10.370879730320858,10.272622977064076,10.336200714111328,9366500,10.592436790466309,-0.25623607635498047,-2.4190474904283166,0.0982567532567824,0.947429300231047,10.677207265581403,10.484161885579427,10.134175930023194,9.572999129295349,1.4646521441055076,2019,8,August,Q3,Monday
2019-08-06,10.553905742049128,10.596290588378906,10.467208672065516,10.596290588378906,5974000,10.336200714111328,0.2600898742675781,2.5163005388672,0.12908191631339072,1.223072476373362,10.6827118737357,10.496042601267497,10.157372188568115,9.570444107055664,1.5321950780634848,2019,8,August,Q3,Tuesday
2019-08-07,10.688766332469084,10.758124351371256,10.582803764265512,10.698399543762209,11949500,10.596290588378906,0.10210895538330256,0.9636292486663756,0.1753205871057446,1.6402321994183393,10.70555591583252,10.515180174509684,10.181878528594972,9.570193281173706,1.5207127913628071,2019,8,August,Q3,Wednesday
2019-08-08,10.675280819684284,10.85445433416931,10.654088856025757,10.837115287780762,7499500,10.698399543762209,0.1387157440185529,1.2966027624144338,0.20036547814355288,1.87691060804786,10.682161739894322,10.53951956431071,10.212781200408935,9.570981349945068,1.5320885908325204,2019,8,August,Q3,Thursday
2019-08-09,10.881427036536454,10.902619919733622,10.73307961017733,10.81014347076416,2131000,10.837115287780762,-0.026971817016601562,-0.24888373243582285,0.16954030955629307,1.558070545223796,10.661519731794085,10.561418628692627,10.241988506317139,9.571529049873352,1.534122333978939,2019,8,August,Q3,Friday
2019-08-12,10.788950264222052,10.79858347617512,10.677207394117977,10.711886405944824,2524000,10.81014347076416,-0.09825706481933594,-0.9089339571215715,0.12137608205714301,1.1250036294971737,10.654638971601214,10.582033284505208,10.271272811889649,9.572266473770142,1.5410539106095718,2019,8,August,Q3,Monday
2019-08-13,10.731151733133128,10.912251689708931,10.694546266391455,10.839040756225586,5704000,10.711886405944824,0.12715435028076172,1.1870397562300017,0.21770542331747578,2.028723744957367,10.689868109566826,10.598409366607665,10.303947925567627,9.57554844379425,1.4905617690145603,2019,8,August,Q3,Tuesday
2019-08-14,10.64060115427774,10.646381448501106,10.43060247719181,10.46528148651123,6363500,10.839040756225586,-0.37375926971435547,-3.4482688839386544,0.21577897130929635,2.027883276336777,10.708308219909668,10.602519448598226,10.32779920578003,9.576577944755554,1.6300802088809179,2019,8,August,Q3,Wednesday
2019-08-15,10.53849121473336,10.63867440423962,10.51537279449416,10.600142478942873,4364000,10.46528148651123,0.1348609924316424,1.2886513621775508,0.12330160974545912,1.1700119802071574,10.708858489990234,10.604446029663086,10.354424800872803,9.57930806159973,1.608368838836519,2019,8,August,Q3,Thursday
2019-08-16,10.565465982622948,10.78124498056104,10.565465982622948,10.736932754516602,6273500,10.600142478942873,0.1367902755737287,1.2904569523047638,0.21577899793809152,2.042304601547947,10.71436323438372,10.608941491444906,10.38632926940918,9.584074583053589,1.6220575265759725,2019,8,August,Q3,Friday
2019-08-19,10.735005378723145,10.7850969767515,10.713812496888496,10.735005378723145,4674000,10.736932754516602,-0.0019273757934570312,-0.017950897500462748,0.07128447986300479,0.6640376725315027,10.699776104518346,10.615748818715414,10.412762203216552,9.586500658988953,1.6163309202641567,2019,8,August,Q3,Monday
2019-08-20,10.78894815987728,10.792801995111024,10.70995785835094,10.723443984985352,1890500,10.735005378723145,-0.011561393737792969,-0.10769807121575603,0.08284413676008384,0.7678611068701822,10.687390463692802,10.623968887329102,10.436035499572753,9.588197498321533,1.61293220705548,2019,8,August,Q3,Tuesday
2019-08-21,10.852526631968878,10.99509466003164,10.827480835236669,10.914177894592283,5264000,10.723443984985352,0.19073390960693182,1.7786628052889775,0.16761382479497122,1.5444682190525298,10.716289247785296,10.635977999369304,10.462352828979492,9.589380464553834,1.638367738849221,2019,8,August,Q3,Wednesday
2019-08-22,10.62904196076466,10.669500343949853,10.478767178642332,10.55197811126709,7918000,10.914177894592283,-0.36219978332519354,-3.3186171860425273,0.19073316530752038,1.7944530279547313,10.67528029850551,10.634372520446778,10.483121528625489,9.590670785903932,1.7531514658472045,2019,8,August,Q3,Thursday
2019-08-23,10.5577565072166,10.607848096610777,10.33812464838939,10.372802734375,6518000,10.55197811126709,-0.17917537689208984,-1.69802642691963,0.26972344822138616,2.5547420802612812,10.662069048200335,10.621977965037027,10.499189338684083,9.59139136314392,1.7601287287688436,2019,8,August,Q3,Friday
2019-08-26,10.698399580173527,10.787023103289975,10.682986993256232,10.696473121643066,5873000,10.372802734375,0.3236703872680664,3.1203754236589942,0.1040361100337428,0.9724455443461325,10.675830568586077,10.620372422536214,10.515334243774413,9.593557629585266,1.8559727599112286,2019,8,August,Q3,Monday
2019-08-27,10.733077669174795,10.78509571973012,10.656013822524423,10.69454574584961,3631500,10.696473121643066,-0.0019273757934570312,-0.018018797144991883,0.12908189720569574,1.2026550182937426,10.66977528163365,10.630133851369221,10.528473663330079,9.594026107788086,1.7554000017198719,2019,8,August,Q3,Tuesday
2019-08-28,10.638675428698855,10.733079251904396,10.623262840830703,10.713812828063965,2505000,10.69454574584961,0.01926708221435547,0.18015802327866481,0.10981641107369278,1.0322376296719458,10.666747774396624,10.638097127278646,10.5415744972229,9.595406227111816,1.7518651847614006,2019,8,August,Q3,Wednesday
2019-08-29,10.852527361527178,11.09720597005502,10.852527361527178,10.927664756774902,4580000,10.713812828063965,0.2138519287109375,1.996039431926322,0.24467860852784185,2.2545772093166176,10.69592217036656,10.65588607788086,10.555985469818115,9.59818172454834,1.777595101888799,2019,8,August,Q3,Thursday
2019-08-30,11.002802519919957,11.014362190242554,10.898766405690209,10.96427059173584,1777000,10.927664756774902,0.0366058349609375,0.3349831439351414,0.11559578455234565,1.0506031017376343,10.703078269958496,10.676757526397704,10.567429485321044,9.60357656955719,1.7725426051554014,2019,8,August,Q3,Friday
2019-09-03,11.023994740634794,11.12995730711608,10.981608979103418,11.064453125,4289500,10.96427059173584,0.10018253326416016,0.9137181760150215,0.14834832801266096,1.34568576548612,10.776288986206055,10.700069363911947,10.583574352264405,9.609750499725342,1.777172717418631,2019,9,September,Q3,Tuesday
2019-09-04,11.180049345332028,11.287939293251776,11.158856463727131,11.272525787353516,4628500,11.064453125,0.20807266235351562,1.8805508053839404,0.1290828295246449,1.154581930164203,10.904820850917272,10.72639954884847,10.604227485656738,9.61706069946289,1.7953588889896424,2019,9,September,Q3,Wednesday
2019-09-05,11.47289089011544,11.567294698787965,11.459404762972722,11.470964431762695,6479000,11.272525787353516,0.1984386444091797,1.7603742777133835,0.10788993581524231,0.9403901496892622,11.015462466648646,10.754913171132406,10.63116132736206,9.624873914718627,1.8071192063874333,2019,9,September,Q3,Thursday
2019-09-06,11.43243356812527,11.447846155049008,11.366929384694194,11.405461311340332,3398500,11.470964431762695,-0.06550312042236328,-0.5710341167215804,0.08091677035481482,0.7077825545421808,11.117021833147321,10.784775447845458,10.657131881713868,9.633165316581726,1.7984082579632137,2019,9,September,Q3,Friday
2019-09-09,11.655919738585014,11.680965537794256,11.49793819023686,11.555736541748049,5722500,11.405461311340332,0.15027523040771662,1.3175725760281143,0.18302734755739536,1.570252298079175,11.237296649387904,10.818041388193766,10.685183181762696,9.642035446166993,1.8080199770059369,2019,9,September,Q3,Monday
2019-09-10,11.390047627320552,11.44206567734875,11.351515704385829,11.413166046142578,3799500,11.555736541748049,-0.14257049560547053,-1.2337638115095362,0.090549972962922,0.7949920485470647,11.30665397644043,10.84719721476237,10.7115775680542,9.65159312725067,1.82811702931832,2019,9,September,Q3,Tuesday
2019-09-11,11.484452789232574,11.58848890987305,11.45555407098215,11.569223403930664,3655000,11.413166046142578,0.15605735778808594,1.3673450220311967,0.1329348388909004,1.157520008402451,11.393075806753975,10.866142177581787,10.736006870269776,9.660981497764588,1.6706205468988902,2019,9,September,Q3,Wednesday
2019-09-12,11.58655992127222,11.644358263826744,11.559587667637937,11.607752799987791,3116000,11.569223403930664,0.03852939605712713,0.33303355559748393,0.08477059618880745,0.7316286867267114,11.470690046037946,10.887912686665853,10.761322345733642,9.671358637809753,1.6669190191873684,2019,9,September,Q3,Thursday
2019-09-13,11.578855625686783,11.661698855897214,11.57692824845111,11.628946304321287,3306500,11.607752799987791,0.021193504333496094,0.1825805967673455,0.08477060744610476,0.7321155923047163,11.521607262747628,10.916875839233398,10.783054370880127,9.680566039085388,1.6243870233952815,2019,9,September,Q3,Friday
2019-09-16,11.544175955021844,11.607753677300272,11.49793727748351,11.55380916595459,2004000,11.628946304321287,-0.07513713836669744,-0.646121638198438,0.10981639981676139,0.9512710153121847,11.533442224775042,10.948921585083008,10.80208917617798,9.689062037467956,1.597277966184268,2019,9,September,Q3,Monday
2019-09-17,11.588487329691365,11.588487329691365,11.417020583622843,11.548028945922852,9273500,11.55380916595459,-0.005780220031738281,-0.05002869572029445,0.1714667460685213,1.4796300948545626,11.553809029715401,10.989315859476726,10.822434043884277,9.69605200767517,1.5145103973329914,2019,9,September,Q3,Tuesday
2019-09-18,11.390048028332192,11.436285786277654,11.286011005939434,11.388120651245115,4083000,11.548028945922852,-0.15990829467773615,-1.3847237084922082,0.15027478033822028,1.3193515950452452,11.529863902500697,11.0157101949056,10.840659618377686,9.703230385780335,1.492190083636324,2019,9,September,Q3,Wednesday
2019-09-19,11.442065348636705,11.51720273400186,11.41316571826077,11.434358596801758,3097500,11.388120651245115,0.0462379455566424,0.4060191051065809,0.10403701574109014,0.9092503195105935,11.532891409737724,11.04024216334025,10.858268699645997,9.709738321304322,1.4864734131994806,2019,9,September,Q3,Thursday
2019-09-20,11.426654449651451,11.478672505860557,11.320690959985004,11.39004898071289,3136000,11.434358596801758,-0.04430961608886719,-0.38751291306589053,0.15798154587555224,1.3825704327688948,11.507295063563756,11.058673286437989,10.874066829681396,9.714729824066161,1.4766790478142353,2019,9,September,Q3,Friday
2019-09-23,11.363075804647412,11.41894769667937,11.341883841653017,11.39004898071289,2131500,11.39004898071289,0.0,0.0,0.07706385502635271,0.6781953790613117,11.476194517953056,11.078003470102946,10.886975021362305,9.722272744178772,1.4749042755900714,2019,9,September,Q3,Monday
2019-09-24,11.496011219360597,11.515277641897008,11.312984798632636,11.349589347839355,4939000,11.39004898071289,-0.040459632873535156,-0.3552191298039742,0.20229284326437202,1.7596785476660615,11.43628638131278,11.099260234832764,10.899074020385742,9.729277653694153,1.4641694960875882,2019,9,September,Q3,Tuesday
2019-09-25,11.636653348308554,11.70215753442524,11.53454369257621,11.671332359313965,7612500,11.349589347839355,0.3217430114746094,2.834842756102529,0.16761384184902894,1.440395591687815,11.453075408935547,11.127003288269043,10.924466609954834,9.738591475486755,1.5316946750881395,2019,9,September,Q3,Wednesday
2019-09-26,11.542248345565106,11.574999973327431,11.411239078495392,11.445918083190918,4127500,11.671332359313965,-0.22541427612304688,-1.931349988017106,0.16376089483203948,1.4187954541366419,11.438488142830986,11.159691174825033,10.943886680603027,9.74679741859436,1.426544465222222,2019,9,September,Q3,Thursday
2019-09-27,11.369388436306476,11.477613561106288,11.334601690314294,11.357792854309082,7508500,11.445918083190918,-0.08812522888183594,-0.7699271324617785,0.1430118707919945,1.2578677524580573,11.434155600411552,11.184946187337239,10.963162612915038,9.754524364471436,1.4272992074819915,2019,9,September,Q3,Friday
2019-09-30,11.30368066406298,11.43702939522388,11.22830984243456,11.427366256713867,3333500,11.357792854309082,0.06957340240478516,0.6125609376507413,0.20871955278931864,1.8464742502226417,11.43315669468471,11.207960637410482,10.984947395324706,9.761189174652099,1.4154155628324867,2019,9,September,Q3,Monday
2019-10-01,11.30561513266487,11.394513995520963,11.141345434678977,11.201255798339844,4942000,11.427366256713867,-0.22611045837402344,-1.9786751670900382,0.2531685608419867,2.239316993115365,11.40618624005999,11.223502318064371,11.001670551300048,9.767126293182374,1.4708516811531498,2019,10,October,Q4,Tuesday
2019-10-02,11.06404016100076,11.06404016100076,10.92102921302386,10.982872009277344,5026000,11.201255798339844,-0.2183837890625,-1.9496366567654633,0.14301094797689906,1.2925743751454668,11.348018101283483,11.232149918874105,11.01167558670044,9.772844338417054,1.5197104112743522,2019,10,October,Q4,Wednesday
2019-10-03,11.083366493645038,11.208984530176934,11.01572544534164,11.195456504821776,4119000,10.982872009277344,0.21258449554443182,1.9356002270158434,0.19325908483529375,1.7436857740480232,11.32599912370954,11.24152587254842,11.023273601531983,9.780383052825927,1.5259777614788856,2019,10,October,Q4,Thursday
2019-10-04,11.187725504244767,11.375186332222816,11.187725504244767,11.353927612304688,3159500,11.195456504821776,0.15847110748291193,1.4154948251968058,0.18746082797804853,1.6755937380383839,11.280655588422503,11.268257522583008,11.0401602935791,9.789778823852538,1.4002838785202714,2019,10,October,Q4,Friday
2019-10-07,11.22831052939667,11.286288442476312,11.22251319885254,11.22251319885254,3307000,11.353927612304688,-0.13141441345214666,-1.1574357168679494,0.06377524362377152,0.5679861049158065,11.248740604945592,11.29658120473226,11.053455390930175,9.799121804237366,1.3775935556404995,2019,10,October,Q4,Monday
2019-10-08,11.122018338310871,11.133613920483128,11.021523907169763,11.056310653686523,3152500,11.22251319885254,-0.1662025451660174,-1.4809743790990648,0.11209001331336488,1.0078207920882485,11.20567171914237,11.308575789133707,11.063811779022217,9.808103761672974,1.3036872243118507,2019,10,October,Q4,Tuesday
2019-10-09,11.166468849724216,11.228311656038548,11.14907593481896,11.183862686157228,1617500,11.056310653686523,0.1275520324707049,1.1536581818834435,0.07923572121958777,0.7095861931459622,11.170885494777137,11.324886353810628,11.067471542358398,9.819200620651245,1.3169380864122398,2019,10,October,Q4,Wednesday
2019-10-10,11.042782882761813,11.123951038312,11.029253935309129,11.079501152038574,3606500,11.183862686157228,-0.10436153411865412,-0.9331439150073506,0.09469710300287204,0.8575474498434419,11.153491973876953,11.337075964609783,11.069968814849853,9.830590991973876,1.3318817390872337,2019,10,October,Q4,Thursday
2019-10-11,11.208985017145013,11.384849354402384,11.208985017145013,11.236041069030762,6890000,11.079501152038574,0.1565399169921875,1.4128787464712245,0.17586433725737116,1.5689586254988568,11.189658982413155,11.347355175018311,11.07948860168457,9.841095085144042,1.3075986424874178,2019,10,October,Q4,Friday
2019-10-14,11.236042264758352,11.282423677986504,11.174199458926402,11.178064346313477,2307000,11.236041069030762,-0.057976722717285156,-0.5159888822147796,0.10822421906010149,0.9631880737895125,11.187174388340543,11.354481633504232,11.091201152801514,9.85043643951416,1.311573092348727,2019,10,October,Q4,Monday
2019-10-15,11.24570316265801,11.340400264743195,11.237973388791556,11.30561351776123,4715000,11.178064346313477,0.1275491714477539,1.1410667133064045,0.10242687595163957,0.9108089949568807,11.180272374834335,11.362520313262939,11.110589408874512,9.860789618492127,1.3172446806101155,2019,10,October,Q4,Tuesday
2019-10-16,11.30561356951637,11.40997288941236,11.30368112604091,11.3867826461792,3738000,11.30561351776123,0.08116912841796875,0.7179542117767612,0.10629176337145019,0.9401680211151701,11.203739438738141,11.366328875223795,11.126399250030518,9.871414346694946,1.2790007449936187,2019,10,October,Q4,Wednesday
2019-10-17,11.601299972173296,11.643817419712756,11.54912030612737,11.603233337402344,3798000,11.3867826461792,0.21645069122314453,1.9008942029447917,0.09469711358538468,0.8162629516737241,11.281871250697545,11.370737838745118,11.144495925903321,9.882699289321899,1.285752160282957,2019,10,October,Q4,Thursday
2019-10-18,11.55685064702503,11.570378674045774,11.324940822502777,11.442828178405762,5395000,11.603233337402344,-0.16040515899658203,-1.3824177652234648,0.2454378515429969,2.1237433885690793,11.318866321018763,11.371983400980632,11.15661018371582,9.894812812805176,1.307532870904059,2019,10,October,Q4,Friday
2019-10-21,11.487276133401066,11.51433310658345,11.423500891206997,11.437029838562012,2821500,11.442828178405762,-0.00579833984375,-0.05067226172890127,0.09083221537645336,0.7907202222844141,11.36994184766497,11.368026510874431,11.169147911071777,9.904796757698058,1.2843380472877628,2019,10,October,Q4,Monday
2019-10-22,11.495007267375406,11.514333545881932,11.390647943717678,11.396445274353027,3248500,11.437029838562012,-0.040584564208984375,-0.3548523067776421,0.1236856021642545,1.0759941189014575,11.39285673413958,11.36746915181478,11.182839088439941,9.914088587760926,1.2657382175395835,2019,10,October,Q4,Tuesday
2019-10-23,11.357792721077574,11.365523416161023,11.25536584924178,11.321073532104492,2945500,11.396445274353027,-0.07537174224853516,-0.6613618583169445,0.11015756691924317,0.969885343257012,11.41328661782401,11.359197489420573,11.19247974395752,9.922840495109558,1.244336302736304,2019,10,October,Q4,Wednesday
2019-10-24,11.431230584199222,11.431230584199222,11.27662406171401,11.33073616027832,3637500,11.321073532104492,0.009662628173828125,0.08535081188569826,0.15460652248521178,1.352492379069985,11.416875566755023,11.349963601430257,11.20978883743286,9.931602354049682,1.242426019175121,2019,10,October,Q4,Thursday
2019-10-25,11.253434509293356,11.328805338018867,11.214782873141376,11.307546615600586,3418500,11.33073616027832,-0.023189544677734375,-0.204660529993006,0.11402246487749146,1.0132236943604105,11.405556133815221,11.3392502784729,11.223936920166016,9.941044383049011,1.2416901032163346,2019,10,October,Q4,Friday
2019-10-28,11.373256210641827,11.4563568208724,11.34233434612774,11.413840293884276,4374500,11.307546615600586,0.10629367828368963,0.9400242324629549,0.11402247474465987,1.0025490733073465,11.378499984741211,11.33458464940389,11.23747507095337,9.951132984161378,1.2507513807746369,2019,10,October,Q4,Monday
2019-10-29,11.375186203077623,11.4679499335741,11.369387951562333,11.448623657226562,7482000,11.413840293884276,0.03478336334228693,0.3047472406016105,0.09856198201176802,0.8664647791444636,11.37932791028704,11.33127113978068,11.251747436523438,9.961932630538941,1.2522618440416216,2019,10,October,Q4,Tuesday
2019-10-30,11.634153485030732,11.93756924207561,11.568445796036034,11.802288055419922,6325500,11.448623657226562,0.3536643981933594,3.089143365893765,0.36912344603957514,3.172757231667209,11.431507655552455,11.34507671991984,11.27332431793213,9.973138580322265,1.3470903972236694,2019,10,October,Q4,Wednesday
2019-10-31,11.804218999043618,11.80615236389494,11.674736081076738,11.755905151367188,3309000,11.802288055419922,-0.046382904052734375,-0.3929992543389438,0.1314162828182024,1.1132992604495882,11.482859066554479,11.355794938405355,11.290158863067626,9.984333219528198,1.3492986275829397,2019,10,October,Q4,Thursday
2019-11-01,11.84093929782056,11.908580349664,11.81195080218918,11.873793601989746,3068500,11.755905151367188,0.1178884506225586,1.0028019884870343,0.09662954747481933,0.8160631943498345,11.561819076538086,11.371919759114583,11.31659517288208,9.996213212013245,1.3557932074097783,2019,11,November,Q4,Friday
2019-11-04,11.943365206097518,11.953028344365956,11.854466361388567,11.898916244506836,3031000,11.873793601989746,0.025122642517089844,0.2115805896514722,0.0985619829773885,0.8252446548906422,11.642987659999303,11.388882001241049,11.347117443084716,10.007576179504394,1.3555492733649805,2019,11,November,Q4,Monday
2019-11-05,11.896984767105916,11.898917210610987,11.79455788911588,11.873793601989746,3318000,11.898916244506836,-0.025122642517089844,-0.21113387136150186,0.10435932149510663,0.8771913517419193,11.723880086626325,11.406355476379394,11.370663852691651,10.020453729629516,1.3539347830951614,2019,11,November,Q4,Tuesday
2019-11-06,11.796492167984848,11.827413111932154,11.726918661811704,11.736581802368164,2283000,11.873793601989746,-0.13721179962158203,-1.1555851838168096,0.10049445012045055,0.8519011303477825,11.769986016409737,11.408530457814534,11.391504573822022,10.03265480518341,1.2757933981596807,2019,11,November,Q4,Wednesday
2019-11-07,11.674737275980029,11.734647632785892,11.638018084487898,11.672804832458496,3247500,11.736581802368164,-0.06377696990966797,-0.5434032751920892,0.09662954829799375,0.8276807093278443,11.802011898585729,11.416093349456787,11.410684413909912,10.044623327255248,1.2265652279630441,2019,11,November,Q4,Thursday
2019-11-08,11.643817940313482,11.70566074915865,11.624491659380958,11.674738883972168,4709000,11.672804832458496,0.001934051513671875,0.016568867049793212,0.081169089777692,0.6971002998652752,11.783790588378906,11.426658217112223,11.425625896453857,10.056227436065674,1.2162962771776331,2019,11,November,Q4,Friday
2019-11-11,11.86606323486473,11.958827897896906,11.788759963356377,11.927906036376951,6993500,11.674738883972168,0.2531671524047834,2.168503766301333,0.17006793454052982,1.4332296328982823,11.808362143380299,11.443342876434325,11.44489860534668,10.069030241966248,1.2709024234192527,2019,11,November,Q4,Monday
2019-11-12,11.982017505299934,12.078647050313498,11.964624592669653,12.00714111328125,5340500,11.927906036376951,0.07923507690429865,0.664283208323857,0.11402245764384489,0.951613178610447,11.827411787850517,11.470205720265707,11.463752365112304,10.082277183532716,1.2082599952561277,2019,11,November,Q4,Tuesday
2019-11-13,12.094108554115405,12.094108554115405,12.026468419736007,12.038064002990724,5446500,12.00714111328125,0.030922889709474433,0.2575374888804216,0.06764013437939731,0.559281687250778,11.8472900390625,11.505378786722819,11.479063129425048,10.09527587890625,1.1354058492092485,2019,11,November,Q4,Wednesday
2019-11-14,11.983950537912936,12.001343450060832,11.854466693158212,11.953028678894045,2120500,12.038064002990724,-0.08503532409667969,-0.7063870409357631,0.14687675690261948,1.2256121755338851,11.858609335763116,11.530631192525227,11.488704414367676,10.106966953277588,1.1072797057606392,2019,11,November,Q4,Thursday
2019-11-15,11.9820195661945,12.020671206542438,11.927907454012944,11.99361515045166,1626000,11.953028678894045,0.04058647155761541,0.3395496877647508,0.09276375252949443,0.7741912956912009,11.895328385489327,11.55195411046346,11.500467491149902,10.122668905258179,1.084561061189544,2019,11,November,Q4,Friday
2019-11-18,12.177208499693318,12.177208499693318,12.045792213709404,12.06705093383789,4135500,11.99361515045166,0.07343578338623047,0.6122906435218178,0.13141628598391364,1.0791987834258019,11.951649257114955,11.580105368296305,11.5106937789917,10.138603749275207,1.0565967460115921,2019,11,November,Q4,Monday
2019-11-19,12.028399946491843,12.043860415810414,11.933703765578914,11.962692260742188,7562500,12.06705093383789,-0.10435867309570312,-0.8648233414103257,0.11015665023150056,0.9158046849251004,11.992785453796387,11.610318088531494,11.521684303283692,10.154429240226746,1.027425275694213,2019,11,November,Q4,Tuesday
2019-11-20,11.927904504208064,11.95882636175603,11.837073217929635,11.881522178649902,4262500,11.962692260742188,-0.08117008209228516,-0.6785268760834073,0.12175314382639435,1.020742107580094,11.98615918840681,11.633573404947917,11.527930278778076,10.171421947479248,1.027421877918329,2019,11,November,Q4,Wednesday
2019-11-21,11.808085463061902,11.912444780561216,11.781029411971533,11.889253616333008,5748500,11.881522178649902,0.007731437683105469,0.06507110424789353,0.13141536858968372,1.1129269770343193,11.969318117414204,11.660565153757732,11.53356029510498,10.189565949440002,1.005147594448551,2019,11,November,Q4,Thursday
2019-11-22,11.912445619259053,11.924041202189544,11.821614320909926,11.827411651611328,3036000,11.889253616333008,-0.06184196472167969,-0.5201501012369936,0.10242688127961763,0.8598308403945397,11.939224924360003,11.680277506510416,11.537529602050782,10.206220960617065,0.9892162911089593,2019,11,November,Q4,Friday
2019-11-25,11.925973137829084,11.972355467575634,11.900849529470978,11.943366050720217,4397000,11.827411651611328,0.1159543991088885,0.9803869394627185,0.07150593810465544,0.5995815794506465,11.937844548906599,11.705787563323975,11.545320739746094,10.22316798210144,0.990855204520199,2019,11,November,Q4,Monday
2019-11-26,12.175275195573493,12.213926824829732,12.101836823528377,12.204263687133787,11108500,11.943366050720217,0.26089763641357067,2.1844565033476204,0.11209000130135571,0.9206362854295708,11.967937197004046,11.735742568969727,11.558445434570313,10.241716837882995,1.0411297633047623,2019,11,November,Q4,Tuesday
2019-11-27,12.229389592129657,12.320220891887503,12.213929121825116,12.314423561096191,7827000,12.204263687133787,0.11015987396240412,0.9026343316273833,0.10629177006238777,0.8691502487646062,12.003276143755231,11.766663932800293,11.576971492767335,10.26006833076477,1.0444686785538508,2019,11,November,Q4,Wednesday
2019-11-29,12.225523184935806,12.291230866706446,12.21779248998084,12.26803970336914,4764000,12.314423561096191,-0.04638385772705078,-0.3766628417231521,0.0734383767256066,0.6006972103745776,12.046897206987653,11.788824144999186,11.593645114898681,10.278130354881286,1.0035560861915478,2019,11,November,Q4,Friday
2019-12-02,12.264175938862875,12.28350129572723,12.115366728438348,12.229389190673828,7577000,12.26803970336914,-0.0386505126953125,-0.3150504369878959,0.16813456728888276,1.370940600714116,12.096592494419642,11.815042845408122,11.6104319190979,10.29535647392273,0.9640022002581047,2019,12,December,Q4,Monday
2019-12-03,12.445840008025328,12.490288979152696,12.35114289142667,12.482559204101562,8240500,12.229389190673828,0.2531700134277344,2.0701770912712636,0.13914608772602577,1.1180128270675307,12.181350435529437,11.849893824259441,11.632282123565673,10.313436007499694,1.0191780082663553,2019,12,December,Q4,Tuesday
2019-12-04,12.613973018841229,12.670018488596687,12.577253827353903,12.617837905883787,5619000,12.482559204101562,0.1352787017822248,1.0837417197089971,0.09276466124278393,0.7354119206075936,12.294268471854073,11.890606911977132,11.657647094726563,10.331558866500854,1.0212923435427743,2019,12,December,Q4,Wednesday
2019-12-05,12.592714098210454,12.617837706645725,12.523141524904595,12.600444793701172,5782000,12.617837905883787,-0.01739311218261541,-0.1378454241713234,0.09469618174112959,0.7519918343463927,12.388136863708496,11.933252620697022,11.676229343414306,10.348865780830383,1.007889729228692,2019,12,December,Q4,Thursday
2019-12-06,12.627501045017857,12.652624653849832,12.590781853530531,12.617837905883787,4999000,12.600444793701172,0.01739311218261541,0.1380357000675847,0.061842800319301006,0.48974694279436154,12.447218894958494,11.976156012217205,11.699667739868165,10.366019868850708,1.00743616851293,2019,12,December,Q4,Friday
2019-12-09,12.679680941210275,12.813029683454452,12.679680941210275,12.74152374267578,6616000,12.617837905883787,0.12368583679199219,0.9802458845529882,0.13334874224417703,1.051672694781931,12.50823320661272,12.023955249786377,11.727342357635498,10.38324565410614,1.0075943575199071,2019,12,December,Q4,Monday
2019-12-10,12.865209606699946,12.890333216507438,12.762782723873665,12.81496238708496,4364500,12.74152374267578,0.07343864440917969,0.5763725429730915,0.12755049263377316,0.9914373456251143,12.586365018572124,12.070659319559732,11.75509428024292,10.401097612380982,1.0030963442474248,2019,12,December,Q4,Tuesday
2019-12-11,12.847815656621917,12.861344604730789,12.793703550297206,12.859411239624023,6875500,12.81496238708496,0.044448852539064276,0.3468512134211288,0.06764105443358304,0.5264790236830651,12.676368168422153,12.117685572306316,11.788257389068603,10.418941617012024,1.0030002029445002,2019,12,December,Q4,Wednesday
2019-12-12,12.932850492928772,13.02368179793604,12.915457578021936,13.010153770446776,5761500,12.859411239624023,0.15074253082275213,1.1722350892571676,0.10822421991410458,0.8368164464073701,12.751738820757183,12.15794776280721,11.828803024291993,10.43796136856079,0.8786648983238438,2019,12,December,Q4,Thursday
2019-12-13,13.025611656529357,13.100982475380178,12.986960025441311,13.058465957641602,5096000,13.010153770446776,0.048312187194825995,0.37134216894938454,0.1140224499388669,0.8753711759993306,12.814685685294014,12.20136645634969,11.866063213348388,10.457318596839905,0.868024025423998,2019,12,December,Q4,Friday
2019-12-16,13.18022006111324,13.23239972080117,13.141568427213752,13.189882278442385,5547000,13.058465957641602,0.13141632080078303,1.006368751330089,0.09083129358741893,0.6891485359596269,12.898891040257045,12.245236078898111,11.902782306671142,10.47759189605713,0.8681161233696173,2019,12,December,Q4,Monday
2019-12-17,13.149299896425177,13.158963036527831,13.081659758762088,13.091322898864746,3738000,13.189882278442385,-0.0985593795776385,-0.7472347174676819,0.07730327776574342,0.5878889246929367,12.966531753540039,12.28498296737671,11.940158500671387,10.497334032058715,0.8909144076970916,2019,12,December,Q4,Tuesday
2019-12-18,13.108714115602831,13.124174584847538,13.02561259593013,13.083590507507324,2788500,13.091322898864746,-0.007732391357421875,-0.059065011360248665,0.09856198891740675,0.7518814435055224,13.01539843423026,12.325309530893962,11.980704097747802,10.517162189483642,0.888201063106288,2019,12,December,Q4,Wednesday
2019-12-19,13.153164433636343,13.182152929613734,13.106782102850383,13.118377685546877,3338000,13.083590507507324,0.03478717803955256,0.2658840325183709,0.0753708267633506,0.5730242873768551,13.058743476867676,12.371369393666585,12.019394397735596,10.53824815273285,0.8431136765519197,2019,12,December,Q4,Thursday
2019-12-20,12.99469338037183,13.124176324946436,12.932850573665805,13.122243881225586,7972000,13.118377685546877,0.003866195678709161,0.029471599090857836,0.19132575128063145,1.4723375587270444,13.096290997096471,12.419684028625488,12.060249252319336,10.559785079956054,0.8279437735917436,2019,12,December,Q4,Friday
2019-12-23,13.104849491215488,13.174422064974287,13.064265413062214,13.157029151916504,3007000,13.122243881225586,0.03478527069091797,0.2650862993080594,0.11015665191207269,0.8405792984186006,13.117273194449288,12.469093704223633,12.098669013977052,10.58135205745697,0.8252739963582889,2019,12,December,Q4,Monday
2019-12-24,13.137702754791905,13.14156856329123,13.095186233520508,13.095186233520508,1322500,13.157029151916504,-0.061842918395996094,-0.4700371009437765,0.04638232977072221,0.3530474896290717,13.122518948146276,12.508003044128419,12.137011451721191,10.602408390045166,0.7692738991646364,2019,12,December,Q4,Tuesday
2019-12-26,13.141569492332732,13.14736682320009,13.112580073412802,13.145434379577637,2590000,13.095186233520508,0.050248146057128906,0.38371463498934055,0.03478674978728691,0.2647077261782374,13.116169248308454,12.545946153004964,12.17380786895752,10.623380250930786,0.7665761140090545,2019,12,December,Q4,Thursday
2019-12-27,13.14736433570724,13.160892360032609,13.089386430364566,13.09904956817627,1755500,13.145434379577637,-0.04638481140136719,-0.3528587193241006,0.07150592966804226,0.5438803386153801,13.1172730582101,12.581312338511148,12.20805320739746,10.644638152122498,0.775928052201407,2019,12,December,Q4,Friday
2019-12-30,13.099050377622476,13.100982820998723,12.996623506460644,13.087454795837402,4969500,13.09904956817627,-0.011594772338867188,-0.08851613453724205,0.10435931453807967,0.7966937413750238,13.117825099400111,12.61912654240926,12.237737636566163,10.665713381767272,0.7566715029206195,2019,12,December,Q4,Monday
2019-12-31,13.087456109966794,13.147366468284098,13.046872030407728,13.141569137573242,2748500,13.087454795837402,0.054114341735839844,0.4134825493575134,0.10049443787636925,0.7678683850548876,13.121138163975306,12.657391675313313,12.271712455749512,10.687222247123719,0.7569067934688591,2019,12,December,Q4,Tuesday
2020-01-02,13.199546376698606,13.346423149108888,13.195681489486033,13.346423149108888,4282500,13.141569137573242,0.2048540115356463,1.5588245923384036,0.1507416596228559,1.142021515898174,13.15316377367292,12.700037415822347,12.309900321960448,10.710282936096192,0.7890766855074618,2020,1,January,Q1,Thursday
2020-01-03,13.23819730822305,13.26718580382858,13.133837986821016,13.157029151916504,2593000,13.346423149108888,-0.1893939971923846,-1.4190618345937156,0.13334781700756437,1.0072958870671456,13.15316377367292,12.739848645528157,12.345111999511719,10.734554800987244,0.8239616839228416,2020,1,January,Q1,Friday
2020-01-06,13.189880816757489,13.373476748579945,13.184083487002454,13.356082916259766,3777500,13.157029151916504,0.19905376434326172,1.5129081348449258,0.18939326157749115,1.4358982026347855,13.190434728349958,12.789000670115152,12.385812187194825,10.759121742248535,0.8294176562815317,2020,1,January,Q1,Monday
2020-01-07,13.626647533488526,13.640175560049634,13.49136634634975,13.566737174987791,6581000,13.356082916259766,0.21065425872802557,1.577215865226278,0.14880921369988442,1.0920456651878199,13.25062084197998,12.84491678873698,12.430532207489014,10.786641125679017,0.8543111859344473,2020,1,January,Q1,Tuesday
2020-01-08,13.682692056471062,13.744534858426697,13.59959145369121,13.616984367370604,8201000,13.566737174987791,0.0502471923828125,0.37037050054635756,0.1449434047354874,1.0593193513182824,13.32461152757917,12.904569212595622,12.476720962524414,10.814296636581421,0.8348903110018518,2020,1,January,Q1,Wednesday
2020-01-09,13.798644479903524,13.8488916898492,13.64210552039316,13.727139472961426,11886500,13.616984367370604,0.11015510559082209,0.8089537493689125,0.20678616945603956,1.4985977047035663,13.415995052882604,12.964028326670329,12.522986946105958,10.841946611404419,0.8318869172761589,2020,1,January,Q1,Thursday
2020-01-10,13.810243167080056,13.810243167080056,13.671097086819458,13.69428825378418,5602500,13.727139472961426,-0.032851219177246094,-0.23931584028816788,0.13914608026059838,1.0075570616474416,13.494954926627022,13.013695812225341,12.56790023803711,10.869374771118164,0.7752471331932922,2020,1,January,Q1,Friday
2020-01-13,13.79671410329996,13.856624459869408,13.736803746730512,13.8450288772583,6361500,13.69428825378418,0.1507406234741211,1.100755444025836,0.1198207131388962,0.8684728279629781,13.566184316362653,13.064715989430745,12.608755054473876,10.897756037712098,0.7806110292080857,2020,1,January,Q1,Monday
2020-01-14,14.096263414766844,14.098195858068284,13.916533286347091,14.00543212890625,9704000,13.8450288772583,0.16040325164794922,1.1585620591332058,0.18166257172119238,1.2887285543407754,13.687384741646904,13.122629070281983,12.653745594024658,10.927093439102173,0.7786520162674772,2020,1,January,Q1,Tuesday
2020-01-15,13.837298393249512,13.937792829730585,13.808309897042337,13.837298393249512,5429500,14.00543212890625,-0.16813373565673828,-1.2004894537293254,0.12948293268824784,0.9357529844945436,13.756129809788295,13.176226043701172,12.693015689849853,10.954877338409425,0.8239346510645928,2020,1,January,Q1,Wednesday
2020-01-16,13.95905204442977,14.05374823209497,13.953253792067086,14.034422874450684,5794500,13.837298393249512,0.19712448120117188,1.4245879188190314,0.10049444002788377,0.7199230987034334,13.822942052568708,13.22795483271281,12.73572582244873,10.984427132606505,0.7868328318625021,2020,1,January,Q1,Thursday
2020-01-17,14.053746632730157,14.053746632730157,13.945522430571929,14.007365226745604,3902500,14.034422874450684,-0.0270576477050799,-0.19279487262947592,0.10822420215822781,0.770073667801734,13.878710746765137,13.27427241007487,12.778397254943847,11.01362971305847,0.7827722300453946,2020,1,January,Q1,Friday
2020-01-21,14.01123086065308,14.01123086065308,13.935860035190611,13.939724922180176,4836000,14.007365226745604,-0.06764030456542791,-0.48289098963647525,0.07537082546246943,0.5379315080313815,13.909080096653529,13.31891508102417,12.822460117340087,11.042368865013122,0.7926869965374185,2020,1,January,Q1,Tuesday
2020-01-22,14.024757249747488,14.046015968764204,13.947453989812669,13.988038063049316,3804000,13.939724922180176,0.048313140869140625,0.3465860419689326,0.09856197895153507,0.7027713720557242,13.951044355119977,13.364588419596354,12.868764781951905,11.070819759368897,0.7917659527911467,2020,1,January,Q1,Wednesday
2020-01-23,14.05954544100736,14.05954544100736,13.918466931021886,14.028623580932615,2898500,13.988038063049316,0.040585517883299005,0.2901444627213978,0.14107850998547455,1.0034357837344587,13.977272169930595,13.407491747538248,12.915842475891113,11.09607313632965,0.7827143638384505,2020,1,January,Q1,Thursday
2020-01-24,14.038288594994787,14.046019291428028,13.814108535236247,13.891412734985352,3391500,14.028623580932615,-0.13721084594726385,-0.9780777505054572,0.23191075619178037,1.65198738167034,13.960983685084752,13.443373425801594,12.955112609863281,11.121035418510438,0.8161844481399236,2020,1,January,Q1,Friday
2020-01-27,13.806377423763424,13.856624641895738,13.750331953485556,13.781253814697266,6336500,13.891412734985352,-0.11015892028808594,-0.7930001245348706,0.10629268841018202,0.7698810857309457,13.952977316720146,13.47410151163737,12.990594863891602,11.145552868843078,0.838818061771035,2020,1,January,Q1,Monday
2020-01-28,13.856622821547404,13.955184801324627,13.78898269891968,13.918465614318848,4063000,13.781253814697266,0.13721179962158203,0.9956409007956246,0.16620210240494693,1.199441628348997,13.93641199384417,13.504378573099773,13.028202896118165,11.170592617988586,0.8326066996766841,2020,1,January,Q1,Tuesday
2020-01-29,13.895275182870964,13.918466346571291,13.84696041208322,13.875948905944824,3065000,13.918465614318848,-0.04251670837402344,-0.30546979496276494,0.07150593448807108,0.5146061056510642,13.917638233729772,13.53162800470988,13.06666130065918,11.19470694065094,0.8377577738769225,2020,1,January,Q1,Wednesday
2020-01-30,13.649838661689625,13.78125403978468,13.568669581019874,13.74839973449707,4354500,13.875948905944824,-0.1275491714477539,-0.9192104432808046,0.21258445876480536,1.5574137104012546,13.890306064060756,13.550245253245036,13.101756992340087,11.217875261306762,0.8480237688174574,2020,1,January,Q1,Thursday
2020-01-31,13.719411881573851,13.719411881573851,13.510693221685669,13.562872886657717,4787000,13.74839973449707,-0.1855268478393537,-1.3494432182811433,0.2087186598881825,1.5213382445971066,13.829568181719099,13.565963586171469,13.131673431396484,11.239499435424804,0.8764451480923469,2020,1,January,Q1,Friday
2020-02-03,13.584128513752685,13.70201677350994,13.576398740344068,13.620847702026367,9055500,13.562872886657717,0.05797481536865057,0.4274523240992867,0.12561803316587117,0.9247412010177498,13.77131448473249,13.583872159322103,13.164836540222169,11.261615772247314,0.8774849305845431,2020,2,February,Q1,Monday
2020-02-04,13.947456716298603,14.274063652362113,13.752266085035938,14.107861518859863,7893500,13.620847702026367,0.4870138168334961,3.575502989883983,0.5217975673261748,3.7411664215198237,13.802235739571708,13.61685495376587,13.209363327026367,11.2860515832901,1.079027404315075,2020,2,February,Q1,Tuesday
2020-02-05,13.655636446801568,13.73293972137423,13.595726086473052,13.62664794921875,8995000,14.107861518859863,-0.4812135696411133,-3.41096039961698,0.13721363490117788,1.004813180518702,13.780149187360491,13.633668422698975,13.244111213684082,11.308322157859802,1.269159979863163,2020,2,February,Q1,Wednesday
2020-02-06,13.715544803189852,13.827634811401367,13.715544803189852,13.827634811401367,3313000,13.62664794921875,0.2009868621826172,1.4749545371071315,0.11209000821151527,0.8172479461803535,13.767173358372279,13.656021944681804,13.284115676879884,11.330932989120484,1.2924905455743902,2020,2,February,Q1,Thursday
2020-02-07,13.721344092403426,13.769658869232591,13.472041355270385,13.54547882080078,7312000,13.827634811401367,-0.2821559906005877,-2.0405224353187257,0.2976175139622068,2.169011373506604,13.719963346208845,13.671031697591145,13.316157932281493,11.353905501365661,1.3499971339379853,2020,2,February,Q1,Friday
2020-02-10,13.553209093017465,13.568669563091566,13.456579542380856,13.56093978881836,4646500,13.54547882080078,0.015460968017579901,0.11414117006951496,0.11209002071070984,0.8270367552173159,13.69318335396903,13.68488187789917,13.343291454315185,11.376762661933899,1.3490889345070847,2020,2,February,Q1,Monday
2020-02-11,13.649838986775956,13.69235551093042,13.564805016939316,13.58992862701416,4260000,13.56093978881836,0.02898883819580078,0.2137671772549421,0.12755049399110518,0.9344468760010785,13.697048459734235,13.701244513193766,13.368801555633546,11.396316156387329,1.346311544006516,2020,2,February,Q1,Tuesday
2020-02-12,13.586063840242634,13.680760028863896,13.586063840242634,13.676895141601562,2939500,13.58992862701416,0.08696651458740234,0.6399335638491044,0.09469618862126161,0.6970097427392218,13.705055236816406,13.720892524719238,13.396978664398194,11.41629484653473,1.3487739247535369,2020,2,February,Q1,Wednesday
2020-02-13,13.512623664178983,13.512623664178983,13.43338795662466,13.450780868530272,4551500,13.676895141601562,-0.22611427307129084,-1.6532573418912122,0.0792357075543233,0.5863828485386713,13.611186572483607,13.731199582417807,13.421406497955322,11.43502737045288,1.3873846567906496,2020,2,February,Q1,Thursday
2020-02-14,13.42759043068314,13.437253569609672,13.230467372831225,13.301972389221191,7426000,13.450780868530272,-0.14880847930908025,-1.106318516103666,0.206786196778447,1.5400097124345087,13.564804349626813,13.729717890421549,13.437794761657715,11.452062201499938,1.3751549075550997,2020,2,February,Q1,Friday
2020-02-18,12.83621997602465,12.965702900819007,12.774377178765937,12.87873649597168,11728500,13.301972389221191,-0.4232358932495117,-3.1817529075046536,0.19132572205307063,1.4905145160368607,13.429247447422572,13.720441468556722,13.443012733459472,11.466884512901306,1.4720353322650972,2020,2,February,Q1,Tuesday
2020-02-19,12.940579016125874,13.01981472404628,12.9231851826123,12.961836814880373,6174500,12.87873649597168,0.08310031890869318,0.6452521094339136,0.09662954143397862,0.7467172938209637,13.345870018005371,13.707299931844075,13.450240573883057,11.481361327171326,1.4483846499239368,2020,2,February,Q1,Wednesday
2020-02-20,12.930917010988404,12.9811642294935,12.760849998409132,12.898062705993652,6630500,12.961836814880373,-0.06377410888672053,-0.4920144405267224,0.22031423108436776,1.7037788650035388,13.251173291887556,13.685010782877605,13.455845069885253,11.496511454582214,1.415157246970256,2020,2,February,Q1,Thursday
2020-02-21,12.938646457682964,12.948308674518357,12.706735744609226,12.743454933166504,4534500,12.898062705993652,-0.15460777282714844,-1.1986898835226079,0.2415729299091307,1.8670649259891074,13.130248478480748,13.655893135070801,13.455883693695068,11.513133044242858,1.4239000300397087,2020,2,February,Q1,Friday
2020-02-24,12.36853424310559,12.480624252574543,12.273837145534667,12.355006217956545,7069000,12.743454933166504,-0.38844871520995916,-3.048221359491532,0.2067871070398759,1.671880458714356,12.941407203674316,13.610155359903972,13.4466845703125,11.527947249412536,1.5007051364123862,2020,2,February,Q1,Monday
2020-02-25,12.610105978709631,12.658420744602893,12.20039853326763,12.28736400604248,11132000,12.355006217956545,-0.06764221191406428,-0.5474882871022269,0.4580222113352619,3.632183679570712,12.77520479474749,13.563257884979247,13.435243625640869,11.542423243522643,1.5010503771898347,2020,2,February,Q1,Tuesday
2020-02-26,12.438106511050464,12.528937798145424,12.326016504295644,12.356938362121582,7767000,12.28736400604248,0.06957435607910156,0.5662268656229985,0.20292129384977997,1.6314484336462094,12.640199933733259,13.513654867808023,13.422179317474365,11.55633198261261,1.4863390466286006,2020,2,February,Q1,Wednesday
2020-02-27,11.964622952087852,12.121161908878763,11.76556655898767,11.767499923706056,10030000,12.356938362121582,-0.5894384384155256,-4.770100984094605,0.3555953498910931,2.9720564644207275,12.481451851981026,13.439057127634685,13.396359996795654,11.568902220726013,1.66037155965552,2020,2,February,Q1,Thursday
2020-02-28,11.496939943191508,12.070917156432674,11.46988388995791,12.020669937133787,13613000,11.767499923706056,0.2531700134277308,2.1514341624741418,0.6010332664747651,5.2277672967292235,12.346999440874372,13.37850284576416,13.372975749969482,11.58234335899353,1.727568431231082,2020,2,February,Q1,Friday
2020-03-02,12.291230870260335,12.418781347124812,12.041927246603596,12.399455070495604,10589500,12.020669937133787,0.3787851333618164,3.1511149989376985,0.37685410052121604,3.0660403705624484,12.275769778660365,13.324003918965657,13.3591383934021,11.596233487129211,1.8186477780196866,2020,3,March,Q1,Monday
2020-03-03,12.324084480945697,12.467096350399984,12.090242242828722,12.21006202697754,8572500,12.399455070495604,-0.18939304351806285,-1.5274303785230203,0.3768541075712619,3.057866960859585,12.199570792061943,13.264093812306722,13.341667823791504,11.607192249298096,1.8297969755753536,2020,3,March,Q1,Tuesday
2020-03-04,12.326017231074504,12.55212970124411,12.285433154217104,12.52120876312256,6119000,12.21006202697754,0.31114673614501953,2.548281372015593,0.2666965470270064,2.163687929582405,12.223314012799944,13.216809940338134,13.329724445343018,11.619119138717652,1.9093313256294584,2020,3,March,Q1,Wednesday
2020-03-05,12.339546808885173,12.366602861506252,12.15981573671199,12.260310173034668,6299500,12.52120876312256,-0.2608985900878924,-2.083653383819384,0.2067871247942623,1.6758080989276194,12.219449179513115,13.159219010670979,13.3124857711792,11.630136475563049,1.9306590647998323,2020,3,March,Q1,Thursday
2020-03-06,12.136624426990856,12.221657464468215,12.012938835988662,12.198466300964355,5828000,12.260310173034668,-0.0618438720703125,-0.504423388947628,0.2087186284795539,1.7197420068085885,12.19681031363351,13.09821376800537,13.293314514160157,11.641971654891968,1.9260200401058125,2020,3,March,Q1,Friday
2020-03-09,11.245702301929198,11.686331632059394,11.208984035818622,11.311410903930664,6874000,12.198466300964355,-0.8870553970336914,-7.271860044926837,0.4773475962407723,4.2447112988121996,12.131654739379883,13.012213706970215,13.25763900756836,11.649891757965088,2.2935807160587762,2020,3,March,Q1,Monday
2020-03-10,11.806152764525848,11.817747424861793,11.413838189137303,11.659276008605955,15586500,11.311410903930664,0.3478651046752912,3.075346724027228,0.40390923572448933,3.4211757528508557,12.080027035304479,12.941481113433838,13.227915840148926,11.661622262001037,2.3922679023989795,2020,3,March,Q1,Tuesday
2020-03-11,11.392578865911725,11.46988212655948,11.100758734431803,11.1683988571167,6749000,11.659276008605955,-0.49087715148925604,-4.2101855306189595,0.3691233921276762,3.2400336786971717,11.904161861964635,12.849812221527099,13.189302825927735,11.670281867980957,2.465639296204203,2020,3,March,Q1,Wednesday
2020-03-12,10.538377253477917,10.720039824929824,9.952804543741864,10.159590721130373,10360500,11.1683988571167,-1.0088081359863263,-9.032701543816158,0.7672352811879595,7.280393012451262,11.611237389700753,12.725933615366618,13.130745544433594,11.673714408874512,2.894820020789848,2020,3,March,Q1,Thursday
2020-03-13,10.890109928615784,10.951951812728328,10.29873884842179,10.88431167602539,10061500,10.159590721130373,0.7247209548950178,7.133367620682884,0.6532129643065385,5.998221951737147,11.377394948686872,12.630464013417562,13.085600395202636,11.681676058769225,3.2529929466264504,2020,3,March,Q1,Friday
2020-03-16,10.049433617955954,10.408894812193717,9.844579874517796,9.987591743469238,7294500,10.88431167602539,-0.8967199325561523,-8.238646220792589,0.5643149376759204,5.6153904700422475,11.052720887320381,12.51128797531128,13.018423767089844,11.684865126609802,3.5300541252755293,2020,3,March,Q1,Monday
2020-03-17,10.321929649432327,10.700716244582226,10.1750528760579,10.667861938476562,8512000,9.987591743469238,0.6802701950073242,6.811153403943893,0.5256633685243255,5.092685053838119,10.834063121250697,12.412855116526286,12.968640422821045,11.691966080665589,3.7983666937843976,2020,3,March,Q1,Tuesday
2020-03-18,10.586693464336106,11.228310803252144,10.064895920003485,10.58862590789795,18132500,10.667861938476562,-0.07923603057861328,-0.7427545560261373,1.1634148832486595,10.989407478056394,10.730808121817452,12.295547262827556,12.913291282653809,11.698882784843445,3.7099579414443244,2020,3,March,Q1,Wednesday
2020-03-19,10.602153134484226,10.830198045075262,10.358647755037172,10.706512451171877,11914500,10.58862590789795,0.11788654327392756,1.1133318364377809,0.4715502900380901,4.447684202035722,10.594699042184013,12.198209412892659,12.85608678817749,11.706051759719848,3.695645977070755,2020,3,March,Q1,Thursday
2020-03-20,10.915233365036071,10.996402456161931,10.207908242963306,10.254290580749512,8065000,10.706512451171877,-0.45222187042236506,-4.223801844762876,0.788494213198625,7.22379620141103,10.464112145560128,12.079097938537597,12.788832912445068,11.710978899002075,3.724550577384206,2020,3,March,Q1,Friday
2020-03-23,10.424355600188091,10.51325444939586,9.968265771945834,10.223366737365724,7963000,10.254290580749512,-0.030923843383787286,-0.3015697979325882,0.5449886774500268,5.228032296214006,10.473223005022321,11.968360869089762,12.718757457733155,11.716387186050415,3.720098844575491,2020,3,March,Q1,Monday
2020-03-24,10.88044582801556,11.01572608947754,10.737434870958184,11.01572608947754,11409500,10.223366737365724,0.7923593521118164,7.7504737183671235,0.2782912185193567,2.5577188923894774,10.491996492658343,11.883520412445069,12.665186214447022,11.72439902305603,4.037196733193796,2020,3,March,Q1,Tuesday
2020-03-25,11.282423637289796,11.466019610429868,10.884311670496835,11.147143363952637,6125000,11.01572608947754,0.13141727447509588,1.192996933725765,0.5817079399330325,5.155877483720929,10.65764672415597,11.802094237009685,12.611228504180907,11.732335844039916,4.048040420060355,2020,3,March,Q1,Wednesday
2020-03-26,11.336535633819356,11.69406348599072,11.20898514686603,11.692131042480469,7327000,11.147143363952637,0.544987678527832,4.889034443480833,0.4850783391246889,4.278893965433272,10.803970881870814,11.735935433705647,12.564962482452392,11.742804942131043,4.164795400379603,2020,3,March,Q1,Thursday
2020-03-27,11.561771683156056,11.75576095468274,11.391061309215338,11.507454872131348,9717000,11.692131042480469,-0.1846761703491211,-1.5794911096886133,0.3646996454674021,3.1543577875588076,10.935232162475586,11.67115790049235,12.51836561203003,11.752774500846863,4.164074216170357,2020,3,March,Q1,Friday
2020-03-30,11.627728073403086,11.72666292674629,11.472536654440942,11.672346115112305,6076000,11.507454872131348,0.16489124298095703,1.4329080132244432,0.25412627230534746,2.185519567546718,11.073208400181361,11.61683702468872,12.471124076843262,11.763289170265198,4.175736710205609,2020,3,March,Q1,Monday
2020-03-31,11.49775484512691,11.736362150968867,11.36972183711684,11.48029613494873,5289500,11.672346115112305,-0.19204998016357422,-1.6453417185335661,0.36664031385202733,3.1887991941959037,11.24835205078125,11.570222345987956,12.420582695007324,11.771244511604309,4.149143272154514,2020,3,March,Q1,Tuesday
2020-04-01,11.23780749107664,11.33480164573418,10.98950053112498,11.028298377990724,5554500,11.48029613494873,-0.45199775695800604,-3.93716112933723,0.34530111460919954,3.072673338490495,11.363342285156252,11.505771064758301,12.362354164123536,11.776198129653931,4.197268381562029,2020,4,April,Q2,Wednesday
2020-04-02,11.323162430617131,11.503572468481076,11.233927288500604,11.427916526794434,5539500,11.028298377990724,0.39961814880370916,3.6235703379338347,0.269645179980472,2.381359285736007,11.422226633344378,11.456766192118327,12.311151733398438,11.783043856620788,4.262641810552964,2020,4,April,Q2,Thursday
2020-04-03,11.251387287512149,11.35420163340584,11.012780007885002,11.1505126953125,3339000,11.427916526794434,-0.2774038314819336,-2.4274226262636756,0.3414216255208373,3.0344846977206026,11.422707966395787,11.403668117523193,12.253589515686036,11.78776083946228,4.277312011055293,2020,4,April,Q2,Friday
2020-04-06,11.606387745920523,11.877973626421747,11.54237124587636,11.80813694000244,5984000,11.1505126953125,0.6576242446899396,5.897704102578127,0.33560238054538694,2.8915316969601186,11.439280237470355,11.38543914159139,12.211923999786377,11.794841175079346,4.393347458867676,2020,4,April,Q2,Monday
2020-04-07,12.172837945443412,12.201936103396786,11.728601935627076,11.767399787902832,6735500,11.80813694000244,-0.0407371520996076,-0.3449922058542776,0.4733341677697105,3.888445487331004,11.476415225437709,11.368107000986734,12.171646919250488,11.8023921251297,4.392723252244608,2020,4,April,Q2,Tuesday
2020-04-08,11.84887373978048,12.09912046159861,11.779037983118249,12.048683166503906,5563000,11.767399787902832,0.2812833786010742,2.3903613684498115,0.3200824784803604,2.7013747087686535,11.530177661350795,11.35783182779948,12.13425127029419,11.811436195373535,4.4141222444362676,2020,4,April,Q2,Wednesday
2020-04-09,12.071960762633609,12.114638113505192,11.833353513412264,11.945867538452148,5696500,12.048683166503906,-0.10281562805175781,-0.8533349796896572,0.28128460009292766,2.3300655595534163,11.596687861851283,11.363777414957683,12.095649642944336,11.820544171333314,4.324865120088123,2020,4,April,Q2,Thursday
2020-04-13,11.83335657887182,11.848875535480476,11.544312890113993,11.65682601928711,7758500,11.945867538452148,-0.28904151916503906,-2.4195942089149547,0.3045626453664827,2.5737637781512652,11.686477524893624,11.351649284362793,12.053818168640136,11.828293633460998,4.332115569227919,2020,4,April,Q2,Monday
2020-04-14,11.988546446985922,12.037043989512894,11.813956588907985,11.916770935058594,8812500,11.65682601928711,0.2599449157714844,2.2299802308225702,0.22308740060490884,1.8608377720469687,11.756313868931361,11.33555981318156,12.020896129608154,11.837111630439757,4.312147965299764,2020,4,April,Q2,Tuesday
2020-04-15,12.066141765911883,12.066141765911883,11.879912466478148,12.040923118591309,11036500,11.916770935058594,0.12415218353271484,1.0418273893934238,0.18622929943373556,1.5434038738037446,11.883515357971191,11.329921849568684,11.989297637939453,11.846849012374879,4.307136877387674,2020,4,April,Q2,Wednesday
2020-04-16,12.108819515446616,12.118519208224992,11.94780794537461,12.073901176452637,13701000,12.040923118591309,0.032978057861328125,0.2738831361725813,0.17071126285038218,1.4098092934048143,11.921481677464076,11.315011596679687,11.948618431091308,11.855479726791382,4.281473342827886,2020,4,April,Q2,Thursday
2020-04-17,12.442481753100964,12.500678062438965,12.31638851618375,12.500678062438965,15911500,12.073901176452637,0.4267768859863281,3.534705806758276,0.184289546255215,1.4811317381219837,12.026235716683525,11.32302385965983,11.926099033355714,11.866273221969605,4.311411035161114,2020,4,April,Q2,Friday
2020-04-20,12.335787664654797,12.49873806766846,12.260131723964031,12.328027725219728,12184500,12.500678062438965,-0.1726503372192365,-1.3811277784842924,0.23860634370442924,1.9342611123900726,12.066142082214355,11.327342573801676,11.89610689163208,11.875201635360717,4.319001112625574,2020,4,April,Q2,Monday
2020-04-21,12.068082404617488,12.153437114486398,11.912890088918196,12.037043571472168,11018500,12.328027725219728,-0.29098415374756037,-2.3603463606127972,0.24054702556820118,1.993249776585575,12.079167229788643,11.351530329386394,11.865938186645508,11.882376508712769,4.117283242939518,2020,4,April,Q2,Tuesday
2020-04-22,12.16119668869288,12.217453242371649,12.11851933504049,12.159256935119627,4186500,12.037043571472168,0.12221336364745916,1.0153104698989779,0.09893390733115837,0.8135211514434609,12.150943074907575,11.368196360270183,11.837904529571533,11.890518865585328,4.086284896911439,2020,4,April,Q2,Wednesday
2020-04-23,12.304749993004044,12.318329194536515,12.019585835808408,12.038984298706056,4927500,12.159256935119627,-0.12027263641357067,-0.9891446249991387,0.29874335872810676,2.4278702037665085,12.168402126857213,11.397215874989827,11.806885643005371,11.898329577445985,4.007392963522085,2020,4,April,Q2,Thursday
2020-04-24,12.258192476331786,12.258192476331786,12.07584266595027,12.21357536315918,5790500,12.038984298706056,0.17459106445312322,1.450214238354719,0.1823498103815151,1.487575029790057,12.193066733224052,11.465682029724121,11.777619247436524,11.906627931594848,3.5992390168938218,2020,4,April,Q2,Friday
2020-04-27,12.32026943783056,12.390106127069773,12.264012875677109,12.308629989624023,6166500,12.21357536315918,0.09505462646484375,0.7782702741702119,0.12609325139266403,1.0234618003197453,12.226599420819964,11.513159306844075,11.754776229858399,11.915170369148255,3.386950156623636,2020,4,April,Q2,Monday
2020-04-28,12.392044588439164,12.423082497076813,12.199995100582832,12.205814361572266,4860500,12.308629989624023,-0.10281562805175781,-0.8353133381897915,0.22308739649398035,1.8002468834086016,12.184476034981865,11.587100060780843,11.73285306930542,11.922476243972778,2.9755705934452994,2020,4,April,Q2,Tuesday
2020-04-29,12.494858214203488,12.580213845569322,12.382344183087984,12.527836799621582,5968000,12.205814361572266,0.3220224380493164,2.6382708151218903,0.19786966248133808,1.5836087059908404,12.213020188467842,11.649099222819011,11.725835075378418,11.931392230987548,2.7711803408745257,2020,4,April,Q2,Wednesday
2020-04-30,12.446360825256564,12.50067762541007,12.298929378409388,12.463820457458496,5544500,12.527836799621582,-0.06401634216308594,-0.51099278500355,0.2017482470006815,1.620941653814883,12.273988315037318,11.711605707804361,11.71587474822998,11.941702818870544,2.767704653698423,2020,4,April,Q2,Thursday
2020-05-01,12.265951843761304,12.341607789750231,12.058383393233909,12.168956756591797,3126000,12.463820457458496,-0.2948637008666992,-2.3657569673209533,0.2832243965163226,2.309029092270372,12.275374003819056,11.76035385131836,11.701292629241943,11.950173029899597,2.817097288526001,2020,5,May,Q2,Friday
2020-05-04,12.085540834177769,12.130157941716924,11.90125129323323,12.015704154968262,3840500,12.168956756591797,-0.15325260162353516,-1.2593733767729876,0.2289066484836937,1.8940538253476282,12.272048268999372,11.81906763712565,11.686737613677979,11.958281569480896,2.6963446476787,2020,5,May,Q2,Monday
2020-05-05,12.199995309663434,12.36488639903427,12.178656168975802,12.296990394592283,4786000,12.015704154968262,0.28128623962402166,2.3409883931580833,0.1862302300584684,1.5264778824214646,12.283964702061244,11.88818842569987,11.685577297210694,11.968075885772706,2.710211593558486,2020,5,May,Q2,Tuesday
2020-05-06,12.40368463589139,12.465761381185478,12.267891697747215,12.405624389648438,4568000,12.296990394592283,0.10863399505615412,0.8834193698640913,0.19786968343826317,1.5952492283277344,12.297821044921875,11.9345183690389,11.687942504882812,11.978278517723083,2.35701878305086,2020,5,May,Q2,Wednesday
2020-05-07,12.467701184860116,12.529777930402746,12.395924745479702,12.487099647521973,4502000,12.405624389648438,0.08147525787353516,0.656760637872611,0.1338531849230442,1.073599558879274,12.338004657200404,11.979183578491211,11.69054573059082,11.988300914764404,2.3530116790837994,2020,5,May,Q2,Thursday
2020-05-08,12.609313297001703,12.78196433105943,12.529777843116106,12.708248138427734,4788500,12.487099647521973,0.22114849090576172,1.7710156653522713,0.2521864879433249,2.0000017606295093,12.363777705601283,12.01305414835612,11.709360694885254,11.99876437664032,2.2128334473306386,2020,5,May,Q2,Friday
2020-05-11,12.758685593667318,12.813002399429742,12.663630258569352,12.797483444213867,4584000,12.708248138427734,0.08923530578613281,0.7021841627116165,0.14937214086038964,1.170748661872579,12.411443846566337,12.05605510075887,11.724896965026856,12.010203828811646,2.1849838626875124,2020,5,May,Q2,Monday
2020-05-12,12.787782821909085,12.880897471457777,12.716006387352882,12.723766326904297,5701000,12.797483444213867,-0.07371711730957031,-0.576028229541492,0.1648910841048945,1.2894423247663347,12.49070235661098,12.091102441151937,11.731383190155029,12.021033868789672,2.182312513356638,2020,5,May,Q2,Tuesday
2020-05-13,12.35324736679503,12.425023806054488,12.085541922413798,12.178656578063965,12719000,12.723766326904297,-0.545109748840332,-4.284185474922642,0.33948188364069054,2.7481185599278333,12.51398127419608,12.114381122589112,11.730755081176758,12.029234695434571,2.3131347313780566,2020,5,May,Q2,Wednesday
2020-05-14,12.20969470385706,12.349367141723633,12.099120420750369,12.349367141723633,6649500,12.178656578063965,0.17071056365966797,1.401719168000426,0.25024672097326395,2.049573941387827,12.521463666643415,12.158416748046875,11.72731824874878,12.035977158546448,2.1838098484613226,2020,5,May,Q2,Thursday
2020-05-15,12.322208627986004,12.523956880826017,12.31444868844792,12.41726303100586,6206000,12.349367141723633,0.06789588928222656,0.5497924590227132,0.20950819237809704,1.7002487029984654,12.523126329694476,12.191394964853922,11.730457305908203,12.043290286064147,2.097802288118614,2020,5,May,Q2,Friday
2020-05-18,12.22133324706756,12.504557609155595,12.161196263332071,12.42890167236328,9884500,12.41726303100586,0.011638641357420099,0.0937295225877044,0.3433613458235243,2.809524451073387,12.514812333243231,12.234007930755615,11.735066013336182,12.05163453578949,2.0343846388223947,2020,5,May,Q2,Monday
2020-05-19,12.471579388469015,12.481279081292689,12.221333603710947,12.231032371520996,10592000,12.42890167236328,-0.19786930084228338,-1.5920095440312476,0.25994547758174136,2.084302793454388,12.446638652256556,12.248104445139568,11.753458442687988,12.059827513694763,1.777558700742012,2020,5,May,Q2,Tuesday
2020-05-20,12.26595005367239,12.38622401821093,12.232972394857374,12.254310607910156,10732500,12.231032371520996,0.023278236389160156,0.19032110848926642,0.15325162335355635,1.249406875806357,12.369042532784599,12.264334805806477,11.765359134674073,12.069418063163758,1.7752837442376264,2020,5,May,Q2,Wednesday
2020-05-21,12.221333823726107,12.295049085477649,12.062262003600528,12.170896530151367,6073000,12.254310607910156,-0.08341407775878906,-0.6806917208785679,0.23278708187712027,1.904760030572071,12.290061133248466,12.268408584594727,11.785409088134765,12.07729109287262,1.7296299437476639,2020,5,May,Q2,Thursday
2020-05-22,12.260132868704204,12.283410839155612,12.14179863759205,12.267891883850098,4243500,12.170896530151367,0.09699535369873047,0.7969450192797378,0.14161220156356258,1.1550625354562722,12.302809034075056,12.279142729441325,11.82757511138916,12.085138554573058,1.7262098331758742,2020,5,May,Q2,Friday
2020-05-26,12.18059487181472,12.25237130247079,12.05838207436282,12.062261581420898,7175500,12.267891883850098,-0.20563030242919922,-1.6761665686009009,0.19398922810797004,1.5926088187765877,12.261793954031807,12.292657248179118,11.851134109497071,12.091264286041259,1.6937766818276863,2020,5,May,Q2,Tuesday
2020-05-27,12.124339284824522,12.22715363015907,12.03122463292112,12.215514183044434,7623000,12.062261581420898,0.15325260162353516,1.2705130011405608,0.19592899723794943,1.6159973144531246,12.232972690037318,12.302615356445312,11.895692558288575,12.098291139602662,1.6614671339447897,2020,5,May,Q2,Wednesday
2020-05-28,12.333846644243453,12.673328491141566,12.333846644243453,12.527836799621582,8034500,12.215514183044434,0.31232261657714844,2.5567701195146064,0.33948184689811356,2.7524409593381733,12.247106279645648,12.318845812479655,11.932892055511475,12.107370891571044,1.7134170775483861,2020,5,May,Q2,Thursday
2020-05-29,12.454121973861495,12.562755584716797,12.347427191755791,12.562755584716797,5884000,12.527836799621582,0.034918785095214844,0.27872956563634865,0.21532839296100548,1.728972892773438,12.29449531010219,12.335140959421794,11.972374649047852,12.1159894657135,1.713429734597692,2020,5,May,Q2,Friday
2020-06-01,12.591853575325487,12.735405516525113,12.523956649409389,12.70436668395996,7118000,12.562755584716797,0.1416110992431623,1.127229597743984,0.21144886711572397,1.6792513179320245,12.358789035252162,12.34193058013916,12.012331733703613,12.127184891700745,1.6020317008510019,2020,6,June,Q2,Monday
2020-06-02,12.799421292630456,12.96237261067405,12.7877818466978,12.948793411254885,7103000,12.70436668395996,0.24442672729492543,1.9239583788425163,0.17459076397624962,1.3640520144201678,12.469917161124092,12.362622769673665,12.06622179031372,12.138928146362305,1.6126647278911852,2020,6,June,Q2,Tuesday
2020-06-03,12.803300878946008,13.001170536013774,12.79748161845041,12.956552505493164,13616000,12.948793411254885,0.007759094238279474,0.05992136867003506,0.2036889175633636,1.5909094028893247,12.568297249930245,12.393273067474365,12.12088550567627,12.150026245117187,1.5402921800357094,2020,6,June,Q2,Wednesday
2020-06-04,12.997291500446993,13.076827877527435,12.814941701802796,12.838220596313477,5837000,12.956552505493164,-0.1183319091796875,-0.9132978014754989,0.2618861757246389,2.0149288466418738,12.679148537772042,12.41590518951416,12.157335395812987,12.160542321205138,1.5477893112279226,2020,6,June,Q2,Thursday
2020-06-05,12.915815222311329,13.103985191466844,12.909995961673658,13.057427406311035,6372500,12.838220596313477,0.2192068099975586,1.7074547703324505,0.19398922979318556,1.5019511076473153,12.799421855381556,12.449853293100993,12.195541076660156,12.172212238311767,1.555058672009594,2020,6,June,Q2,Friday
2020-06-08,13.094286620029914,13.344533349151408,13.055488770748893,13.299915313720703,6963000,13.057427406311035,0.24248790740966797,1.8570879229431236,0.28904457840251574,2.207409894024875,12.909718785967145,12.486064624786376,12.22769676208496,12.18414092540741,1.567317215366574,2020,6,June,Q2,Monday
2020-06-09,13.276636143545064,13.34647282580941,13.171882045162222,13.278575897216797,4933500,13.299915313720703,-0.02133941650390625,-0.16044776226425972,0.17459078064718803,1.3150227117738096,13.011978830610003,12.51839615503947,12.26311918258667,12.197773914337159,1.5667350881188407,2020,6,June,Q2,Tuesday
2020-06-10,13.579261107326635,13.695654662959214,13.414370005593712,13.67819595336914,9316500,13.278575897216797,0.39962005615234375,3.0095098995977843,0.2812846573655019,2.0714282989501975,13.151097297668457,12.567475541432698,12.303236179351806,12.214300880432129,1.629611154201924,2020,6,June,Q2,Wednesday
2020-06-11,13.612238769269792,13.61611827668882,13.01669090480544,13.06906795501709,13922000,13.67819595336914,-0.6091279983520508,-4.4532773212831,0.5994273718833796,4.403591371293107,13.168279375348773,12.585516579945882,12.335011615753174,12.226163854599,1.7983292555627632,2020,6,June,Q2,Thursday
2020-06-12,13.52494467769852,13.546282895568584,12.972074116724851,13.247539520263672,11803500,13.06906795501709,0.17847156524658203,1.3656028560022015,0.5742087788437331,4.2455536235246445,13.209848948887416,12.611640548706054,12.379396438598633,12.238928823471069,1.8069148532096937,2020,6,June,Q2,Friday
2020-06-15,13.261117441925222,13.577320421786244,13.1699425425203,13.526883125305176,8200500,13.247539520263672,0.2793436050415039,2.1086451911633386,0.40737787926594393,3.071972486858556,13.308229310171944,12.6569047609965,12.421375770568847,12.252994174957275,1.7704669257590608,2020,6,June,Q2,Monday
2020-06-16,13.67431364079383,13.676254319382602,13.346472161253596,13.453166007995604,5146000,13.526883125305176,-0.07371711730957209,-0.5449675037974333,0.3297821581290066,2.4116907567863994,13.364763396126884,12.704820156097412,12.46742883682251,12.265621681213378,1.7525291364234645,2020,6,June,Q2,Tuesday
2020-06-17,13.765489170400002,13.9245600603912,13.720871139052376,13.885762214660645,6876500,13.453166007995604,0.43259620666504084,3.2155717576660914,0.20368892133882355,1.4797071053371413,13.448455810546875,12.757779216766357,12.508981342315673,12.280229139328004,1.7928713578886948,2020,6,June,Q2,Wednesday
2020-06-18,13.89934230926361,13.938140157491992,13.854725200057116,13.87994384765625,4600000,13.885762214660645,-0.005818367004394531,-0.04190167535961242,0.0834149574348757,0.6001360034084594,13.53436551775251,12.806923198699952,12.551232223510743,12.294306592941284,1.7926105447539686,2020,6,June,Q2,Thursday
2020-06-19,13.91292106673744,13.938139713533308,13.724751092567228,13.769369125366213,7569500,13.87994384765625,-0.11057472229003729,-0.7966510780136105,0.21338862096608047,1.5337442075786878,13.547390256609235,12.849665514628093,12.585645942687988,12.306790809631348,1.8047702655799052,2020,6,June,Q2,Friday
2020-06-22,13.82174603856443,13.930380564098744,13.765489484725308,13.910981178283691,3029500,13.769369125366213,0.1416120529174787,1.0284570892692413,0.1648910793734366,1.1929829915364492,13.66766357421875,12.889756615956625,12.624948215484618,12.318990893363953,1.7895268470686996,2020,6,June,Q2,Monday
2020-06-23,13.930381351109997,14.033195696702949,13.887703069911176,13.8974027633667,5948500,13.910981178283691,-0.013578414916992188,-0.09760932563254165,0.1454926267917731,1.0444267326549537,13.760501180376325,12.926420593261719,12.669759750366211,12.331450600624084,1.7895556142297129,2020,6,June,Q2,Tuesday
2020-06-24,13.848905689825749,13.866364398625638,13.637457730418184,13.70535373687744,3232500,13.8974027633667,-0.1920490264892596,-1.3819058838497322,0.2289066682074541,1.6528863242647605,13.785996982029506,12.959140173594157,12.705531406402589,12.342198686599732,1.8089596397609025,2020,6,June,Q2,Wednesday
2020-06-25,13.610299229421454,13.796529476323457,13.524944508978418,13.773250579833984,3411500,13.70535373687744,0.06789684295654475,0.49540379810739665,0.27158496734503856,1.9954371521674699,13.83172334943499,13.012293306986491,12.740177955627441,12.35399910926819,1.5920508988092243,2020,6,June,Q2,Thursday
2020-06-26,13.62969830460881,13.66073621587155,13.424069598705358,13.517184257507324,4766500,13.773250579833984,-0.25606632232666016,-1.8591567825069433,0.23666661716619153,1.7364039311579185,13.779069355555944,13.05122054417928,12.769043617248535,12.363738913536071,1.6337168803710014,2020,6,June,Q2,Friday
2020-06-29,13.33483501319006,13.35617415622194,13.22038120740651,13.330955505371094,4860500,13.517184257507324,-0.18622875213623047,-1.3777185291589111,0.13579294881543014,1.0183324254189232,13.700642449515206,13.081676959991455,12.785649166107177,12.372354927062988,1.6618085417545714,2020,6,June,Q2,Monday
2020-06-30,13.313494947150868,13.427948744999483,13.280517282948388,13.410490036010742,3683500,13.330955505371094,0.07953453063964844,0.5966153784520811,0.14743146205109525,1.1073836181734238,13.649374008178711,13.114396572113037,12.807298412322998,12.381262645721435,1.6627104615613426,2020,6,June,Q2,Tuesday
2020-07-01,13.41824828729241,13.763549414957394,13.41824828729241,13.654915809631348,7748500,13.410490036010742,0.24442577362060547,1.8226460999132499,0.34530112766498355,2.573369640148907,13.612793241228376,13.161859353383383,12.839655857086182,12.39176817893982,1.6478655363055796,2020,7,July,Q3,Wednesday
2020-07-02,13.676256458794589,13.676256458794589,13.573442103119357,13.623878479003906,5435000,13.654915809631348,-0.031037330627441406,-0.22729785419511872,0.1028143556752319,0.751772650542222,13.573718343462263,13.207511615753173,12.868948287963867,12.402147426605225,1.6512915655155578,2020,7,July,Q3,Thursday
2020-07-06,13.680134793101766,13.736391350810292,13.637457436392324,13.682074546813965,6987500,13.623878479003906,0.058196067810058594,0.4271622644002937,0.09893391441796773,0.7231940029410774,13.570392744881767,13.257884216308593,12.901810092926025,12.413617196083068,1.639398580546483,2020,7,July,Q3,Monday
2020-07-07,13.54434139376791,13.590899181319342,13.394970187898782,13.416308403015137,4540000,13.682074546813965,-0.2657661437988281,-1.9424404017789443,0.19592899342056036,1.4465745341498273,13.519401005336217,13.29616476694743,12.925864753723145,12.423526945114135,1.6921934564702423,2020,7,July,Q3,Tuesday
2020-07-08,13.491964930765102,13.550162167729868,13.381390643038896,13.538522720336914,2667500,13.416308403015137,0.12221431732177734,0.9109384910555018,0.16877152469097112,1.2509039680805072,13.522449357169014,13.345373471577963,12.950462608337402,12.434269313812257,1.6528103430742598,2020,7,July,Q3,Wednesday
2020-07-09,13.835325745176029,13.901281994337504,13.672374413415309,13.876063346862791,4748000,13.538522720336914,0.33754062652587713,2.4931865425674493,0.2289075809221952,1.6545152975672333,13.600321905953544,13.400725110371907,12.983867588043212,12.446699385643006,1.6897081292740015,2020,7,July,Q3,Thursday
2020-07-10,14.16122760206314,14.376555045144205,14.085571663948429,14.34357738494873,8334500,13.876063346862791,0.4675140380859393,3.369212336376637,0.29098338119577605,2.05478924124758,13.733620098658971,13.46124979654948,13.020182399749755,12.461669325828552,1.7308209979247733,2020,7,July,Q3,Friday
2020-07-13,14.646203134045098,14.867350792905562,14.386256699054789,14.425054550170898,9073000,14.34357738494873,0.08147716522216797,0.5680393603039624,0.48109409385077306,3.284770048917797,13.843639918736049,13.523326428731282,13.059407081604004,12.475437936782837,1.730543583986828,2020,7,July,Q3,Monday
2020-07-14,14.236884937780228,14.47355154305393,14.186447640752435,14.456092834472656,3788000,14.425054550170898,0.031038284301757812,0.21516926812168435,0.2871039023014941,2.0166202336833554,13.962527683803014,13.58171730041504,13.105149803161622,12.490488810539246,1.7267216524675721,2020,7,July,Q3,Tuesday
2020-07-15,14.764534796155594,15.107896156532574,14.721857442187035,14.904207229614258,9926000,14.456092834472656,0.44811439514160156,3.0998306407731935,0.3860387143455384,2.614635135311243,14.137118067060198,13.646897761027018,13.16291986465454,12.508220882415772,1.774124290766703,2020,7,July,Q3,Wednesday
2020-07-16,14.801392801361423,14.950764001870125,14.77229372267922,14.89838695526123,4677000,14.904207229614258,-0.005820274353027344,-0.03905121730636285,0.17847027919090408,1.2057667922608504,14.348843574523926,13.711625576019287,13.21494779586792,12.525575985908509,1.7750340380580358,2020,7,July,Q3,Thursday
2020-07-17,14.735438612075184,14.82661351797661,14.634564011925416,14.758716583251951,5458500,14.89838695526123,-0.13967037200927912,-0.9374865374936148,0.19204950605119286,1.3033172008454157,14.523156983511788,13.775642108917236,13.26200963973999,12.543363289833069,1.7756949824999053,2020,7,July,Q3,Friday
2020-07-20,14.972102691953278,15.228168656585485,14.91584613988035,15.166091918945312,4375000,14.758716583251951,0.40737533569336115,2.760235508253106,0.31232251670513556,2.086029752340615,14.707446779523577,13.845930926005046,13.315589485168458,12.564279389381408,1.8108239894619194,2020,7,July,Q3,Monday
2020-07-21,15.179672837716527,15.183553270205358,14.966285126365449,14.997323036193848,3491000,15.166091918945312,-0.16876888275146484,-1.1128040345096513,0.21726814383990956,1.4313097927912464,14.800839015415736,13.902511183420817,13.361370983123779,12.583288722038269,1.8161590099970606,2020,7,July,Q3,Tuesday
2020-07-22,14.9895641290806,15.05358062794921,14.900328981414852,15.005083084106444,2085000,14.997323036193848,0.00776004791259588,0.05174288700635632,0.15325164653435763,1.0223889448328976,14.883700234549385,13.960061422983806,13.405522975921631,12.601544499397278,1.8142443025323467,2020,7,July,Q3,Wednesday
2020-07-23,15.03030139219353,15.129235306374207,14.780054663646292,14.82467269897461,3040500,15.005083084106444,-0.18041038513183416,-1.2023284650981125,0.3491806427279158,2.32317791650721,14.936354500906807,13.998277314503987,13.447541103363037,12.619555296897888,1.7697004768288462,2020,7,July,Q3,Thursday
2020-07-24,14.714099437361746,14.849892381498568,14.615164591276542,14.832432746887209,2677500,14.82467269897461,0.007760047912599433,0.052345492343564004,0.23472779022202594,1.59525760459393,14.926101003374372,14.057056140899657,13.500616626739502,12.638435907363892,1.5285825808727063,2020,7,July,Q3,Friday
2020-07-27,15.067159821527024,15.249509624268407,15.059399881511208,15.233990669250488,4556000,14.832432746887209,0.4015579223632795,2.7072964308404,0.19010974275719938,1.2617490290743605,14.974044391087123,14.123271179199218,13.558309097290039,12.658686547279357,1.5756816866755885,2020,7,July,Q3,Monday
2020-07-28,15.228169218614184,15.228169218614184,15.051638691781427,15.057458877563477,2396000,15.233990669250488,-0.17653179168701172,-1.1588020205587912,0.1765305268327566,1.1592367033653275,15.016721861703056,14.174290370941161,13.611113014221191,12.678576335906982,1.5720540860147836,2020,7,July,Q3,Tuesday
2020-07-29,15.059400387943862,15.274728786726598,15.045821186219817,15.19907283782959,2652000,15.057458877563477,0.14161396026611328,0.940490433463026,0.2289076005067816,1.5200313067579947,15.021433421543666,14.232487265268961,13.666516437530518,12.698391494750977,1.5656289813492361,2020,7,July,Q3,Wednesday
2020-07-30,15.026420332369604,15.278606804094895,15.001201685197074,15.232049942016602,3121500,15.19907283782959,0.03297710418701172,0.21696786730920348,0.27740511889782127,1.8461157931289922,15.054965836661202,14.277363522847493,13.726536788940429,12.718661422729491,1.4739899966106949,2020,7,July,Q3,Thursday
2020-07-31,14.933307151337262,15.125356654452023,14.919727949602708,15.123416900634766,5564500,15.232049942016602,-0.10863304138183594,-0.7131872715449683,0.20562870484931572,1.3769803484615388,15.071870667593819,14.318812624613445,13.783918914794922,12.73775043964386,1.4847194356815319,2020,7,July,Q3,Friday
2020-08-03,15.268907092494684,15.792678496591456,15.261148077997836,15.765520095825195,10748500,15.123416900634766,0.6421031951904297,4.245754774924437,0.5315304185936203,3.4811294310310528,15.206277438572474,14.38535099029541,13.855811386108398,12.75964412689209,1.6345057299837449,2020,8,August,Q3,Monday
2020-08-04,16.20975543135864,16.324209215933067,16.006067433401054,16.172897338867188,8477500,15.765520095825195,0.4073772430419922,2.5839759206540025,0.3181417825320132,1.962656277444821,15.3977723802839,14.460748195648193,13.93391149520874,12.782492446899415,1.6771116791160279,2020,8,August,Q3,Tuesday
2020-08-05,15.848937854582733,15.866396564282836,15.65688834782654,15.761642456054688,5895500,16.172897338867188,-0.4112548828125,-2.5428646098195395,0.20950821645629603,1.3219069844211455,15.473151206970215,14.522889518737793,14.007899112701416,12.804086518287658,1.765118627370869,2020,8,August,Q3,Wednesday
2020-08-06,15.685987457196756,15.73642475754206,15.588992364220784,15.61033058166504,5649000,15.761642456054688,-0.15131187438964666,-0.9600006776674608,0.14743239332127622,0.9398987071970021,15.552132878984724,14.586388746897379,14.075795440673827,12.824953022003173,1.7517703267034013,2020,8,August,Q3,Thursday
2020-08-07,15.616150682562328,15.660767796077096,15.346504547572025,15.524975776672363,5508000,15.61033058166504,-0.08535480499267756,-0.5467840962505299,0.31426324850507115,2.0124245397810556,15.598690441676549,14.644779586791993,14.135738220214844,12.84559567451477,1.7611366876525605,2020,8,August,Q3,Friday
2020-08-10,15.606450069498296,15.606450069498296,15.46677762560956,15.528854370117188,3223000,15.524975776672363,0.0038785934448242188,0.024982927513828024,0.13967244388873645,0.8949661407094517,15.641091074262347,14.711835257212321,14.195060195922851,12.866634578704835,1.7101069356330312,2020,8,August,Q3,Monday
2020-08-11,15.503634926555064,15.58122969694348,15.367841997094612,15.38918113708496,5198000,15.528854370117188,-0.13967323303222834,-0.8994432538501185,0.21338769984886774,1.3763720628081306,15.679057393755231,14.78044277826945,14.248756484985352,12.886926803588867,1.6943719400651456,2020,8,August,Q3,Tuesday
2020-08-12,15.424099108708615,15.70926231122825,15.414399415761878,15.66270637512207,6168000,15.38918113708496,0.27352523803711115,1.777386565279726,0.29486289546637146,1.911702546697775,15.664369719369072,14.855516656239827,14.303034744262696,12.908702602386475,1.7104881381604111,2020,8,August,Q3,Wednesday
2020-08-13,15.8217790698017,16.1379820657436,15.765521584319789,16.037107467651367,8971000,15.66270637512207,0.3744010925292969,2.3903984634735753,0.3724604814238113,2.354099875751074,15.64497116633824,14.934923044840495,14.36464584350586,12.93181893825531,1.7282990614397558,2020,8,August,Q3,Thursday
2020-08-14,16.1767777056743,16.219455986097582,16.07784379426957,16.087543487548828,7097000,16.037107467651367,0.05043601989746094,0.31449574057662577,0.14161219182801332,0.8754042022741046,15.691528456551689,15.017045211791991,14.429632301330566,12.955013537406922,1.7226993306796279,2020,8,August,Q3,Friday
2020-08-17,16.203935463301033,16.23885472772501,16.04680524848854,16.188417434692383,6187000,16.087543487548828,0.10087394714355469,0.6270313874932265,0.19204947923646998,1.1852026914784197,15.774112292698451,15.100589974721272,14.492252101898194,12.976944184303283,1.722515094429796,2020,8,August,Q3,Monday
2020-08-18,16.266016794383216,16.275716489463683,16.029348304480667,16.097246170043945,3991000,16.188417434692383,-0.0911712646484375,-0.5631882487355022,0.24636818498301594,1.5146190250343823,15.85586520603725,15.189954566955567,14.548198719024658,12.998650889396668,1.6705891179810508,2020,8,August,Q3,Tuesday
2020-08-19,15.81013965237834,15.920713951203366,15.717025913915885,15.7325439453125,6771500,16.097246170043945,-0.3647022247314453,-2.2656187330360567,0.2036880372874812,1.2883380018521224,15.884963716779437,15.263088607788086,14.597278079986573,13.017944641113282,1.7504338920442775,2020,8,August,Q3,Wednesday
2020-08-20,15.338744029840196,15.435738187770143,15.299946181665485,15.40470027923584,6123500,15.7325439453125,-0.32784366607666016,-2.0838566681667614,0.13579200610465847,0.8852876470230346,15.887180737086705,15.31404317220052,14.631808166503907,13.035473561286926,1.7715510932053455,2020,8,August,Q3,Thursday
2020-08-21,15.228170052462772,15.311585936473074,15.169973741537447,15.276667594909668,6685000,15.40470027923584,-0.12803268432617188,-0.8311273962191223,0.14161219493562704,0.9299357338915771,15.832032339913505,15.345146179199219,14.675960159301757,13.052487931251527,1.6899532887159723,2020,8,August,Q3,Friday
2020-08-24,15.501696252206496,15.573471766693174,15.396941223607984,15.47453784942627,4242500,15.276667594909668,0.19787025451660156,1.2952448777672876,0.17653054308519067,1.1387821062489434,15.751665251595634,15.380128955841064,14.72050012588501,13.071177711486817,1.7002425354914945,2020,8,August,Q3,Monday
2020-08-25,15.360083062078065,15.44543777245401,15.356202629778316,15.396940231323242,3180000,15.47453784942627,-0.07759761810302734,-0.5014535416700938,0.08923514267569388,0.5809548185061785,15.653007643563408,15.411490535736084,14.757901268005371,13.08979838848114,1.705748145475393,2020,8,August,Q3,Tuesday
2020-08-26,15.596751070978195,15.753883155490056,15.546313771631088,15.736424446105955,4503000,15.396940231323242,0.33948421478271307,2.204881032739703,0.20756938385896895,1.3308501425351698,15.58843721662249,15.43923110961914,14.803566436767579,13.11010681629181,1.6609627750494909,2020,8,August,Q3,Wednesday
2020-08-27,15.751940734147157,15.751940734147157,15.513334390566689,15.600628852844238,5164000,15.736424446105955,-0.13579559326171697,-0.8629380436883216,0.23860634358046795,1.5147742592962885,15.517491885593959,15.462639172871908,14.83786376953125,13.128470430374145,1.6717339585666617,2020,8,August,Q3,Thursday
2020-08-28,15.338743990194876,15.451258027114829,15.286366941545074,15.4008207321167,5050000,15.600628852844238,-0.19980812072753906,-1.2807696575071748,0.16489108556975474,1.0749973118735117,15.470102855137416,15.484042644500732,14.868281307220458,13.145438828468322,1.6807057999996278,2020,8,August,Q3,Friday
2020-08-31,15.257267932066377,15.321284427934996,15.216530330152468,15.255328178405762,3886000,15.4008207321167,-0.1454925537109375,-0.9447064948138073,0.10475409778252853,0.6865849000551771,15.448763983590263,15.487017186482747,14.89800048828125,13.161525149345398,1.617654734719321,2020,8,August,Q3,Monday
2020-09-01,15.369782145455424,15.540492494721445,15.276667493584291,15.422159194946287,5309500,15.255328178405762,0.16683101654052557,1.0935917902879178,0.26382500113715324,1.7165175058461168,15.469548497881208,15.501178391774495,14.928224048614503,13.17887080192566,1.6139592282021873,2020,9,September,Q3,Tuesday
2020-09-02,15.439618808217276,15.519154259192463,15.286367167307858,15.42021942138672,4444500,15.422159194946287,-0.0019397735595667598,-0.012577833849636288,0.2327870918846049,1.5077256425573857,15.461788722446986,15.515016269683837,14.958680381774903,13.196003823280334,1.6140760283340223,2020,9,September,Q3,Wednesday
2020-09-03,15.296066510910912,15.31740472592012,14.880928707365022,15.01090145111084,5346500,15.42021942138672,-0.4093179702758807,-2.6544237736862986,0.43647601855509777,2.853518048210322,15.406640325273786,15.521223894755046,14.98479133605957,13.2107230758667,1.6752013765526885,2020,9,September,Q3,Thursday
2020-09-04,15.08849686502611,15.222350038559329,14.665600054829142,15.065217971801758,6207500,15.01090145111084,0.05431652069091797,0.36184716066400835,0.556749983730187,3.6898969374523154,15.310753686087471,15.528983402252198,15.010630683898926,13.226235704421997,1.6761365779131145,2020,9,September,Q3,Friday
2020-09-08,14.880929195104446,14.91002735062487,14.71797785916544,14.745136260986328,6311500,15.065217971801758,-0.3200817108154297,-2.124640422823887,0.1920494914594304,1.2905745934374258,15.1885404586792,15.512688255310058,15.035189723968506,13.240553774833678,1.6453925407100758,2020,9,September,Q3,Tuesday
2020-09-09,14.910026170393236,15.121475032137768,14.849890110413035,15.03030014038086,4441500,14.745136260986328,0.28516387939453125,1.9339521476585908,0.2715849217247328,1.8214919183979543,15.135608945574079,15.511782964070639,15.0691766166687,13.256259007453918,1.6731376940864067,2020,9,September,Q3,Wednesday
2020-09-10,15.086557170849764,15.119535757216436,14.82079150134992,14.840190887451172,4898500,15.03030014038086,-0.1901092529296875,-1.264840030831682,0.29874425586651654,1.980201662203952,15.076303618294853,15.499820232391357,15.09777063369751,13.271322903633118,1.6791657641377116,2020,9,September,Q3,Thursday
2020-09-11,14.972103696665146,15.012841298315154,14.789753903557305,14.941065788269045,4130500,14.840190887451172,0.10087490081787287,0.6797412619750975,0.2230873947578491,1.4900203690650307,15.007575988769531,15.490120760599773,15.123493633270265,13.286311402320862,1.6839742784606933,2020,9,September,Q3,Friday
2020-09-14,15.001202574505154,15.181613547674829,14.989564052055858,15.076858520507812,3381000,14.941065788269045,0.13579273223876775,0.9088557279855136,0.19204949561897067,1.2802273328763831,14.958524431501116,15.48856881459554,15.152553234100342,13.300674376487732,1.6880029751795145,2020,9,September,Q3,Monday
2020-09-15,14.911968204518397,14.995384094848644,14.787815633464986,14.832432746887209,6918000,15.076858520507812,-0.2444257736206037,-1.621198297298676,0.2075684613836586,1.391958851687763,14.933028902326312,15.457465902964275,15.175560398101807,13.313264422416687,1.5100353509791191,2020,9,September,Q3,Tuesday
2020-09-16,15.107897502460531,15.131176397613112,14.915848004972323,14.935246467590332,8946000,14.832432746887209,0.10281372070312322,0.6931682917942217,0.21532839264078873,1.425270409768927,14.914461544581822,15.416210873921711,15.20593915939331,13.326600456237793,1.4273654870269907,2020,9,September,Q3,Wednesday
2020-09-17,14.968223717498056,15.187431598049317,14.882868084579105,15.055519104003906,7307500,14.935246467590332,0.12027263641357422,0.8052939512887658,0.30456351347021204,2.0347338416259317,14.95880195072719,15.392673428853353,15.23627908706665,13.340731105804444,1.372150400499792,2020,9,September,Q3,Thursday
2020-09-18,15.53467380478164,15.552132512542965,15.195191942652686,15.317404747009276,6060000,15.055519104003906,0.2618856430053693,1.739466046944349,0.3569405698902788,2.2977023809821544,14.99981689453125,15.382909234364828,15.26510591506958,13.354905333518982,1.404885488953877,2020,9,September,Q3,Friday
2020-09-21,15.082677203712322,15.199070741729669,14.937184587430428,15.183551788330078,3812500,15.317404747009276,-0.13385295867919744,-0.87386186426478,0.26188615429924056,1.7363373276647605,15.048868451799665,15.371528434753419,15.281905403137207,13.367733902931214,1.410104467418237,2020,9,September,Q3,Monday
2020-09-22,15.33874420965831,15.340683963337735,15.096257424470242,15.2669677734375,3654000,15.183551788330078,0.08341598510742188,0.5493838745393775,0.24442653886749355,1.593523795211254,15.095425878252302,15.362798881530761,15.298743667602539,13.381066517829895,1.4144951469629934,2020,9,September,Q3,Tuesday
2020-09-23,15.22817138955761,15.235931330035395,14.935247280474323,15.001203536987305,4365500,15.2669677734375,-0.2657642364501953,-1.740779442218976,0.3006840495610721,1.9745249896994177,15.084618023463658,15.34986629486084,15.309645881652832,13.392983345985412,1.44008786597592,2020,9,September,Q3,Wednesday
2020-09-24,14.93136601703003,15.22429009166969,14.900328108796035,15.088497161865234,4173500,15.001203536987305,0.08729362487792969,0.5819108091073888,0.3239619828736551,2.1696741108895123,15.121198654174805,15.33072598775228,15.313331680297852,13.40471821308136,1.4031270111812542,2020,9,September,Q3,Thursday
2020-09-25,14.925545520856062,15.012840907843405,14.81885167287911,14.987622261047363,3088500,15.088497161865234,-0.1008749008178711,-0.6685549908364785,0.19398923496429532,1.299712862710622,15.128680910382952,15.295743147532145,15.315116386413575,13.415581512451173,1.3236881772111637,2020,9,September,Q3,Friday
2020-09-28,15.197587504857516,15.197587504857516,14.975753623768504,15.038022994995115,3951000,14.987622261047363,0.05040073394775213,0.3362823873586773,0.2218338810890117,1.459665101570287,15.126181466238839,15.260759131113689,15.320702514648438,13.426474571228027,1.3239956882549502,2020,9,September,Q3,Monday
2020-09-29,15.067209791662792,15.143100492534606,14.999103109297304,15.076939582824709,2245500,15.038022994995115,0.038916587829593396,0.2587879260627979,0.14399738323730205,0.9557003932936592,15.091829299926758,15.223709869384766,15.318919467926026,13.436808500289917,1.317600733199706,2020,9,September,Q3,Tuesday
2020-09-30,14.934887886047363,15.069155477347834,14.843429148690753,14.934887886047363,3533500,15.076939582824709,-0.14205169677734553,-0.9421785900048829,0.22572632865708187,1.5114029002384572,15.056305885314941,15.184964593251546,15.317670764923095,13.446190609931946,1.3227281727232854,2020,9,September,Q3,Wednesday
2020-10-01,14.966023619684387,14.967969392525792,14.818133749129167,14.876511573791504,3598500,14.934887886047363,-0.058376312255859375,-0.39087211568823443,0.14983564339662436,1.0011720361014917,15.000526428222656,15.156430180867513,15.315099334716797,13.454623756408692,1.2668866175365305,2020,10,October,Q4,Thursday
2020-10-02,14.399762153625488,14.584623554405804,14.325817222159763,14.399762153625488,6960000,14.876511573791504,-0.4767494201660156,-3.2047124609906663,0.2588063322460403,1.7972958822856637,14.91460623059954,15.122932243347169,15.306601123809815,13.461165952682496,1.339462674133431,2020,10,October,Q4,Friday
2020-10-05,14.565165221200674,14.637163453633452,14.506787398256783,14.607975006103516,4231000,14.399762153625488,0.20821285247802734,1.4459464695089075,0.13037605537666863,0.895122392342633,14.845960208347865,15.100642490386964,15.30211196899414,13.468787875175476,1.3676190661665464,2020,10,October,Q4,Monday
2020-10-06,14.465924202080917,14.479545540222125,14.288845878361126,14.310251235961914,4254000,14.607975006103516,-0.29772377014160156,-2.038090632118461,0.1906996618609984,1.3182680843410362,14.749192919049944,15.061832936604818,15.28363718032837,13.47474724292755,1.382320519619307,2020,10,October,Q4,Tuesday
2020-10-07,14.39587067766143,14.39587067766143,14.22463060208862,14.277170181274414,6192000,14.310251235961914,-0.0330810546875,-0.23117032777431046,0.1712400755728094,1.1895082930866319,14.640499659946986,15.024507268269856,15.268031406402589,13.480521874427795,1.3815132203523224,2020,10,October,Q4,Wednesday
2020-10-08,14.351115334511585,14.45814026737476,14.30830554694313,14.425060272216797,3724500,14.277170181274414,0.1478900909423828,1.0358501654365027,0.14983472043163104,1.0440632448358091,14.547374044145856,14.980795129140217,15.252551155090332,13.486862030029297,1.3254622422269806,2020,10,October,Q4,Thursday
2020-10-09,14.467868109922744,14.563218392503678,14.386140091611043,14.506786346435549,3778500,14.425060272216797,0.08172607421875178,0.5665562061890173,0.1770783008926351,1.223941907316576,14.48621668134417,14.944333712259928,15.23804588317871,13.493920030593872,1.3295118653440456,2020,10,October,Q4,Friday
2020-10-12,14.413383583618923,14.571002311272022,14.411437810865284,14.514571189880373,3854500,14.506786346435549,0.007784843444824219,0.053663459700281635,0.15956450040673786,1.107057891584082,14.434510912214007,14.91479206085205,15.225868968963622,13.500765714645386,1.3155120079497218,2020,10,October,Q4,Monday
2020-10-13,14.553489544091176,14.629380249389472,14.450356164257697,14.534029960632324,4535000,14.514571189880373,0.01945877075195135,0.1340636970764697,0.17902408513177548,1.2301110643561124,14.453692027500697,14.89074878692627,15.201239166259766,13.507940616607666,1.3088682689757194,2020,10,October,Q4,Tuesday
2020-10-14,14.51846383493403,14.574894960599456,14.452302916879509,14.47954559326172,4714000,14.534029960632324,-0.05448436737060369,-0.37487446715179784,0.1225920437199477,0.8443871549617338,14.435344968523298,14.859328333536784,15.167372131347657,13.514901070594787,1.2879327291167604,2020,10,October,Q4,Wednesday
2020-10-15,14.32192559636428,14.32192559636428,14.12344193174132,14.257710456848145,5645500,14.47954559326172,-0.221835136413576,-1.5320586891677812,0.19848366462296063,1.3858727535447264,14.427839142935616,14.820578034718832,15.137293491363526,13.520481777191161,1.3099192838331881,2020,10,October,Q4,Thursday
2020-10-16,14.15846880766999,14.21295415635594,14.098145212833971,14.140955924987791,5313000,14.257710456848145,-0.11675453186035334,-0.8188869609445204,0.11480894352196813,0.8108853088673919,14.4083799634661,14.79157985051473,15.107905998229981,13.524454441070556,1.2345643027336037,2020,10,October,Q4,Friday
2020-10-19,14.341384005525386,14.372519152326236,14.168198173017815,14.19154930114746,4111000,14.140955924987791,0.05059337615966797,0.3577790386169566,0.2043209793084202,1.4246949891983947,14.375021253313337,14.76245756149292,15.081237468719483,13.529627041816711,1.2345016608359956,2020,10,October,Q4,Monday
2020-10-20,14.522355152801657,14.763648618536411,14.512626288449331,14.70527172088623,6079000,14.19154930114746,0.5137224197387713,3.619917803458117,0.2510223300870802,1.72852355865056,14.403376306806292,14.761128743489584,15.064765815734864,13.536372985839844,1.3631366141700134,2020,10,October,Q4,Tuesday
2020-10-21,14.658570095322784,14.678029680638346,14.47760022015491,14.52430248260498,4366000,14.70527172088623,-0.18096923828125,-1.2306419202320118,0.20042946048343602,1.367319316823327,14.404766491481237,14.744262154897054,15.047468242645264,13.54116081237793,1.3303652632129823,2020,10,October,Q4,Wednesday
2020-10-22,14.571002990337393,14.588516801704396,14.440626930927271,14.516517639160156,3309500,14.52430248260498,-0.007784843444824219,-0.053598742205673844,0.14788987077712434,1.01496012920453,14.402264731270927,14.733473046620686,15.024544467926026,13.545658478736877,1.3122248319099572,2020,10,October,Q4,Thursday
2020-10-23,14.631324898607408,14.705269825458332,14.499003081630764,14.678027153015137,3756000,14.516517639160156,0.16150951385498047,1.1125913105997753,0.20626674382756782,1.4097612161370296,14.430619239807129,14.724705092112224,14.9973628616333,13.550412917137146,1.3230328479560483,2020,10,October,Q4,Friday
2020-10-26,14.740296471245712,14.872619224031729,14.701378232869589,14.827862739562988,4212500,14.678027153015137,0.14983558654785156,1.0208155700071275,0.17124099116213998,1.161720128873828,14.512069565909249,14.716405232747396,14.972169246673584,13.55608078956604,1.3259875871542472,2020,10,October,Q4,Monday
2020-10-27,15.041913167814348,15.234558582517726,14.973806484197183,15.074994087219238,7336500,14.827862739562988,0.24713134765625,1.666668703351748,0.2607520983205429,1.7335035471317726,14.64550358908517,14.724490610758464,14.949900779724121,13.562230615615844,1.3272641605211484,2020,10,October,Q4,Tuesday
2020-10-28,15.937033281994394,15.94676307373328,15.394123707763924,15.878656387329102,13637000,15.074994087219238,0.8036623001098633,5.331095292377053,0.5526393659693554,3.46764266718151,14.88651888711112,14.755937608083089,14.945528984069824,13.571596736907958,1.6371730296604314,2020,10,October,Q4,Wednesday
2020-10-29,16.298973512653077,16.32232278398334,16.065462241671803,16.234758377075195,9225500,15.878656387329102,0.35610198974609375,2.242645605898108,0.25686054231153577,1.5759307916669234,15.1050169808524,14.795245583852132,14.955573272705077,13.583584036827087,1.675559193688554,2020,10,October,Q4,Thursday
2020-10-30,16.199731138639592,16.355404085767763,16.069356019697903,16.27951431274414,7396500,16.234758377075195,0.04475593566894531,0.27567971527155954,0.2860480660698599,1.7657581080934002,15.355761528015137,14.82731590270996,14.973069553375245,13.594809494018556,1.6522962918753565,2020,10,October,Q4,Friday
2020-11-02,16.36902664533412,16.71929173042812,16.353460462918953,16.637563705444336,10388500,16.27951431274414,0.3580493927001953,2.199386209083043,0.3658312675091686,2.23489933418519,15.658768108912877,14.87578296661377,15.000287475585937,13.607960486412049,1.6774537817215829,2020,11,November,Q4,Monday
2020-11-03,16.7348568275407,16.978096014826072,16.7348568275407,16.814638137817383,5297000,16.637563705444336,0.17707443237304688,1.0643050599716153,0.24323918728537208,1.4534883076207215,15.963998249598912,14.927371978759766,15.02708948135376,13.622335052490234,1.682521743869092,2020,11,November,Q4,Tuesday
2020-11-04,16.61420965618605,16.981987559745942,16.573345650875808,16.814638137817383,5196000,16.814638137817383,0.0,0.0,0.4086419088701341,2.4595928264212223,16.247823306492396,14.987819798787434,15.055443439483643,13.636468052864075,1.6378567045458294,2020,11,November,Q4,Wednesday
2020-11-05,17.269984246806157,17.6844644477291,17.26414600088343,17.589113235473633,9116500,16.814638137817383,0.77447509765625,4.60595756690354,0.42031844684566977,2.4338090923470403,16.606983184814453,15.071173667907715,15.092497215270996,13.65427050113678,1.8095591816504983,2020,11,November,Q4,Thursday
2020-11-06,17.33809347255078,17.54630695382743,17.252473894789496,17.3945255279541,6972500,17.589113235473633,-0.19458770751953125,-1.1062962919988872,0.293833059037933,1.694725313963279,16.823535919189453,15.151403776804607,15.128375148773193,13.671786065101623,1.8212679407393704,2020,11,November,Q4,Friday
2020-11-09,17.513225747950525,17.513225747950525,16.851614700549487,16.853561401367188,9424500,17.3945255279541,-0.5409641265869141,-3.1099677063197273,0.6616110474010384,3.7777794731987795,16.911936351231166,15.211921723683675,15.157429962158202,13.687147603034973,1.9377878003631541,2020,11,November,Q4,Monday
2020-11-10,16.74458695783704,16.820478588913986,16.59475225205021,16.717344284057617,6500500,16.853561401367188,-0.1362171173095703,-0.8082393629783247,0.22572633686377586,1.3480555682391928,16.974483489990234,15.26660188039144,15.18667028427124,13.701141996383667,1.9501955087460392,2020,11,November,Q4,Tuesday
2020-11-11,16.828261281958984,17.25830951777019,16.78545242747072,17.14155387878418,6737000,16.717344284057617,0.4242095947265625,2.5375417740909123,0.47285709029947043,2.8098986721011086,17.04648208618164,15.340157413482666,15.221058177947999,13.717470021247864,1.9732332073261503,2020,11,November,Q4,Wednesday
2020-11-12,17.02090295265353,17.151279899545703,16.902202494977,16.950851440429688,6045000,17.14155387878418,-0.1907024383544922,-1.112515467985209,0.24907740456870187,1.4633618748755695,17.06594112941197,15.40930207570394,15.251670818328858,13.733482279777526,1.988542744432566,2020,11,November,Q4,Thursday
2020-11-13,17.312797058965685,17.52295538001655,17.22912232839805,17.458740234375,5474500,16.950851440429688,0.5078887939453125,2.9962435558484213,0.2938330516185026,1.6972015013965454,17.157955714634486,15.511268011728923,15.300627593994141,13.752961616516114,1.9159737219342716,2020,11,November,Q4,Friday
2020-11-16,17.64749610525562,17.727277443173794,17.522957345832697,17.600793838500977,5755500,17.458740234375,0.14205360412597656,0.8136532316706413,0.20432009734109613,1.1577851958287009,17.159624372209823,15.611028639475505,15.351339111328125,13.772861347198486,1.9105189569522822,2020,11,November,Q4,Monday
2020-11-17,17.55992906138351,17.649440188994173,17.419822267164704,17.45679473876953,8757500,17.600793838500977,-0.1439990997314453,-0.8181398012654051,0.22961792182946894,1.3076244273356865,17.168519973754883,15.715913422902425,15.405572280883788,13.789606013298034,1.863953167079126,2020,11,November,Q4,Tuesday
2020-11-18,17.291389930903875,17.4529011375398,17.17074459292924,17.17268943786621,3732000,17.45679473876953,-0.2841053009033203,-1.6274768945547358,0.2821565446105616,1.6317748066410782,17.214109693254745,15.812430731455485,15.448420066833496,13.807336220741272,1.9045145060888016,2020,11,November,Q4,Wednesday
2020-11-19,17.293335515117327,17.316686643229872,17.209660794028043,17.289443969726562,4499500,17.17268943786621,0.11675453186035156,0.6798849550199382,0.107025849201829,0.6188849404342508,17.29583821977888,15.907910188039144,15.497405128479004,13.824645266532897,1.9030375280444853,2020,11,November,Q4,Thursday
2020-11-20,17.301119197309376,17.565764706375365,17.29138940561589,17.50933265686035,3119500,17.289443969726562,0.21988868713378906,1.2718088998050492,0.27437530075947336,1.5858818012313531,17.348378045218332,16.007995065053304,15.54877046585083,13.844464535713195,1.9066706004093215,2020,11,November,Q4,Friday
2020-11-23,17.532686121385353,17.67084621260901,17.410092214330508,17.472362518310547,3714000,17.50933265686035,-0.03697013854980469,-0.21114533188858475,0.26075399827850276,1.487245003265359,17.42287962777274,16.10658810933431,15.596680545806885,13.864021649360657,1.910118997429435,2020,11,November,Q4,Monday
2020-11-24,17.71754282017988,17.81483887343641,17.51906102422728,17.668895721435547,6044500,17.472362518310547,0.196533203125,1.1248232911779343,0.29577784920913075,1.669406712945807,17.45290184020996,16.21108363469442,15.653409805297851,13.884416484832764,1.9096787927475762,2020,11,November,Q4,Tuesday
2020-11-25,18.17483698160195,18.194296566905678,17.884895470188333,18.141756057739254,8248500,17.668895721435547,0.4728603363037074,2.6762302735764187,0.3094010967173446,1.70235968020261,17.530182157244003,16.333157316843668,15.71753999710083,13.906740789413453,1.9331835450668169,2020,11,November,Q4,Wednesday
2020-11-27,18.287701042027056,18.388888668677613,18.25656681592728,18.305213928222656,3334500,18.141756057739254,0.163457870483402,0.9010035740926625,0.1323218527503336,0.7235565172803519,17.651384898594447,16.468074099222818,15.782533893585205,13.931012954711914,1.883577681191909,2020,11,November,Q4,Friday
2020-11-30,18.223480555653733,18.291587235243032,18.023052062038385,18.15342903137207,4848500,18.305213928222656,-0.15178489685058594,-0.8291894180846859,0.26853517320464704,1.4735668764512468,17.79149055480957,16.601823202768962,15.839254379272461,13.955270237922669,1.8838939943925825,2020,11,November,Q4,Monday
2020-12-01,18.31883104386084,18.45115472186612,18.28380527954647,18.423912048339844,6201000,18.15342903137207,0.27048301696777344,1.4899830577481232,0.16734944231965088,0.9135377793428278,17.953557423182897,16.74290196100871,15.904061584472656,13.982996115684509,1.8849709870079543,2020,12,December,Q4,Tuesday
2020-12-02,17.978298564900996,18.16510574395937,17.933541151109136,18.023054122924805,5942000,18.423912048339844,-0.40085792541503906,-2.1757481492708286,0.23156459285023345,1.2880228460679626,18.026946204049246,16.853494707743327,15.959183311462402,14.008302202224732,1.892598574539422,2020,12,December,Q4,Wednesday
2020-12-03,18.25267234321432,18.34996840797413,18.209861629335663,18.25851058959961,3773000,18.023054122924805,0.2354564666748047,1.3064182411532066,0.14010677863846865,0.7675959772025123,18.139253071376256,16.977968311309816,16.02432945251465,14.035104441642762,1.859866949233561,2020,12,December,Q4,Thursday
2020-12-04,18.272130617926727,18.371371520524576,18.252671035215634,18.36942481994629,2850500,18.25851058959961,0.11091423034667969,0.6074659255605352,0.11870048530894195,0.6496258580402512,18.23932865687779,17.10639855066935,16.08994800567627,14.063234291076661,1.8535289944182884,2020,12,December,Q4,Friday
2020-12-07,18.09699603160873,18.21764320380621,18.085319540999823,18.167049407958984,4507000,18.36942481994629,-0.2023754119873047,-1.101697053505768,0.13232366280638885,0.7311913124988731,18.242941992623464,17.222699292500813,16.1535365486145,14.092294507026672,1.8846507827289825,2020,12,December,Q4,Monday
2020-12-08,18.17483696500114,18.252673450376747,18.126188001786268,18.16899871826172,3589500,18.167049407958984,0.001949310302734375,0.010729922393903912,0.12648544859047917,0.695937184108167,18.22348267691476,17.334070491790772,16.216156063079833,14.121702680587768,1.8883021850776986,2020,12,December,Q4,Tuesday
2020-12-09,18.406398016656876,18.41418296351162,18.145645907571364,18.31688690185547,9943500,18.16899871826172,0.14788818359375,0.8139589081764154,0.2685370559402571,1.4589332236391086,18.24683380126953,17.44213358561198,16.28095500946045,14.151502423286438,1.879595963311501,2020,12,December,Q4,Wednesday
2020-12-10,18.233211382111875,18.328560738952984,18.161213153280336,18.30910301208496,3627000,18.31688690185547,-0.0077838897705078125,-0.042495702529665724,0.16734758567264763,0.9178173946736994,18.230432510375977,17.52314847310384,16.348439311981203,14.184210438728332,1.663548223509606,2020,12,December,Q4,Thursday
2020-12-11,18.35191196336216,18.48228894078644,18.322724445022835,18.423912048339844,4538000,18.30910301208496,0.11480903625488281,0.6270598629496194,0.159564495763604,0.8694706910220541,18.28769792829241,17.596120262145995,16.41938732147217,14.216226649284362,1.6306513367949285,2020,12,December,Q4,Friday
2020-12-14,18.47839981469645,18.49591269914653,18.163160471522296,18.16899871826172,4278500,18.423912048339844,-0.254913330078125,-1.383600450378264,0.3327522276242334,1.8007632206311779,18.274910518101283,17.65910307566325,16.494772052764894,14.245074367523193,1.6640505303420146,2020,12,December,Q4,Monday
2020-12-15,18.25267310895636,18.41612916845719,18.20402414665148,18.32077980041504,4121500,18.16899871826172,0.1517810821533203,0.835384957129004,0.21210502180570856,1.1620490902323304,18.267961229596818,17.715210278828938,16.569028148651125,14.27562795639038,1.6309300105511138,2020,12,December,Q4,Tuesday
2020-12-16,18.34412758844866,18.556232571604,18.301316880575083,18.507583618164062,4284000,18.32077980041504,0.18680381774902344,1.0196280932583068,0.2549156910289163,1.389631040232392,18.31660897391183,17.771641794840495,16.652974796295165,14.305559830665588,1.630260922932805,2020,12,December,Q4,Wednesday
2020-12-17,18.88898508662618,19.02520031642745,18.830608191435942,18.879255294799805,5998500,18.507583618164062,0.3716716766357422,2.0082128726462756,0.1945921249915088,1.0301883563309302,18.418074199131556,17.84046236673991,16.745016498565676,14.338654556274413,1.6571227544767309,2020,12,December,Q4,Thursday
2020-12-18,19.28400822672822,19.332657192166103,19.097201024444256,19.208118438720703,6448000,18.879255294799805,0.32886314392089844,1.741928581322183,0.2354561677218463,1.2209918444003613,18.545392990112305,17.894429206848145,16.840677661895754,14.373702816963196,1.4794312779387826,2020,12,December,Q4,Friday
2020-12-21,19.243141524611325,19.36768026068233,19.03298321939001,19.342382431030277,4695000,19.208118438720703,0.13426399230957387,0.6989960663659645,0.33469704129231914,1.7393056163114164,18.69300433567592,17.95935777028402,16.937389583587645,14.413857674598693,1.4566066052416509,2020,12,December,Q4,Monday
2020-12-22,19.06217421312277,19.130282767647596,18.929852361857584,18.964879989624023,3715000,19.342382431030277,-0.37750244140625355,-1.9516853353113373,0.20043040579001214,1.051456164176865,18.77028547014509,18.029735056559243,17.02639575958252,14.450385694503785,1.3743588604749868,2020,12,December,Q4,Tuesday
2020-12-23,19.09525513988116,19.09525513988116,18.92206926936209,18.964879989624023,3348000,18.964879989624023,0.0,0.0,0.1731858705190703,0.9069576146032481,18.883982794625418,18.10465291341146,17.115012760162355,14.48936810016632,1.357610134393551,2020,12,December,Q4,Wednesday
2020-12-24,18.964875931210727,18.984333658285585,18.785851851746354,18.84422874450684,1509000,18.964879989624023,-0.12065124511718395,-0.6361824866974897,0.1984818065392311,1.046575823955627,18.95876121520996,18.16140874226888,17.202306423187256,14.532791290283203,1.310578334318329,2020,12,December,Q4,Thursday
2020-12-28,19.106926787744275,19.126386369815265,19.036873405749443,19.06022453308105,4818000,18.84422874450684,0.21599578857421164,1.1462171867191673,0.08951296406582188,0.4684843620337627,19.03770991734096,18.23172117869059,17.298356704711914,14.573670854568482,1.2898972814620044,2020,12,December,Q4,Monday
2020-12-29,19.459139524268178,19.620650738627088,19.332655933898423,19.542814254760746,4944000,19.06022453308105,0.4825897216796946,2.531920444284941,0.28799480472866534,1.479997634887693,19.132504054478236,18.30119031270345,17.406393871307372,14.621446967124939,1.2601093726110761,2020,12,December,Q4,Tuesday
2020-12-30,19.420221259135637,19.644002784473308,19.39297858130173,19.61092185974121,3081000,19.542814254760746,0.0681076049804652,0.3485045914708662,0.25102420317157836,1.292591880504409,19.190047400338308,18.368194580078125,17.514781322479248,14.666162266731263,1.257502802785802,2020,12,December,Q4,Wednesday
2020-12-31,19.64011009616808,19.73156791725805,19.57783979633499,19.673189163208008,3353500,19.61092185974121,0.062267303466796875,0.3175133933638552,0.1537281209230592,0.7827253522018321,19.23730550493513,18.442074394226076,17.614139671325685,14.711585083007812,1.2374750508776213,2020,12,December,Q4,Thursday
2021-01-04,19.751024236011883,19.77437536481108,19.35405875796161,19.47275924682617,5320000,19.673189163208008,-0.2004299163818395,-1.0187972815138502,0.42031660684946814,2.1280749890585837,19.309859684535436,18.518743387858073,17.71310880661011,14.755416316986084,1.2076039413180828,2021,1,January,Q1,Monday
2021-01-05,19.85221080294096,20.144098969766304,19.848319257639485,20.06431579589844,5593500,19.47275924682617,0.5915565490722727,3.037867112585446,0.2957797121268193,1.4899081772948015,19.466921942574636,18.611239115397137,17.824064769744872,14.804466443061829,1.2979918473932281,2021,1,January,Q1,Tuesday
2021-01-06,19.54864907483108,19.84637550385908,19.513623309424496,19.66929626464844,4907500,20.06431579589844,-0.39501953125,-1.9687665169761281,0.33275219443458326,1.7021748825754017,19.584788731166295,18.683237902323405,17.923890151977538,14.851696090698242,1.365125332702117,2021,1,January,Q1,Wednesday
2021-01-07,19.669297816464347,19.865834798757827,19.626488956649556,19.84832191467285,3803500,19.66929626464844,0.1790256500244105,0.9101782169307793,0.23934584210827126,1.2168499574393798,19.697374071393693,18.762436548868816,18.024299335479736,14.895859069824219,1.3632360097820895,2021,1,January,Q1,Thursday
2021-01-08,20.09934229202404,20.23750049346182,20.031233757866403,20.23555564880371,7002000,19.84832191467285,0.3872337341308594,1.9509645994032265,0.20626673559541686,1.0262362449405573,19.796337127685547,18.847991879781087,18.127510566711425,14.941301131248474,1.3858114790167329,2021,1,January,Q1,Friday
2021-01-11,20.30172068085593,20.43209768035066,20.107130387837355,20.206371307373047,5183000,20.23555564880371,-0.029184341430664062,-0.14422307910476606,0.3249672925133069,1.600688422532302,19.881401334490096,18.916812388102212,18.214064865112306,14.983872332572936,1.3247708026132683,2021,1,January,Q1,Monday
2021-01-12,20.29588386330141,20.330909632809213,20.097400172631342,20.243343353271484,5961500,20.206371307373047,0.0369720458984375,0.1829722186929672,0.23350946017787066,1.150526194131893,19.962851933070592,18.981416702270508,18.29423656463623,15.027551774978638,1.3212979829204983,2021,1,January,Q1,Tuesday
2021-01-13,20.08961899304096,20.30366888797091,20.081834044589545,20.216102600097656,3972000,20.243343353271484,-0.027240753173828125,-0.13456647302989566,0.22183484338136594,1.1042262347444691,20.069043840680802,19.050172487894695,18.3729683303833,15.070270557403564,1.30602008606173,2021,1,January,Q1,Wednesday
2021-01-14,20.16939315441169,20.233608285614103,20.08961184338308,20.12463760375977,4155500,20.216102600097656,-0.09146499633788707,-0.4524363481289706,0.1439964422310247,0.7139354224920152,20.07766124180385,19.106863339742024,18.44270980834961,15.11349226474762,1.2965728471207634,2021,1,January,Q1,Thursday
2021-01-15,19.807457493858134,19.984536743409613,19.756863687667447,19.858051300048828,5138000,20.12463760375977,-0.26658630371094105,-1.3246762945988921,0.2276730557421658,1.1494309949308854,20.10462624686105,19.168029912312825,18.503578071594237,15.15764102935791,1.2489053085072774,2021,1,January,Q1,Friday
2021-01-19,19.854158631998445,19.93394181040124,19.78994349145435,19.893075942993164,3505000,19.858051300048828,0.03502464294433594,0.1763750249967888,0.14399831894689186,0.7252803889398436,20.111019679478236,19.22251542409261,18.565146827697752,15.199966826438903,1.2354474690526005,2021,1,January,Q1,Tuesday
2021-01-20,19.93199424539121,20.159665422622435,19.93199424539121,20.02150535583496,4370000,19.893075942993164,0.12842941284179688,0.6455985650978935,0.2276711772312261,1.1422398302361016,20.080441066196986,19.2775847752889,18.61379467010498,15.244321789741516,1.2358011346939854,2021,1,January,Q1,Wednesday
2021-01-21,20.025398536712327,20.081828727375303,19.828859724473972,19.955345153808597,3246000,20.02150535583496,-0.06616020202636363,-0.3304456925217303,0.25296900290133095,1.2632407911261583,20.04458018711635,19.337194633483886,18.66501106262207,15.285057830810548,1.2135695992243016,2021,1,January,Q1,Thursday
2021-01-22,19.774377482359935,19.8347010835703,19.6595685267062,19.67513656616211,3798000,19.955345153808597,-0.2802085876464879,-1.4041781061001068,0.1751325568641029,0.8856539581098462,19.96340778895787,19.3873992284139,18.721442565917968,15.324596514701843,1.252882414069359,2021,1,January,Q1,Friday
2021-01-25,19.400766436864348,19.447468707513107,19.034933220628087,19.31903839111328,7289000,19.67513656616211,-0.3560981750488281,-1.8098892165315683,0.4125354868850195,2.1263875745709746,19.835255759102957,19.420804278055826,18.773476448059082,15.36094829082489,1.304369114161217,2021,1,January,Q1,Monday
2021-01-26,19.4299507309726,19.494165878486857,19.34043960693125,19.402708053588867,3875000,19.31903839111328,0.08366966247558594,0.43309434342277964,0.15372627155560892,0.7911819936350085,19.7321229662214,19.457257779439292,18.818699531555175,15.398232493400574,1.3043874728400404,2021,1,January,Q1,Tuesday
2021-01-27,19.0271476428418,19.24119752363429,18.853961779588733,18.8753662109375,5576000,19.402708053588867,-0.5273418426513672,-2.717877531295565,0.38723574404555805,2.035174957982943,19.591739382062638,19.47230625152588,18.85718982696533,15.434325194358825,1.4057990874529764,2021,1,January,Q1,Wednesday
2021-01-28,18.75471748623541,19.15168484703024,18.719691718540396,19.001850128173828,7198500,18.8753662109375,0.12648391723632812,0.6701004675768063,0.43199312848984306,2.3033838222670875,19.46442140851702,19.500067965189615,18.888052024841308,15.469750590324402,1.381343551657955,2021,1,January,Q1,Thursday
2021-01-29,18.875362358385644,18.892875240075465,18.50369287453752,18.624340057373047,4296000,19.001850128173828,-0.37751007080078125,-1.9867016540723648,0.3891823655379447,2.061853744307298,19.264826365879603,19.510186640421548,18.90852294921875,15.50266767501831,1.4289458534376895,2021,1,January,Q1,Friday
2021-02-01,18.994067768259857,19.194498176729017,18.86369261626,19.17309188842773,7497500,18.624340057373047,0.548751831054684,2.946422957077832,0.33080556046901677,1.7416256723154964,19.153075899396622,19.53237024943034,18.942848892211913,15.538163628578186,1.514112503472894,2021,2,February,Q1,Monday
2021-02-02,19.361838759630537,19.42605388964026,19.29762362962081,19.31124496459961,6338500,19.17309188842773,0.13815307617187855,0.7205571066775329,0.1284302600194529,0.6633164422752563,19.101091384887695,19.546769905090333,18.985620002746582,15.572216463088989,1.476791585029589,2021,2,February,Q1,Tuesday
2021-02-03,21.07424430729433,21.850664166489945,20.81349222427996,21.65996360778809,15131000,19.31124496459961,2.34871864318848,12.162440316478973,1.0371719422099872,4.921514276319725,19.435509272984095,19.628498077392578,19.073030395507814,15.618876142501831,2.64396563938409,2021,2,February,Q1,Wednesday
2021-02-04,21.59574976489892,21.628830684340425,21.212405635643183,21.576292037963867,6912000,21.65996360778809,-0.0836715698242223,-0.38629598525334874,0.41642504869724206,1.9282731705573233,19.746021270751953,19.702961730957032,19.15436958312988,15.66657238483429,2.647627288091033,2021,2,February,Q1,Thursday
2021-02-05,22.967622546744327,23.059080366067143,22.424712021485156,22.71076011657715,10132500,21.576292037963867,1.1344680786132812,5.257938095281456,0.6343683445819863,2.7620113631304357,20.293934685843332,19.82782440185547,19.259137535095213,15.719329900741577,2.7522143230542593,2021,2,February,Q1,Friday
2021-02-08,22.25346939978921,22.50254686463839,22.25346939978921,22.498655319213867,5339000,22.71076011657715,-0.21210479736328125,-0.9339396668122113,0.24907746484917936,1.119274753857206,20.79347828456334,19.945616912841796,19.355732727050782,15.771628255844115,2.764926156615098,2021,2,February,Q1,Monday
2021-02-09,21.90515231345602,22.072501766880663,21.79229006646755,21.918773651123047,5071500,22.498655319213867,-0.5798816680908203,-2.5774058932117594,0.28021170041311194,1.2792045287034224,21.26411165509905,20.048101743062336,19.43127307891846,15.820154247283936,2.817227671543382,2021,2,February,Q1,Tuesday
2021-02-10,22.280713205470047,22.280713205470047,21.84872009334567,22.049150466918945,3032000,21.918773651123047,0.13037681579589844,0.5948180216241994,0.43199311212437763,1.9388657272349827,21.674977166312082,20.1477326075236,19.506151809692383,15.86885684967041,2.8149449277993464,2021,2,February,Q1,Wednesday
2021-02-11,22.18731157950341,22.327416507287616,22.074447472347103,22.17758178710937,2351500,22.049150466918945,0.12843132019042613,0.5824774082934248,0.2529690349405129,1.140151811696759,22.08445385524205,20.235558191935223,19.586634864807127,15.918715686798096,2.789361256376569,2021,2,February,Q1,Thursday
2021-02-12,21.951852185201307,22.109471829467527,21.94796063997229,22.09195709228516,2788500,22.17758178710937,-0.08562469482421164,-0.38608670524205024,0.16151118949523635,0.7357519909145436,22.1461672101702,20.318259366353352,19.659995765686034,15.966536288261414,2.7935790249194823,2021,2,February,Q1,Friday
2021-02-16,22.54341240263446,22.55314219473897,22.265147400364043,22.37217140197754,4247000,22.09195709228516,0.28021430969237926,1.2683996647369744,0.2879947943749279,1.2775119810223248,22.259864262172155,20.408225440979002,19.74697811126709,16.01607804298401,2.797606028453807,2021,2,February,Q1,Tuesday
2021-02-17,22.43833365408987,22.43833365408987,22.156175245231275,22.36244201660156,2961000,22.37217140197754,-0.009729385375980115,-0.0434887843525078,0.2821584088585958,1.2574837918374848,22.210104533604213,20.504548199971516,19.82905673980713,16.067045469284057,2.7854033274679044,2021,2,February,Q1,Wednesday
2021-02-18,22.03747490384052,22.15812210205889,21.87791039199025,22.090015411376957,2836000,22.36244201660156,-0.27242660522460227,-1.2182328075903137,0.28021171006864165,1.2715236717969378,22.151727403913224,20.572071520487466,19.903468551635743,16.117417025566102,2.7598486768440718,2021,2,February,Q1,Thursday
2021-02-19,22.185362969949693,22.924810426363127,22.16590338683587,22.48308753967285,9943000,22.090015411376957,0.3930721282958949,1.7794108377735762,0.7589070395272586,3.4207555700360013,22.232343673706055,20.665864562988283,19.98978931427002,16.168347511291504,2.7357068069581634,2021,2,February,Q1,Friday
2021-02-22,22.091961087915504,22.3604981707326,21.99466687228957,22.04331398010254,5482000,22.48308753967285,-0.4397735595703125,-1.9560194247978835,0.3658312984430303,1.6559475955402765,22.231509889875138,20.73903096516927,20.067275619506837,16.216535959243775,2.770036367282266,2021,2,February,Q1,Monday
2021-02-23,21.593805472695404,21.96158342981489,21.31554048483967,21.87790870666504,5336500,22.04331398010254,-0.1654052734375,-0.7503648207651703,0.6460429449752212,2.991797558758781,22.18869944981166,20.793776067097983,20.138496055603028,16.26349000453949,2.7612855078090264,2021,2,February,Q1,Tuesday
2021-02-24,21.07813772502264,21.39921342587201,21.03727371362072,21.32721519470215,7374000,21.87790870666504,-0.5506935119628906,-2.5171213544515902,0.3619397122512886,1.7171332542419844,22.079450607299805,20.831137530008952,20.19885829925537,16.30658483982086,2.8079065263495293,2021,2,February,Q1,Wednesday
2021-02-25,21.157917228338192,21.227970602475462,20.79208603412301,20.836841583251957,6690000,21.32721519470215,-0.49037361145019176,-2.2992857106445164,0.4358845683524528,2.060148754947599,21.860117776053293,20.850920804341634,20.247116889953613,16.346781630516052,2.845249019441243,2021,2,February,Q1,Thursday
2021-02-26,20.807659295460606,20.81933578967484,20.504096426646893,20.589717864990234,5014500,20.836841583251957,-0.2471237182617223,-1.1859941309932176,0.3152393630279491,1.515015978259129,21.606871468680247,20.86337464650472,20.295531272888184,16.386111388206483,2.8551250131964627,2021,2,February,Q1,Friday
2021-03-01,20.88549185299875,21.12483952586993,20.79208919571417,21.031435012817383,4678000,20.589717864990234,0.44171714782714844,2.1453288030635065,0.3327503301557613,1.5932128029246522,21.45564569745745,20.89360122680664,20.34974437713623,16.43037528038025,2.877145842752804,2021,3,March,Q1,Monday
2021-03-02,20.85630353581666,20.871869716884014,20.57803670790699,20.581928253173828,5412500,21.031435012817383,-0.4495067596435547,-2.1373090298860142,0.2938330089770247,1.4088450931509673,21.184051513671875,20.917730458577473,20.391231269836425,16.4715380859375,2.8956169655475805,2021,3,March,Q1,Tuesday
2021-03-03,20.70646581232976,20.73760002847581,20.33479635168123,20.33868789672852,5263500,20.581928253173828,-0.24324035644530895,-1.181815199495706,0.40280367679457996,1.945303850716662,20.9405335017613,20.93258419036865,20.420419921875,16.511145210266115,2.9059203481455356,2021,3,March,Q1,Wednesday
2021-03-04,20.103238230457755,20.24139831785676,19.60119168954633,19.817188262939453,8212500,20.33868789672852,-0.521499633789066,-2.5640770753601494,0.6402066283104304,3.1845945462680456,20.64614486694336,20.92577362060547,20.432601318359374,16.548086643218994,2.9444585232450335,2021,3,March,Q1,Thursday
2021-03-05,20.161613259401783,20.286151996585044,19.70821572418086,20.264745712280277,5269500,19.817188262939453,0.44755744934082387,2.258430628010988,0.5779362724041839,2.866517996195965,20.49436351231166,20.936086972554524,20.451048583984374,16.588255209922792,2.9720713711757583,2021,3,March,Q1,Friday
2021-03-08,19.914482938949597,20.04291322462909,19.498057860848704,19.50778579711914,6213000,20.264745712280277,-0.7569599151611364,-3.7353536328976755,0.5448553637803855,2.7359754478723324,20.304498400006974,20.930508613586426,20.46190670013428,16.624522585868835,3.0421889699501126,2021,3,March,Q1,Monday
2021-03-09,19.507786409280364,19.84637687323437,19.47665218724095,19.754919052124023,6442500,19.50778579711914,0.2471332550048828,1.266844210691409,0.36972468599341823,1.8952672447629966,20.185241426740372,20.94503796895345,20.47770748138428,16.6624426984787,3.03040629867487,2021,3,March,Q1,Tuesday
2021-03-10,19.93977776533823,19.982588476688697,19.558378475925657,19.651782989501957,5367000,19.754919052124023,-0.10313606262206676,-0.5220778801975245,0.42421000076303983,2.127456011573277,19.988148280552455,20.95334046681722,20.493858566284178,16.69936215400696,3.031987685111483,2021,3,March,Q1,Wednesday
2021-03-11,19.90280499329472,20.169395337231173,19.80356409097534,20.08182907104492,4577500,19.651782989501957,0.43004608154296164,2.1883311136332795,0.3658312462558335,1.838088884351138,19.916705540248326,20.993555895487468,20.514290657043457,16.739459991455078,3.0078049606491946,2021,3,March,Q1,Thursday
2021-03-12,20.075995580168684,20.352313899570383,19.947565285317115,20.34647750854492,4350500,20.08182907104492,0.2646484375,1.3178502643545809,0.40474861425326836,2.016082403669605,19.917818341936385,21.038376808166504,20.53036392211914,16.78011480808258,3.0132545923418816,2021,3,March,Q1,Friday
2021-03-15,20.408743257841493,20.517713952824423,20.27058318851615,20.507984161376957,4377500,20.34647750854492,0.16150665283203836,0.7937818856566636,0.24713076430827385,1.2109063315955073,20.016503470284597,21.101164944966634,20.548305168151856,16.82001554489136,2.9840606014126534,2021,3,March,Q1,Monday
2021-03-16,20.67339024879479,20.86992909859917,20.655877363663457,20.73566055297852,4119500,20.507984161376957,0.2276763916015625,1.1101841595448025,0.21405173493571183,1.0353973506991219,20.083777018955775,21.153250567118327,20.569554595947267,16.860880069732666,2.947854305717784,2021,3,March,Q1,Tuesday
2021-03-17,20.58192773936266,20.685062037314715,20.387337490503302,20.61306381225586,3595500,20.73566055297852,-0.1225967407226598,-0.5912362444853492,0.2977245468114127,1.4465338260906364,20.24167387826102,21.19664452870687,20.59236068725586,16.900423555374147,2.9511547702909593,2021,3,March,Q1,Wednesday
2021-03-18,20.61500855357753,20.651981016155933,20.420418305694,20.498254776000977,4303000,20.61306381225586,-0.11480903625488281,-0.5569722060755566,0.2315627104619331,1.1232724442491087,20.34786469595773,21.15792090098063,20.60103946685791,16.938170862197875,1.9129858375162876,2021,3,March,Q1,Thursday
2021-03-19,20.58971475770185,20.58971475770185,20.336745738533807,20.482688903808597,3113500,20.498254776000977,-0.01556587219237926,-0.07593754864733127,0.2529690191680416,1.2286183764319285,20.466565540858678,21.121467463175456,20.617307319641114,16.97580154418945,1.9125924357496642,2021,3,March,Q1,Friday
2021-03-22,20.626689401148933,20.903007722848,20.531338173876257,20.79987525939941,10410500,20.482688903808597,0.3171863555908132,1.5485581853065922,0.37166954897174165,1.8018865836562177,20.569143567766464,21.057771301269533,20.636338386535645,17.01560981750488,1.6528050045753104,2021,3,March,Q1,Monday
2021-03-23,20.690899739780622,20.807653514877675,20.434039207645757,20.4534969329834,3806000,20.79987525939941,-0.3463783264160121,-1.6652904024483717,0.373614307231918,1.8056938650840868,20.58443205697196,20.98959935506185,20.640697212219237,17.052590165138245,1.668116719127809,2021,3,March,Q1,Tuesday
2021-03-24,20.39512298417423,20.39512298417423,19.908644521048164,19.916427612304688,6353500,20.4534969329834,-0.5370693206787109,-2.6258068360556552,0.48647846312606546,2.385268593396336,20.499923978533065,20.922854487101237,20.63489833831787,17.085672726631163,1.6704134961499744,2021,3,March,Q1,Wednesday
2021-03-25,19.91837188042248,20.03123411293078,19.743239358162697,19.974803924560547,4856000,19.916427612304688,0.058376312255859375,0.29310634111809897,0.2879947547680821,1.445874976614673,20.391230174473353,20.853709602355956,20.629527549743653,17.119153866767885,1.6657091124957661,2021,3,March,Q1,Thursday
2021-03-26,20.26863849005977,20.529390593123967,20.2569619979313,20.513822555541992,4119500,19.974803924560547,0.5390186309814453,2.698492726222357,0.27242859519266815,1.344089270358607,20.377052852085658,20.79825096130371,20.63548194885254,17.153331999778747,1.7478145792799136,2021,3,March,Q1,Friday
2021-03-29,20.66073139910714,20.883142160766592,20.492947450363424,20.797298431396484,4085500,20.513822555541992,0.2834758758544922,1.381877390656805,0.39019471040316844,1.8885813036610644,20.41977337428502,20.75509567260742,20.648935165405273,17.191973152160646,1.772517364831426,2021,3,March,Q1,Monday
2021-03-30,20.35442878195276,20.465634163431965,20.235420101607524,20.38954734802246,3475500,20.797298431396484,-0.40775108337402344,-1.9605963953398198,0.23021406182444082,1.1310268850608078,20.40646743774414,20.68900820414225,20.659565086364747,17.227683191299437,1.779189957005304,2021,3,March,Q1,Tuesday
2021-03-31,20.594400122324934,20.83632101916777,20.53587165333472,20.68219375610352,2987500,20.38954734802246,0.29264640808105824,1.4352766301574782,0.3004493658330496,1.4588886495768996,20.389655794416154,20.63299992879232,20.675347442626954,17.26345974445343,1.8066280292740222,2021,3,March,Q1,Wednesday
2021-04-01,20.789497805782947,20.898751445662747,20.58464537042181,20.84802627563477,2250500,20.68219375610352,0.16583251953125,0.8018130063321305,0.3141060752409359,1.5108882291209653,20.446017129080637,20.591600290934245,20.69187786102295,17.300434045791626,1.8067176029233911,2021,4,April,Q2,Thursday
2021-04-05,21.616704492419498,21.81960514781301,21.42551064592207,21.7318115234375,4162000,20.84802627563477,0.8837852478027308,4.239179460530607,0.3940945018909403,1.8231016759707317,20.705357687813894,20.566557757059734,20.727407188415526,17.33966429233551,1.948787257128109,2021,4,April,Q2,Monday
2021-04-06,21.48404010732684,21.51525516485696,21.32991285360568,21.441118240356445,2195500,21.7318115234375,-0.2906932830810547,-1.3376394451403484,0.1853423112512793,0.862697659869248,20.914831161499023,20.546484565734865,20.762726821899413,17.377470164299012,1.9316174920747293,2021,4,April,Q2,Tuesday
2021-04-07,21.567930124312408,21.722055503427715,21.39039112844629,21.62841033935547,2446500,21.441118240356445,0.18729209899902344,0.8735183347224007,0.3316643749814254,1.537766364550474,21.074057987758092,20.53816795349121,20.808914260864256,17.416765370368957,1.9347681550161293,2021,4,April,Q2,Wednesday
2021-04-08,21.32406387656566,21.45282763239168,21.265533543490857,21.425514221191406,2812500,21.62841033935547,-0.2028961181640625,-0.9381000035627585,0.1872940889008241,0.8783226780081692,21.163803100585938,20.54144458770752,20.849370384216307,17.454338035583497,1.8853436860771993,2021,4,April,Q2,Thursday
2021-04-09,21.75522578053551,21.86252952501058,21.560128401596568,21.809852600097656,4116000,21.425514221191406,0.38433837890625,1.7938350274277814,0.30240112341401115,1.390016019436446,21.366703850882395,20.573878288269043,20.90806011199951,17.49390028476715,1.858695346221519,2021,4,April,Q2,Friday
2021-04-12,21.75132163120679,21.90934866661368,21.68108635958912,21.7318115234375,2223500,21.809852600097656,-0.07804107666015625,-0.357824869755452,0.2282623070245613,1.049418103850166,21.51664924621582,20.61194807688395,20.962659339904786,17.53403257369995,1.843969441911748,2021,4,April,Q2,Monday
2021-04-13,21.846914126031336,21.921051032057868,21.74741557351463,21.8274040222168,2674000,21.7318115234375,0.09559249877930043,0.439873586590811,0.17363545854323803,0.7947825378978604,21.656560352870397,20.638480377197265,21.02672061920166,17.574303340911865,1.807751280936634,2021,4,April,Q2,Tuesday
2021-04-14,21.946416398134065,22.00884836880469,21.794240911643836,21.807899475097656,2054000,21.8274040222168,-0.019504547119144178,-0.08935807070457047,0.21460745716085228,0.9778701600644865,21.667430060250418,20.679346084594727,21.079416770935058,17.615756916999818,1.7567493649047976,2021,4,April,Q2,Wednesday
2021-04-15,21.997143624139955,22.143467580691382,21.874233286799694,22.00104713439941,2541000,21.807899475097656,0.19314765930175426,0.8856775019634888,0.26923429389168874,1.2239511569867074,21.747419902256556,20.734758059183758,21.133212814331056,17.65910737514496,1.7408303018217564,2021,4,April,Q2,Thursday
2021-04-16,21.782539494263368,21.78644114420275,21.59914892300677,21.675235748291016,3212000,22.00104713439941,-0.3258113861083949,-1.4808903599819012,0.18729222119598177,0.8598272999587899,21.754109246390207,20.79669297536214,21.133518257141112,17.70043110370636,1.690376684247229,2021,4,April,Q2,Friday
2021-04-19,21.66547827709532,21.702546738265497,21.345520690708227,21.45672607421875,2068500,21.675235748291016,-0.21850967407226562,-1.0081074854721872,0.3570260475572695,1.6479029126013636,21.75856808253697,20.836425654093425,21.13112693786621,17.739440155029296,1.6657676796093919,2021,4,April,Q2,Monday
2021-04-20,21.392344247565017,21.480137873634376,21.07043490550614,21.18944358825684,2445500,21.45672607421875,-0.2672824859619105,-1.2456815873837512,0.4097029681282365,1.915184999768648,21.669938223702566,20.892480913798014,21.100700607299803,17.777267980575562,1.5182184622136936,2021,4,April,Q2,Tuesday
2021-04-21,20.920209232664,21.185541864997543,20.81680900890707,21.15627670288086,2796000,21.18944358825684,-0.033166885375980115,-0.15652551346068133,0.368732856090471,1.7625677257316619,21.587718963623047,20.93919283548991,21.073853034973144,17.814638991355896,1.5087557504144862,2021,4,April,Q2,Wednesday
2021-04-22,21.271382586095324,21.470381584443896,21.17578566650157,21.25382423400879,4532500,21.15627670288086,0.09754753112792969,0.46108080593711964,0.2945959179423241,1.3849401502227483,21.505778993879044,20.9925942103068,21.06055404663086,17.853826570510865,1.5023036118823438,2021,4,April,Q2,Thursday
2021-04-23,21.41965604359598,21.52500801483761,21.341617477469363,21.44892120361328,2142500,21.25382423400879,0.1950969696044922,0.9179381905883632,0.18339053736824695,0.8561787219878202,21.454496383666992,21.038163948059083,21.048549461364747,17.893378562927246,1.4638487155973714,2021,4,April,Q2,Friday
2021-04-26,21.265528395278498,21.40209727880422,21.236265096412097,21.24992179870605,2684500,21.44892120361328,-0.19899940490723012,-0.9277828148937739,0.16583218239212272,0.7798168910251099,21.347192764282227,21.068278757731118,21.02999626159668,17.93024785518646,1.463722191096397,2021,4,April,Q2,Monday
2021-04-27,20.777788236879758,21.01190580637724,20.555379336736543,20.810955047607425,7796000,21.24992179870605,-0.4389667510986257,-2.0657334895479718,0.4565264696406963,2.1971851115046968,21.223724092755997,21.078377787272135,21.004376220703126,17.962584743499757,1.5129815194321599,2021,4,April,Q2,Tuesday
2021-04-28,20.758279397708662,20.762181046991262,20.1203122950542,20.385644912719727,8676000,20.810955047607425,-0.42531013488769887,-2.0436838862740947,0.6418687519370607,3.092109609084033,21.07071249825614,21.06671059926351,20.96464569091797,17.9923876953125,1.5466835454770038,2021,4,April,Q2,Wednesday
2021-04-29,20.567084593458784,20.580741296835487,20.311508878753845,20.45587921142578,4544000,20.385644912719727,0.07023429870605469,0.3445282158438534,0.2692324180816428,1.3090451243015273,20.965917587280273,21.061471112569173,20.926514434814454,18.022386627197264,1.5447270972331246,2021,4,April,Q2,Thursday
2021-04-30,19.769138627745164,19.9583807017657,19.50965942800297,19.54087448120117,5402500,20.45587921142578,-0.9150047302246129,-4.47306478869669,0.4487212737627324,2.2698069056634096,20.735145841326034,21.029558436075845,20.87553161621094,18.0455699634552,1.744708381108,2021,4,April,Q2,Friday
2021-05-03,19.698905461338057,19.74182732692482,19.24628062968989,19.38675117492676,5133000,19.54087448120117,-0.15412330627440696,-0.7887226665453384,0.49554669723493205,2.5156052360752423,20.468421118600027,20.99302717844645,20.813604888916014,18.068011784553526,1.7485904821540947,2021,5,May,Q2,Monday
2021-05-04,19.29895630722671,19.35943652192902,18.824871503590234,18.883399963378903,6892500,19.38675117492676,-0.5033512115478587,-2.5963670086138646,0.5345650183387853,2.769916724142287,20.101918084280832,20.929144668579102,20.750406608581542,18.088635201454164,1.7718529919713997,2021,5,May,Q2,Tuesday
2021-05-05,19.058989982624027,19.133126910774312,18.9672947000353,19.047283172607425,4860500,18.883399963378903,0.16388320922852273,0.8678691842906705,0.165832210739012,0.8700996794174312,19.787255423409597,20.88227087656657,20.69379409790039,18.10804115772247,1.7652132734579526,2021,5,May,Q2,Wednesday
2021-05-06,19.1545821169838,19.172140467024043,18.936074897663417,19.070690155029297,4130500,19.047283172607425,0.023406982421871447,0.12288882466731099,0.23606556936062617,1.2324234896845587,19.538646153041295,20.85407962799072,20.648663597106932,18.12840799331665,1.7065038786755897,2021,5,May,Q2,Thursday
2021-05-07,18.924371430336933,19.109713736995243,18.873646265387624,18.93217658996582,4392500,19.070690155029297,-0.13851356506347656,-0.7263164779956699,0.23606747160761898,1.2474256937759542,19.33100782121931,20.819325383504232,20.61057029724121,18.148043460845948,1.707928276006939,2021,5,May,Q2,Friday
2021-05-10,19.363336577570383,19.41016008578223,18.965338618355734,19.00240707397461,5229000,18.93217658996582,0.07023048400878906,0.37095831889721875,0.44482146742649675,2.2972356321159957,19.123368944440568,20.768944867451985,20.578824081420898,18.168932132720947,1.624206324855295,2021,5,May,Q2,Monday
2021-05-11,18.6414821118778,18.77219574213282,18.42297299565978,18.739028930664062,4881000,19.00240707397461,-0.2633781433105469,-1.3860251613663443,0.3492227464730391,1.873363632661615,19.008819580078125,20.700335884094237,20.532975959777833,18.188465113639833,1.607308353898609,2021,5,May,Q2,Tuesday
2021-05-12,18.56149112454245,18.596607829208192,18.112769820227097,18.15373992919922,5496000,18.739028930664062,-0.5852890014648438,-3.1233688983055674,0.4838380089810954,2.606676401883215,18.83267511640276,20.625808970133463,20.48441219329834,18.203063859939576,1.661001363835895,2021,5,May,Q2,Wednesday
2021-05-13,17.98400859893516,18.214222687528935,17.900116614318367,18.138134002685547,6209500,18.15373992919922,-0.015605926513671875,-0.08596535245374293,0.31410607321056716,1.746585426061048,18.726208550589426,20.541006978352865,20.44040111541748,18.218467235565186,1.6267605746965916,2021,5,May,Q2,Thursday
2021-05-14,18.274700133049254,18.397612331527693,18.16544649936745,18.36834716796875,3483500,18.138134002685547,0.23021316528320312,1.2692218794343235,0.23216583216024134,1.2704221162041194,18.6292176927839,20.45835100809733,20.411424293518067,18.23431360721588,1.6410782843668088,2021,5,May,Q2,Friday
2021-05-17,18.391760317596987,18.46199559909823,18.23568315465192,18.32347679138184,3313000,18.36834716796875,-0.04487037658691051,-0.2442809697388415,0.22631244444631093,1.2305099704337614,18.52247292654855,20.344739850362142,20.3725989151001,18.249770741462708,1.3878799058245066,2021,5,May,Q2,Monday
2021-05-18,18.370297343718303,18.746833484989207,18.370297343718303,18.534177780151367,4562000,18.32347679138184,0.2107009887695277,1.1498963388248962,0.37653614127090407,2.0497008525540283,18.46561595371791,20.247841835021973,20.35312675476074,18.266824545860292,1.4137372524244054,2021,5,May,Q2,Tuesday
2021-05-19,18.44248051864985,18.608312692163366,18.305913503022037,18.594655990600582,2672000,18.534177780151367,0.0604782104492152,0.326306411682209,0.30239918914132957,1.6396882666381574,18.407365798950195,20.146716690063478,20.329921493530275,18.28097022533417,1.3991979542163404,2021,5,May,Q2,Wednesday
2021-05-20,18.72732241252679,18.98289810768641,18.72732241252679,18.90485954284668,2593500,18.594655990600582,0.3102035522460973,1.6682403396056422,0.25557569515962086,1.3647209650679435,18.431055886404856,20.062694867451984,20.31498302459717,18.294630036354064,1.4505755027870175,2021,5,May,Q2,Thursday
2021-05-21,18.986803900749337,19.01021565907533,18.79950983414138,18.80341148376465,2459500,18.90485954284668,-0.10144805908203125,-0.5366242412545019,0.21070582493395307,1.1097487814978555,18.52386610848563,19.96248016357422,20.289414672851564,18.309838881492613,1.3898331344831512,2021,5,May,Q2,Friday
2021-05-24,18.89315941822354,18.92437448001044,18.840482489731517,18.88145446777344,1902000,18.80341148376465,0.07804298400879262,0.4150469401585921,0.08389199027892147,0.44403367600869775,18.63005474635533,19.86746826171875,20.260114212036132,18.326194500923158,1.399377719891287,2021,5,May,Q2,Monday
2021-05-25,19.218966825898992,19.273593638834612,19.10385979561714,19.18775177001953,4477500,18.88145446777344,0.3062973022460902,1.6222124347934797,0.16973384321747176,0.8831580009219994,18.7471125466483,19.779479853312175,20.233709564208983,18.34450838088989,1.4415498169183267,2021,5,May,Q2,Tuesday
2021-05-26,19.211165348326155,19.40626086150786,19.199458538395117,19.2014102935791,2889000,19.18775177001953,0.013658523559570312,0.0711835535673,0.20680232311274338,1.0764694351598083,18.872531618390763,19.692596880594888,20.203024559020996,18.3628711605072,1.4431111542177137,2021,5,May,Q2,Wednesday
2021-05-27,19.35358463781318,19.46869167210363,19.215065845651253,19.425769805908203,2748500,19.2014102935791,0.22435951232910156,1.1684533005584807,0.2536258264523781,1.31048501452719,18.999901907784597,19.606754302978516,20.179278678894043,18.383054103851318,1.4527786102577558,2021,5,May,Q2,Thursday
2021-05-28,19.52721984602026,19.613063577134188,19.41211281344204,19.433574676513672,2128000,19.425769805908203,0.00780487060546875,0.04017792181958413,0.20095076369214837,1.029080254520221,19.119747434343612,19.532032267252603,20.157985076904296,18.401908445358277,1.4403807780244415,2021,5,May,Q2,Friday
2021-06-01,19.482347234020462,19.482347234020462,19.275544935431004,19.349681854248047,2734500,19.433574676513672,-0.083892822265625,-0.4316901221833036,0.20680229858945864,1.0614855392184797,19.18329347882952,19.46179745992025,20.135324935913086,18.41847131729126,1.435176839327506,2021,6,June,Q2,Tuesday
2021-06-02,19.26188766170821,19.308711173319416,19.03947691184808,19.13117218017578,2725500,19.349681854248047,-0.21850967407226562,-1.1292675286249887,0.2692342614713361,1.3977563684298815,19.23011643545968,19.393188412984212,20.10195087432861,18.433689460754394,1.432781804353273,2021,6,June,Q2,Wednesday
2021-06-03,19.074595199688638,19.37504265043601,18.94387972004869,19.265789031982425,3773500,19.13117218017578,0.13461685180664418,0.7036518752684628,0.4311629303873197,2.26040409179618,19.285021373203822,19.3301721572876,20.078196716308593,18.449076318740843,1.4449280269640585,2021,6,June,Q2,Thursday
2021-06-04,19.45308376206781,19.71451289498973,19.427722109000328,19.64427947998047,4457000,19.265789031982425,0.3784904479980433,1.9645727842743765,0.2867907859894032,1.4742690130632439,19.350239617483957,19.276520665486654,20.07275375366211,18.466811485290528,1.497403757884846,2021,6,June,Q2,Friday
2021-06-07,19.451131552001726,19.570140225029537,19.43552309464309,19.53892517089844,6030500,19.64427947998047,-0.1053543090820277,-0.5363103756968801,0.13461713038644518,0.6920786589024517,19.398456028529576,19.212854131062826,20.064036178588868,18.485843391418456,1.4817074975009294,2021,6,June,Q2,Monday
2021-06-08,19.56428830704984,19.636473474071103,19.38284951197773,19.433574676513672,4799000,19.53892517089844,-0.10535049438476918,-0.5391826493182927,0.25362396209337135,1.296361810421593,19.399571010044642,19.152309226989747,20.0424312210083,18.505987763404846,1.4777202894226282,2021,6,June,Q2,Tuesday
2021-06-09,19.240427554047194,19.281397661333145,19.043378455394468,19.06484031677246,2578000,19.433574676513672,-0.36873435974121094,-1.897408818907842,0.2380192059386772,1.237078569434442,19.346894672938756,19.094105402628582,20.00778205871582,18.52492862701416,1.4710369682613385,2021,6,June,Q2,Wednesday
2021-06-10,19.13312246655933,19.27554288477038,19.088250713286843,19.236522674560547,2847000,19.06484031677246,0.17168235778808594,0.9005182049022897,0.18729217148353783,0.9788897332930636,19.33072907584054,19.055801328023275,19.98472156524658,18.543738551139832,1.4474130595897017,2021,6,June,Q2,Thursday
2021-06-11,19.310661122935976,19.455033307386326,19.2365242061036,19.431621551513672,3009500,19.236522674560547,0.195098876953125,1.014210729526166,0.21850910128272716,1.131546454529182,19.373650414603098,19.021659406026206,19.959710121154785,18.563911957740785,1.4609297963826637,2021,6,June,Q2,Friday
2021-06-14,19.291152837322915,19.4843003066516,19.277496133490217,19.398456573486328,2432000,19.431621551513672,-0.03316497802734375,-0.17067529819589922,0.2068041731613839,1.0720156276056059,19.392602920532227,19.01691214243571,19.930718727111817,18.582222118377686,1.2131638723822296,2021,6,June,Q2,Monday
2021-06-15,19.507708470321685,19.507708470321685,19.2540845247095,19.324317932128903,2969500,19.398456573486328,-0.07413864135742543,-0.38218835130809925,0.2536239456121834,1.3001216724047193,19.346894127982004,19.014831034342446,19.882568855285644,18.60084056377411,1.2065012498481191,2021,6,June,Q2,Tuesday
2021-06-16,19.08434989902482,19.10191011245084,18.826822429145327,18.893156051635746,2957500,19.324317932128903,-0.43116188049315696,-2.231188091644365,0.2750876833055145,1.4414307260189725,19.254641396658762,19.01515623728434,19.83160961151123,18.618302240371705,1.1810140374334983,2021,6,June,Q2,Wednesday
2021-06-17,18.4873521218971,18.76438966041959,18.45613707009122,18.748781204223636,3671000,18.893156051635746,-0.14437484741210938,-0.7641647960643927,0.3082525903283688,1.6673701474169638,19.156813757760183,19.00520617167155,19.774017028808593,18.635769505500793,1.1776471644510345,2021,6,June,Q2,Thursday
2021-06-18,18.534177253403943,18.60831417080322,18.42102198297601,18.48930549621582,3315500,18.748781204223636,-0.25947570800781605,-1.3839604035133846,0.18729218782720736,1.0105233443411128,19.074594497680664,18.985826683044433,19.715292854309084,18.65110523700714,1.2020808134913785,2021,6,June,Q2,Friday
2021-06-21,18.73317906392993,18.93217808997269,18.72927741409952,18.906814575195312,5314000,18.48930549621582,0.4175090789794922,2.258111204149582,0.2029006758731704,1.0831086126959009,19.02749334062849,18.984981282552084,19.657232093811036,18.668538212776184,1.2697187639323075,2021,6,June,Q2,Monday
2021-06-22,19.051186641369963,19.164341927959896,19.021921476978868,19.060941696166992,3586500,18.906814575195312,0.1541271209716797,0.8151934867647537,0.14242045098102807,0.7475673492787044,18.974539075578964,18.986932436625164,19.603814697265626,18.688788414001465,1.2767248428039857,2021,6,June,Q2,Tuesday
2021-06-23,18.826825218640124,18.85218873473375,18.737081686123997,18.756591796875,2610000,19.060941696166992,-0.3043498992919922,-1.5967201628511063,0.11510704860975451,0.6113991460216508,18.88284410749163,18.987517865498862,19.54239845275879,18.70724528312683,1.285266431169601,2021,6,June,Q2,Wednesday
2021-06-24,18.861941082504,18.95363635716713,18.84633262402645,18.879499435424805,1895000,18.756591796875,0.12290763854980469,0.6552770347664216,0.10730373314068231,0.5688901935984486,18.819298607962473,19.011709849039715,19.483830451965332,18.727917098999022,1.1449930261263521,2021,6,June,Q2,Thursday
2021-06-25,19.070692824040183,19.220918418933547,19.033624364062472,19.16824150085449,2617500,18.879499435424805,0.28874206542968395,1.529394708886711,0.18729405487107442,0.9821040934337466,18.858596529279435,19.046046765645347,19.427174339294435,18.74860680580139,1.1718103684994696,2021,6,June,Q2,Friday
2021-06-28,19.20531297655552,19.26579320288905,19.12532450026484,19.211166381835938,4108000,19.16824150085449,0.042924880981448865,0.2239375008893596,0.14046870262421152,0.7314054334635719,18.924651554652623,19.074140739440917,19.377892951965332,18.770461683273314,1.1540484900187542,2021,6,June,Q2,Monday
2021-06-29,19.412111100838874,19.54867998444016,19.3633376956438,19.486248016357425,2988500,19.211166381835938,0.2750816345214879,1.431884087899915,0.1853422887963596,0.9547765713557566,19.06707191467285,19.112899780273438,19.338483390808104,18.79318759441376,1.174392134783141,2021,6,June,Q2,Tuesday
2021-06-30,19.10385789706283,19.14482800269291,18.90485891215524,18.9672908782959,3910500,19.486248016357425,-0.518957138061527,-2.663196822835756,0.23996909053767013,1.2561289548461558,19.075711386544363,19.12733688354492,19.294040336608887,18.8126397562027,1.271692847785041,2021,6,June,Q2,Wednesday
2021-07-01,19.101909740242867,19.23652501644863,19.033624364062472,19.16824150085449,2499500,18.9672908782959,0.2009506225585902,1.0594587484738627,0.20290065238615895,1.0622008749140872,19.09103993007115,19.146456400553387,19.25427963256836,18.834318799972536,1.2834827054166225,2021,7,July,Q3,Thursday
2021-07-02,19.74767770046868,19.849128023598247,19.62671913103435,19.83156967163086,3677000,19.16824150085449,0.6633281707763707,3.460558292458904,0.22240889256389806,1.1262534052731654,19.244608197893417,19.177346738179526,19.2258345413208,18.858800415992736,1.3953873661478389,2021,7,July,Q3,Friday
2021-07-06,19.85302899018486,19.931067554479046,19.50770792455121,19.72036361694336,3165000,19.83156967163086,-0.1112060546875,-0.5607526611803193,0.4233596299278375,2.1324687035773846,19.364731652396067,19.20791180928548,19.1912633895874,18.882124638557436,1.3958150153132434,2021,7,July,Q3,Tuesday
2021-07-07,19.679395312828948,19.79645410028566,19.513563115940617,19.654033660888672,2649000,19.72036361694336,-0.0663299560546875,-0.3363526015194629,0.28289098434504467,1.4374983572824962,19.43413053240095,19.23366444905599,19.159345626831055,18.90380778312683,1.3979734589768196,2021,7,July,Q3,Wednesday
2021-07-08,19.28334884357292,19.43162268589362,19.12922345738209,19.380897521972656,3448000,19.654033660888672,-0.2731361389160156,-1.3897205206255148,0.3023992285115291,1.5681883419970275,19.458377838134766,19.24010264078776,19.13074447631836,18.924794511795042,1.3962448085754355,2021,7,July,Q3,Thursday
2021-07-09,19.61696524663387,19.970089643707723,19.5662400820462,19.90765953063965,4373500,19.380897521972656,0.5267620086669922,2.7179443473646536,0.40384956166152364,2.0586750120833357,19.518579483032227,19.26364428202311,19.12118476867676,18.947997970581056,1.4792542642686222,2021,7,July,Q3,Friday
2021-07-12,20.307607388937477,20.42856596525929,20.18274530254624,20.34857749938965,5077500,19.90765953063965,0.44091796875,2.214815699813366,0.24582066271304726,1.210485597860029,19.715906143188477,19.294404538472495,19.119038734436035,18.974734840393065,1.5164278063998213,2021,7,July,Q3,Monday
2021-07-13,20.32906660617103,20.38954682228902,20.21395957822678,20.344675064086918,3046500,20.34857749938965,-0.0039024353027308223,-0.019177926824853753,0.17558724406223902,0.863725066496355,19.883968080793107,19.324774551391602,19.13511474609375,19.001015729904175,1.516636200124253,2021,7,July,Q3,Tuesday
2021-07-14,20.48124115894917,20.541721372307023,20.354427328208857,20.4012508392334,3210500,20.344675064086918,0.05657577514648082,0.27808640328863543,0.18729404409816652,0.9144662798735192,19.965351104736328,19.359826850891114,19.155404739379883,19.028083872795104,1.51255511931653,2021,7,July,Q3,Wednesday
2021-07-15,20.27248836071094,20.27248836071094,19.9778924347026,20.06958770751953,2193000,20.4012508392334,-0.3316631317138672,-1.62569998441493,0.2945959260083413,1.4531808861672963,20.015240260532924,19.39110736846924,19.179128494262695,19.053241696357727,1.5300726488417535,2021,7,July,Q3,Thursday
2021-07-16,19.942777684386154,20.013012962126105,19.7749937198829,19.80230712890625,2919000,20.06958770751953,-0.26728057861328125,-1.3317691549445176,0.2380192422432046,1.1935109843277125,20.036422184535436,19.408991305033364,19.19422897338867,19.076868534088135,1.550630243538809,2021,7,July,Q3,Friday
2021-07-19,19.26188885257957,19.339927423227607,19.07264490012616,19.20726203918457,3562000,19.80230712890625,-0.5950450897216797,-3.0049280917023413,0.2672825231014464,1.3876236393382142,20.01161711556571,19.394424057006837,19.196960411071778,19.098230404853823,1.6092572350234142,2021,7,July,Q3,Monday
2021-07-20,19.18189774869144,19.41016190750115,19.096055882637152,19.330171585083008,2770000,19.20726203918457,0.1229095458984375,0.6399118502558698,0.31410602486399597,1.6375127684403583,19.929118837629044,19.38746560414632,19.20492031097412,19.12049870491028,1.6116413585933391,2021,7,July,Q3,Tuesday
2021-07-21,19.453085090666985,19.671594231692765,19.402359920481224,19.59940719604492,2097500,19.330171585083008,0.2692356109619105,1.392825768653183,0.26923431121154096,1.3840185757513168,19.8220945085798,19.392993354797362,19.216860313415527,19.146496930122375,1.6288238508609894,2021,7,July,Q3,Wednesday
2021-07-22,19.626720912038174,19.648180915213874,19.41211343793568,19.417966842651367,1744500,19.59940719604492,-0.18144035339355113,-0.9257440879648859,0.2360674772781941,1.2027861319075497,19.689707619803293,19.404764238993327,19.230439071655272,19.170546889305115,1.5983220472544883,2021,7,July,Q3,Thursday
2021-07-23,19.525270546040883,19.677446044281865,19.45893692094108,19.638425827026367,2428500,19.417966842651367,0.220458984375,1.1353350541868368,0.21850912334078387,1.119109324634125,19.580732618059432,19.41816101074219,19.260132789611816,19.197187762260437,1.6030794753337154,2021,7,July,Q3,Friday
2021-07-26,19.558431695253766,19.58184344893784,19.277492511630896,19.371139526367188,2619500,19.638425827026367,-0.2672863006591797,-1.3610373001044729,0.3043509373069426,1.556111154765028,19.480954306466238,19.416144943237306,19.28479290008545,19.2226576089859,1.614036221583695,2021,7,July,Q3,Monday
2021-07-27,19.496007490789363,19.499909140819444,19.25603833836709,19.43747901916504,3763000,19.371139526367188,0.06633949279785156,0.34246561854325286,0.24387080245235282,1.250875609109026,19.428836005074636,19.417445691426597,19.306175537109375,19.24771970272064,1.6148599924278213,2021,7,July,Q3,Tuesday
2021-07-28,19.782797701500847,20.165187265634096,19.769140997802744,20.12031364440918,4304500,19.43747901916504,0.6828346252441406,3.5129793558664524,0.3960462678313519,2.0019729959696515,19.559271948678152,19.44397888183594,19.34211227416992,19.27578733921051,1.7336862599711296,2021,7,July,Q3,Wednesday
2021-07-29,20.38759666419532,20.70365447249718,20.30565644003794,20.652929306030277,4086500,20.12031364440918,0.5326156616210973,2.6471538716251297,0.3979980324592418,1.9521576722096214,19.748237337384904,19.502637990315755,19.3844873046875,19.30647912979126,1.7315067369881179,2021,7,July,Q3,Thursday
2021-07-30,20.290047175383997,20.432467614742404,20.215912114032182,20.34857749938965,3141000,20.652929306030277,-0.30435180664062855,-1.4736495832180285,0.21655550071022134,1.067299148387135,19.855261666434153,19.555964533487955,19.41956573486328,19.335551867485048,1.75143894907832,2021,7,July,Q3,Friday
2021-08-02,20.442220869269462,20.55342624238753,20.34467405901944,20.368083953857425,2037000,20.34857749938965,0.01950645446777699,0.09586151399705312,0.20875218336809098,1.021181527697441,19.99099268232073,19.61859048207601,19.448830223083498,19.364994559288025,1.7233370232723093,2021,8,August,Q3,Monday
2021-08-03,20.40515441085362,20.4656346299096,20.028618253484083,20.227617263793945,3666000,20.368083953857425,-0.14046669006348012,-0.6896411581064688,0.43701637642551816,2.141696003011213,20.075162887573242,19.662617238362632,19.47731433868408,19.394844093322753,1.6938321426800524,2021,8,August,Q3,Tuesday
2021-08-04,20.005205501339685,20.25883131352212,19.85108011965934,19.950578689575195,3098500,20.227617263793945,-0.27703857421875,-1.3696055773935845,0.40775119386277936,2.0382254700431526,20.157939910888672,19.69227180480957,19.498696823120117,19.42389220714569,1.7150463701058156,2021,8,August,Q3,Wednesday
2021-08-05,20.284193037148857,20.28809468613296,19.92131363342228,20.06373405456543,2101500,19.950578689575195,0.11315536499023438,0.56717835984057,0.3667810527106816,1.8082112117497198,20.24740491594587,19.735843213399253,19.516216468811034,19.45325313091278,1.6835552484928158,2021,8,August,Q3,Thursday
2021-08-06,20.188596988098677,20.321264234973093,20.00325654253954,20.020814895629883,2066000,20.06373405456543,-0.042919158935546875,-0.21391411398707927,0.31800769243355376,1.575184707590238,20.2331908089774,19.773887062072752,19.53260456085205,19.4798308467865,1.6836138505675062,2021,8,August,Q3,Friday
2021-08-09,20.024714053389523,20.04617405332,19.91350868353996,20.022762298583984,1934500,20.020814895629883,0.0019474029541015625,0.009726891558869966,0.1326653697800424,0.6625081857665105,20.143166950770787,19.802371088663737,19.544544410705566,19.507323145866394,1.6652935906700521,2021,8,August,Q3,Monday
2021-08-10,19.743777005676236,19.802305468592348,19.564288106892025,19.681346893310547,2556000,20.022762298583984,-0.3414154052734375,-1.7051363851908863,0.23801736170032228,1.2055310472352554,20.047848292759486,19.818043772379557,19.549499855041503,19.533147292137144,1.6995838374128456,2021,8,August,Q3,Tuesday
2021-08-11,19.72231752578625,19.87449302186778,19.665738955803203,19.853031158447266,2260500,19.681346893310547,0.17168426513671875,0.8723196947210576,0.20875406606457858,1.0584662060715728,19.974269321986608,19.830269877115885,19.559566841125488,19.559022312164306,1.687427890373589,2021,8,August,Q3,Wednesday
2021-08-12,19.548683166503903,19.60525987919888,19.26774391586667,19.548683166503903,2952000,19.853031158447266,-0.3043479919433629,-1.5330051593349103,0.33751596333220846,1.7265406598360151,19.87727873665946,19.84964962005615,19.56791706085205,19.58262641429901,1.635999888142373,2021,8,August,Q3,Thursday
2021-08-13,19.718413525002305,19.94277416252568,19.63256980272896,19.888147354125977,2462000,19.548683166503903,0.33946418762207387,1.7365066727550005,0.310204359796721,1.5731709825610056,19.868359974452428,19.87364648183187,19.580364227294922,19.606692180633544,1.6540685384855955,2021,8,August,Q3,Friday
2021-08-16,19.50576228183997,19.689152854874592,19.39455688485008,19.55843734741211,3944000,19.888147354125977,-0.3297100067138672,-1.657821620300226,0.2945959700245133,1.510302267442194,19.79617473057338,19.864542071024577,19.578647384643556,19.62509108543396,1.5606739610290146,2021,8,August,Q3,Monday
2021-08-17,19.254087667268823,19.365291200695047,19.1272738131786,19.213115692138672,3877500,19.55843734741211,-0.3453216552734375,-1.7655891886430797,0.23801738751644663,1.2361914603778743,19.680789130074636,19.84763380686442,19.57213119506836,19.639982872009277,1.589911576853599,2021,8,August,Q3,Tuesday
2021-08-18,19.34773089791668,19.386751113888387,19.177997051729587,19.17994880676269,1808500,19.213115692138672,-0.033166885375980115,-0.17262627211239723,0.20875406215879977,1.0789588880486132,19.560387202671595,19.831830978393555,19.56705867767334,19.65448504447937,1.589263171043346,2021,8,August,Q3,Wednesday
2021-08-19,18.822920256070148,18.92242068703785,18.655138170663545,18.848283767700195,2707000,19.17994880676269,-0.33166503906249645,-1.7292279682496026,0.2672825163743049,1.4199843209138057,19.44137818472726,19.814077186584473,19.562727546691896,19.66553864479065,1.6001620890882324,2021,8,August,Q3,Thursday
2021-08-20,18.88535204840282,19.08825269717546,18.88535204840282,19.04923248291016,2095000,18.848283767700195,0.2009487152099645,1.066137997955674,0.20290064877264058,1.0743810772105802,19.326549802507675,19.785462951660158,19.558981742858887,19.676711616516112,1.527309227635174,2021,8,August,Q3,Friday
2021-08-23,19.4901514448255,19.79450243297547,19.435524630632376,19.767189025878903,2713500,19.04923248291016,0.7179565429687429,3.768952600126285,0.3589778023430945,1.8418420367810977,19.35776492527553,19.766083335876466,19.56569309234619,19.69147437095642,1.6325146747242794,2021,8,August,Q3,Monday
2021-08-24,20.094950826580465,20.395400151099167,20.00325555555629,20.311508178710938,3168000,19.767189025878903,0.5443191528320348,2.753649758290977,0.3921445955428773,1.9514583485527648,19.41824504307338,19.764977773030598,19.583954124450685,19.70508634567261,1.7128169940964861,2021,8,August,Q3,Tuesday
2021-08-25,20.329067983109084,20.563183704187228,20.313459524136,20.553428649902344,2041500,20.311508178710938,0.24192047119140625,1.1910512457414146,0.24972418005122776,1.228409390232338,19.560386657714844,19.770050366719563,19.608536338806154,19.72088086128235,1.725830144323385,2021,8,August,Q3,Wednesday
2021-08-26,20.11836228905217,20.11836228905217,19.796452967696087,19.83156967163086,2922500,20.553428649902344,-0.7218589782714844,-3.512109782592965,0.3219093213560811,1.6000771669732523,19.64873722621373,19.76211643218994,19.627304611206053,19.735770902633668,1.8203549493792266,2021,8,August,Q3,Thursday
2021-08-27,20.018862359135245,20.196401359329403,19.938873895826884,20.14372444152832,2015500,19.83156967163086,0.31215476989746094,1.5740295653147385,0.25752746350251954,1.2864240678741745,19.786419459751674,19.773497009277342,19.65520347595215,19.75290280342102,1.8256585395944342,2021,8,August,Q3,Friday
2021-08-30,20.04617593495732,20.05593098872849,19.968137365374183,19.989599227905277,1961000,20.14372444152832,-0.15412521362304332,-0.7651276906136539,0.08779362335430818,0.4379569631592935,19.949464525495255,19.799574915568034,19.685209350585936,19.767143030166626,1.7391945333169463,2021,8,August,Q3,Monday
2021-08-31,20.087149411382143,20.268590092883173,20.048131050343585,20.1846981048584,1906500,19.989599227905277,0.19509887695312145,0.9760019434545075,0.2204590425395878,1.0975128328296664,20.11167390005929,19.82805913289388,19.710767021179198,19.78331226348877,1.7435512557256658,2021,8,August,Q3,Tuesday
2021-09-01,20.290048995552844,20.54562659578036,20.25883393630139,20.44222450256348,2750000,20.1846981048584,0.2575263977050817,1.275849638014126,0.28679265947896937,1.4134645980491636,20.208107539585658,19.856153043111167,19.73839267730713,19.79822968482971,1.7408253429703486,2021,9,September,Q3,Wednesday
2021-09-02,20.49879984598036,20.67243533000129,20.49879984598036,20.56708335876465,1757000,20.44222450256348,0.12485885620116832,0.6107889881823425,0.17363548402092732,0.8470519509705626,20.244618279593332,19.894456926981608,19.774602508544923,19.81306113243103,1.7305037402115153,2021,9,September,Q3,Thursday
2021-09-03,20.967031894444386,21.127012541467376,20.80900486297049,21.11920738220215,3479500,20.56708335876465,0.5521240234375,2.6845032608972863,0.3180076784968868,1.5167033660169564,20.325443812779017,19.943816312154134,19.81939666748047,19.831373195648194,1.7815452005589612,2021,9,September,Q3,Friday
2021-09-07,21.11921081797772,21.228464459602463,20.99239882117564,21.14067268371582,2549500,21.11920738220215,0.021465301513671875,0.1016387647756245,0.2360656384268225,1.1177767979183753,20.512458528791154,20.002800750732423,19.858845291137694,19.851213111877442,1.7555367972275553,2021,9,September,Q3,Tuesday
2021-09-08,21.12506076974742,21.17968758162951,20.8792382556918,21.03921890258789,1996000,21.14067268371582,-0.10145378112792969,-0.4798985474387396,0.30044932593770923,1.422241238557637,20.64038630894252,20.05619208017985,19.895406341552736,19.86996198654175,1.7613689654456008,2021,9,September,Q3,Wednesday
2021-09-09,21.3474721985464,21.640116374428324,21.343568688501005,21.45087242126465,3275500,21.03921890258789,0.4116535186767578,1.9566007682258801,0.29654768592731884,1.3891466079412975,20.849139622279576,20.100544039408366,19.93469882965088,19.88966968536377,1.684062210387118,2021,9,September,Q3,Thursday
2021-09-10,21.62060470203736,21.81960369474199,21.51135108274312,21.52305603027344,2536000,21.45087242126465,0.07218360900879262,0.33650663521376245,0.30825261199887066,1.425735386438212,21.040333611624582,20.129548263549804,19.98581413269043,19.909923152923582,1.6212427140943835,2021,9,September,Q3,Friday
2021-09-13,21.79814166002054,21.79814166002054,21.480134024459545,21.677181243896484,2584500,21.52305603027344,0.15412521362304332,0.7160935389763257,0.31800763556099554,1.458874983569108,21.21675600324358,20.173835055033365,20.03599292755127,19.929964580535888,1.5946824234430568,2021,9,September,Q3,Monday
2021-09-14,21.778639288600782,21.82741270695731,21.62451201196167,21.710355758666992,2696500,21.677181243896484,0.03317451477050781,0.1530388771365132,0.20290069499564112,0.9316500094743841,21.38008063180106,20.218577448527018,20.073568649291992,19.94780757904053,1.5945589959276412,2021,9,September,Q3,Tuesday
2021-09-15,21.644016439008794,21.80789872839491,21.53671271410245,21.79033851623535,2193000,21.710355758666992,0.07998275756835938,0.36840832300240045,0.2711860142924607,1.2529375731008265,21.475956508091517,20.27066815694173,20.114968147277832,19.965233201980592,1.5853002600360533,2021,9,September,Q3,Wednesday
2021-09-16,21.79034133793434,21.92105683539403,21.66743100041833,21.907400131225582,2037500,21.79033851623535,0.11706161499023082,0.5372179734748572,0.25362583497570057,1.1639369528102288,21.58548900059291,20.335895538330078,20.16003547668457,19.984003057479857,1.555637910800588,2021,9,September,Q3,Thursday
2021-09-17,21.714253459215765,21.796193680232044,21.521107855140404,21.59719467163086,1938500,21.907400131225582,-0.310205459594723,-1.415984816713023,0.27508582509164015,1.2668444973635082,21.665199824741908,20.387010892232258,20.204361419677735,19.999869470596312,1.5867752402432056,2021,9,September,Q3,Friday
2021-09-20,21.246024946866555,21.3396701292045,20.96118402865549,21.179691314697266,3588500,21.59719467163086,-0.41750335693359375,-1.9331369804338916,0.3784861005490079,1.7814443007364935,21.626459666660853,20.425640106201172,20.22980205535889,20.015652656555176,1.634725599158234,2021,9,September,Q3,Monday
2021-09-21,21.94836737254628,22.028357692546862,21.782535189085813,21.930809020996094,4812000,21.179691314697266,0.7511177062988281,3.546405351892945,0.24582250346104928,1.1200035942925393,21.684710093906947,20.48924166361491,20.261446685791014,20.03401414871216,1.7443329899803481,2021,9,September,Q3,Tuesday
2021-09-22,22.108345688950823,22.475128611876816,22.065425688412827,22.360021591186523,4162000,21.930809020996094,0.4292125701904297,1.9571214622292832,0.40970292346398907,1.8531595680121284,21.78225871494838,20.578530820210776,20.30175361633301,20.05396713256836,1.7258769043566233,2021,9,September,Q3,Wednesday
2021-09-23,22.453666755632817,22.613645531730285,22.436108404446745,22.53365707397461,2771000,22.360021591186523,0.17363548278808594,0.7765443431258845,0.17753712728353932,0.7906821153787794,21.899873188563756,20.66788501739502,20.34440174102783,20.075800170898436,1.7251392188447396,2021,9,September,Q3,Thursday
2021-09-24,22.80094216442721,22.9960376650736,22.67608007650863,22.9453125,4318500,22.53365707397461,0.4116554260253906,1.8268469457664471,0.3199575885649715,1.403264769752155,22.064869471958705,20.781105995178223,20.40191623687744,20.099681739807128,1.7017102700707325,2021,9,September,Q3,Friday
2021-09-27,22.84191256883263,22.92970619645661,22.623403447021325,22.683883666992188,3155500,22.9453125,-0.2614288330078125,-1.139356167007155,0.3063027494352859,1.3409680494672342,22.175795691353933,20.874297205607096,20.45954776763916,20.121516723632812,1.7134938861531723,2021,9,September,Q3,Monday
2021-09-28,22.48951128040069,22.569683154004203,22.09451127892175,22.192283630371094,4516500,22.683883666992188,-0.49160003662109375,-2.167177560236,0.4751718750824523,2.1128599423881576,22.260808399745397,20.96209208170573,20.51924819946289,20.140932626724243,1.7374917777296741,2021,9,September,Q3,Tuesday
2021-09-29,22.055407572897632,22.125802038006903,21.74840244394923,21.799243927001957,3365000,22.192283630371094,-0.3930397033691371,-1.7710647084162368,0.3773995940576711,1.7111431417002305,22.349315915788925,21.04829635620117,20.568629646301268,20.157809286117555,1.7377313548409128,2021,9,September,Q3,Wednesday
2021-09-30,21.803153347842745,21.90092571226524,21.537214157683977,21.623252868652344,2451000,21.799243927001957,-0.17599105834961293,-0.8073264326916352,0.3637115545812648,1.668160328823497,22.30537932259696,21.129739824930827,20.609106559753418,20.175080556869506,1.749227398279739,2021,9,September,Q3,Thursday
2021-10-01,21.503973670140805,21.5665488108246,21.210658409297668,21.414024353027344,3053000,21.623252868652344,-0.209228515625,-0.9676088833439289,0.3558904015269313,1.6549983132703536,22.17023686000279,21.215264511108398,20.649027709960937,20.19054677963257,1.7223510621257283,2021,10,October,Q4,Friday
2021-10-04,21.140260095824065,21.185234750169474,20.78632595818157,20.91733932495117,4436500,21.414024353027344,-0.4966850280761754,-2.319438046244482,0.3989087919879033,1.886962554763939,21.939334324428014,21.27753473917643,20.674605979919434,20.202595558166504,1.7895566611421312,2021,10,October,Q4,Monday
2021-10-05,20.8977874486366,21.03271141880724,20.79610448091639,20.866498947143555,2565500,20.91733932495117,-0.050840377807613635,-0.24305375085141856,0.23660693789084775,1.1322104719094763,21.642360959734237,21.314178403218587,20.704513168334962,20.21253177642822,1.6694043868265043,2021,10,October,Q4,Tuesday
2021-10-06,20.532116492097405,20.6983289382942,20.354172258277902,20.641620635986328,3549000,20.866498947143555,-0.22487831115722656,-1.0777002492217802,0.3441566800162974,1.6761870611281582,21.35060909816197,21.325182151794433,20.728596000671388,20.21969928741455,1.612417169669421,2021,10,October,Q4,Wednesday
2021-10-07,20.74917012510605,20.886050303059,20.62988856076812,20.743303298950195,2581000,20.641620635986328,0.10168266296386719,0.49260988154484764,0.25616174229088173,1.2345637957873385,21.143611907958984,21.331511306762696,20.741055793762207,20.226703891754152,1.6006165809025883,2021,10,October,Q4,Thursday
2021-10-08,21.02097440339458,21.216519097274094,20.90169284877199,21.019018173217773,3259500,20.743303298950195,0.2757148742675781,1.3291753502034265,0.3148262485021043,1.4976767606513257,21.032151085989817,21.37109292348226,20.74837757110596,20.23697458267212,1.468414680324189,2021,10,October,Q4,Friday
2021-10-11,21.29474077172264,21.705383217398374,21.29474077172264,21.343626022338867,3838000,21.019018173217773,0.32460784912109375,1.544353054200731,0.4106424456757338,1.9283749451462089,20.992204393659318,21.41108964284261,20.768278541564943,20.248868312835693,1.467469898859811,2021,10,October,Q4,Monday
2021-10-12,21.31429521223057,21.37687035134422,21.177415009252123,21.304519653320312,2775000,21.343626022338867,-0.03910636901855469,-0.18322270535299223,0.19945534209209725,0.9357820190913271,20.976560865129745,21.45492032368978,20.7870072555542,20.261169767379762,1.4580416848129207,2021,10,October,Q4,Tuesday
2021-10-13,21.40228998964531,21.5020185923182,21.36318215975913,21.41206741333008,1873500,21.304519653320312,0.10754776000976918,0.504811944882344,0.13883643255907074,0.6486989599068208,21.04723630632673,21.495832633972167,20.810696258544922,20.272928981781007,1.4521746013910832,2021,10,October,Q4,Wednesday
2021-10-14,21.634988525382404,21.85204248585425,21.634988525382404,21.828577041625977,2746500,21.41206741333008,0.4165096282958949,1.9452097747300945,0.21705396047184422,1.0032543359900292,21.184676034109934,21.542044385274252,20.84825622558594,20.284357795715334,1.474137524261479,2021,10,October,Q4,Thursday
2021-10-15,21.99869728088379,22.0886465847987,21.926346591660693,21.99869728088379,2882000,21.828577041625977,0.1701202392578125,0.779346445411444,0.16229999313800647,0.7377709282769226,21.378544126238143,21.58976484934489,20.886955490112303,20.296296672821043,1.4759612655651628,2021,10,October,Q4,Friday
2021-10-18,21.652584955955607,21.936124623919103,21.607610302748142,21.93025779724121,3295500,21.99869728088379,-0.06843948364257812,-0.31110698405787396,0.32851432117096024,1.5172060141512176,21.54810905456543,21.616799863179526,20.92514434814453,20.307582015991212,1.404116169778043,2021,10,October,Q4,Monday
2021-10-19,21.93807767248771,22.028028838355,21.85790579373161,21.996740341186523,2759000,21.93025779724121,0.0664825439453125,0.3031544114072249,0.1701230446233879,0.7754692419415454,21.687783649989537,21.64533545176188,20.964623908996582,20.320201921463013,1.4044320855501733,2021,10,October,Q4,Tuesday
2021-10-20,22.035851805620144,22.17468822911354,21.97132230539661,21.990877151489254,1845500,21.996740341186523,-0.005863189697269178,-0.02665481160538663,0.2033659237169303,0.9228866009393962,21.78024809701102,21.677057393391927,21.010814514160156,20.329834728240968,1.3999430219383828,2021,10,October,Q4,Wednesday
2021-10-21,21.742534900163815,21.97132061430982,21.711246402882683,21.95372200012207,3331500,21.990877151489254,-0.03715515136718395,-0.16895711394880886,0.2600742114271384,1.1961540483726159,21.87299128941127,21.693819046020508,21.052828330993652,20.341256856918335,1.3589111459628398,2021,10,October,Q4,Thursday
2021-10-22,21.96154388019803,22.104290893425546,21.832484885640195,22.09060287475586,2328000,21.95372200012207,0.13688087463378906,0.6234973488004725,0.2718060077853508,1.2376452642313045,21.969924926757812,21.71273727416992,21.103666725158693,20.35246826171875,1.3617414462703288,2021,10,October,Q4,Friday
2021-10-25,22.39565256852521,22.67919037492744,22.325256242131516,22.546220779418945,3595500,22.09060287475586,0.45561790466308594,2.0624964707674165,0.35393413279592423,1.5803698137974436,22.072445460728236,21.741705258687336,21.156828193664552,20.364021587371827,1.404410943820682,2021,10,October,Q4,Monday
2021-10-26,22.878646799118663,22.921667089233644,22.68896888728138,22.786741256713867,3166000,22.546220779418945,0.24052047729492188,1.066788441610922,0.23269820195226387,1.0170977505593903,22.185023171561106,21.7775847752889,21.221394271850585,20.37692343711853,1.414561520541278,2021,10,October,Q4,Tuesday
2021-10-27,22.464090722917057,22.56577367508016,22.123844638699207,22.14144325256348,2934500,22.786741256713867,-0.6452980041503871,-2.831901222208577,0.4419290363809516,1.9672687482966382,22.215192522321427,21.789288266499838,21.27996082305908,20.38641393661499,1.5161891875036584,2021,10,October,Q4,Wednesday
2021-10-28,22.59901730303194,23.2560440536268,22.579462458141236,23.130897521972656,4322500,22.14144325256348,0.9894542694091761,4.468788498214171,0.6765815954855618,2.9938540530910167,22.377214976719447,21.830071512858073,21.358979797363283,20.400987911224366,1.715305629937391,2021,10,October,Q4,Thursday
2021-10-29,22.65963886921662,22.720257776598103,22.43867431754233,22.642040252685547,3827500,23.130897521972656,-0.4888572692871094,-2.1134383947822633,0.2815834590557742,1.2426652546449386,22.470238276890345,21.86489969889323,21.43485492706299,20.413574924468993,1.742411681436361,2021,10,October,Q4,Friday
2021-11-01,23.46527658640589,23.73903881792757,23.46527658640589,23.70775032043457,5650500,22.642040252685547,1.0657100677490234,4.7067757845833835,0.2737622315216832,1.1666695276896142,22.720813751220703,21.949168332417806,21.528025283813477,20.432823419570923,1.8818944238994884,2021,11,November,Q4,Monday
2021-11-02,23.856363002006557,24.130125220279435,23.7331708429674,24.11448097229004,4015500,23.70775032043457,0.40673065185546875,1.7156020556910123,0.396954377312035,1.6639350150676662,23.009939193725586,22.021957397460938,21.6149711227417,20.453930444717408,1.8042077048609724,2021,11,November,Q4,Tuesday
2021-11-03,24.051908631577813,24.10275010842564,23.856363916054597,24.07928466796875,2262500,24.11448097229004,-0.03519630432128906,-0.14595505647304607,0.2463861923710411,1.0243935154799317,23.22894832066127,22.079266166687013,21.690326652526856,20.474219341278076,1.7795961116054408,2021,11,November,Q4,Wednesday
2021-11-04,24.034310487241022,24.098839983545663,23.854410016790137,23.98346900939941,2955000,24.07928466796875,-0.09581565856933949,-0.3979173795673363,0.24442996675552564,1.0170042817965799,23.39990942818778,22.12759323120117,21.758927459716798,20.49435996055603,1.780813513038363,2021,11,November,Q4,Thursday
2021-11-05,24.24549497848171,24.25722676524921,24.003019403428787,24.09492492675781,3005000,23.98346900939941,0.11145591735839844,0.46471975056952,0.25420736182042347,1.0484725597313516,23.67897823878697,22.165913645426432,21.844194564819336,20.51645890235901,1.7557054912823884,2021,11,November,Q4,Friday
2021-11-08,24.370648611532136,24.370648611532136,24.11839556073961,24.12035179138184,2113500,24.09492492675781,0.025426864624030543,0.10552788481941189,0.25225305079252536,1.035069089926313,23.820328848702566,22.21379591623942,21.923727111816405,20.540465469360353,1.738123205895397,2021,11,November,Q4,Monday
2021-11-09,24.20247819630124,24.20247819630124,23.8016131852446,23.94827079772949,2623500,24.12035179138184,-0.17208099365235086,-0.7134265500797321,0.40086501105663785,1.6562973750262495,24.006933212280273,22.272328821818032,22.002900543212892,20.563193283081056,1.688860298132441,2021,11,November,Q4,Tuesday
2021-11-10,23.82507873132668,24.024534054902727,23.703840925741844,23.748817443847656,3997500,23.94827079772949,-0.19945335388183238,-0.832850753887171,0.3206931291608832,1.3460317708802203,24.012799944196427,22.33731460571289,22.074182929992677,20.587560539245604,1.6582119582468886,2021,11,November,Q4,Wednesday
2021-11-11,23.87200902151267,23.87396338712354,23.62562282029776,23.66082191467285,2122000,23.748817443847656,-0.08799552917480469,-0.37052594042993325,0.2483405668257781,1.0403002386685667,23.947991507393972,22.405233573913574,22.138554878234864,20.6108553981781,1.6500597701040665,2021,11,November,Q4,Thursday
2021-11-12,23.909162188188567,24.08906265937343,23.834855269128223,24.0323543548584,2293500,23.66082191467285,0.3715324401855469,1.5702431704418096,0.254207390245206,1.0632216563857169,23.941287176949636,22.492511240641274,22.20786029815674,20.637895469665526,1.647160568416309,2021,11,November,Q4,Friday
2021-11-15,24.149683120814316,24.23767806408102,24.00693609993326,24.042133331298828,1546000,24.0323543548584,0.009778976440429688,0.04069087986984243,0.23074196414776083,0.9554658046377725,23.94966779436384,22.596671040852865,22.26631881713867,20.662240676879883,1.5673108215349878,2021,11,November,Q4,Monday
2021-11-16,24.325671495058064,24.527083057604592,24.288518032588023,24.458642959594727,2567000,24.042133331298828,0.41650962829589844,1.732415433174861,0.23856502501656962,0.9807130095670158,24.00162751334054,22.716409174601235,22.33267822265625,20.68797766685486,1.577485182660672,2021,11,November,Q4,Tuesday
2021-11-17,24.300252070480905,24.364781573174696,24.16728246869565,24.292430877685547,1579500,24.458642959594727,-0.1662120819091797,-0.6795637933950771,0.1974991044790464,0.8127450855497973,24.026210239955358,22.838102849324546,22.397742462158202,20.701140003204344,1.565007794151966,2021,11,November,Q4,Wednesday
2021-11-18,24.511436677625596,24.519257869617768,24.24940809736125,24.47428321838379,2974000,24.292430877685547,0.1818523406982422,0.7485967197514487,0.2698497722565172,1.1009137318451843,24.1013548714774,22.962468846639,22.458210678100585,20.715629959106444,1.5653479469166096,2021,11,November,Q4,Thursday
2021-11-19,24.509485954306435,24.59161407698693,24.417580407756407,24.489931106567383,1759000,24.47428321838379,0.01564788818359375,0.06393604275953813,0.17403366923052133,0.7100665821999533,24.20722825186593,23.078165944417318,22.517548179626466,20.724525814056395,1.5610753103393966,2021,11,November,Q4,Friday
2021-11-22,24.486016817590524,24.486016817590524,23.92284996862923,23.9345817565918,2337500,24.489931106567383,-0.5553493499755824,-2.267663994475899,0.5631668489612949,2.299952879868649,24.246336800711497,23.16453113555908,22.56269618988037,20.731705446243286,1.628700245522587,2021,11,November,Q4,Monday
2021-11-23,23.85049845872518,23.99520170570641,23.510252349849356,23.81334686279297,3755500,23.9345817565918,-0.12123489379883168,-0.5065260593719922,0.48494935585705434,2.0332881373372147,24.21505001613072,23.24815870920817,22.60475601196289,20.741178312301635,1.6337221805066557,2021,11,November,Q4,Tuesday
2021-11-24,23.74490478324596,23.922850893955918,23.53567390342575,23.899385452270508,2220000,23.81334686279297,0.08603858947753906,0.3613040618493324,0.3871769905301683,1.6305687222774394,24.194657461983816,23.331069310506184,22.646936950683592,20.750429487228395,1.6335679585552683,2021,11,November,Q4,Wednesday
2021-11-26,23.719482243439145,23.85245182110325,23.600200683110277,23.71361541748047,1701500,23.899385452270508,-0.18577003479003906,-0.7773004672485873,0.2522511379929746,1.0634765776253305,24.088224955967494,23.393903923034667,22.683061256408692,20.75810965538025,1.6191615093159233,2021,11,November,Q4,Friday
2021-11-29,23.821165510433858,23.883738771991137,23.66081989594737,23.74685859680176,2046500,23.71361541748047,0.033243179321292615,0.14018604390786393,0.22291887604376726,0.9358017177880195,24.01028605869838,23.4521759668986,22.72605453491211,20.76638416290283,1.61669019349048,2021,11,November,Q4,Monday
2021-11-30,23.92285012589043,24.05386348417055,23.58064779922206,23.82703399658203,3232000,23.74685859680176,0.08017539978026988,0.33762528821841276,0.47321568494848876,1.9780907477924319,23.917821884155273,23.51540184020996,22.779001388549805,20.773658475875855,1.6130157520344646,2021,11,November,Q4,Tuesday
2021-12-01,24.10275082973155,24.1790121148592,23.322530039535508,23.342084884643555,4380500,23.82703399658203,-0.48494911193847656,-2.035289461575629,0.8564820753236937,3.5534619321011043,23.75384385245187,23.560246658325195,22.807226905822755,20.778556690216064,1.6678928014005185,2021,12,December,Q4,Wednesday
2021-12-02,23.254091114096983,23.668644153968422,23.074190632746014,23.496564865112305,3183500,23.342084884643555,0.15447998046875,0.6618088368377961,0.5944535212224089,2.556339520240557,23.69127001081194,23.610436248779298,22.82995777130127,20.78558943748474,1.6692405851321892,2021,12,December,Q4,Thursday
2021-12-03,23.75468272796954,23.81139103535969,23.1700066331887,23.469188690185547,3268500,23.496564865112305,-0.027376174926757812,-0.11651139255426379,0.641384402170992,2.7000335450315447,23.64210455758231,23.660951805114745,22.84866840362549,20.790519943237303,1.668831080150811,2021,12,December,Q4,Friday
2021-12-06,23.48092144128103,23.71752835503088,23.37923848393553,23.66082191467285,2058000,23.469188690185547,0.1916332244873047,0.8165310996346653,0.33828987109534836,1.440701004606285,23.608024052211217,23.713292439778645,22.862978591918946,20.798607482910157,1.6707474138244556,2021,12,December,Q4,Monday
2021-12-07,24.11057263330111,24.48210724036583,23.95413759817472,24.39606666564941,3117000,23.66082191467285,0.735244750976559,3.1074353783145936,0.5279696421911098,2.189784748048195,23.705517087663925,23.77495396931966,22.89722225189209,20.811198272705077,1.720160078060472,2021,12,December,Q4,Tuesday
2021-12-08,24.493840472642287,24.638543727847672,24.31393998515716,24.62681007385254,1756500,24.39606666564941,0.23074340820312855,0.9458221743918527,0.3246037426905133,1.3252464147183058,23.83122444152832,23.836289596557616,22.94591278076172,20.827696247100832,1.7183865846796482,2021,12,December,Q4,Wednesday
2021-12-09,24.257227908499345,24.37064451019283,23.961956481797756,24.02257537841797,2863000,24.62681007385254,-0.6042346954345703,-2.4535646054951954,0.4086880283950727,1.6848092862741126,23.85915892464774,23.89899400075277,22.990379409790037,20.84362491607666,1.69605487814616,2021,12,December,Q4,Thursday
2021-12-10,24.012801510035573,24.120351301558077,23.89938675641121,24.102752685546875,2009000,24.02257537841797,0.08017730712890625,0.33375816649923173,0.2209645451468667,0.9201947763342812,23.967825753348215,23.931389172871906,23.03996940612793,20.861190090179445,1.5012337268253753,2021,12,December,Q4,Friday
2021-12-13,23.958049925727533,24.01671260192619,23.57087290608126,23.580650329589844,2444500,24.102752685546875,-0.5221023559570312,-2.166152400800714,0.4458396958449313,1.8609181349361952,23.97983796255929,23.962676175435384,23.08330192565918,20.873936166763304,1.5040003216878737,2021,12,December,Q4,Monday
2021-12-14,23.58260412135059,23.666686598093587,23.363593960084305,23.58455848693848,1742500,23.580650329589844,0.003908157348636365,0.01657357746291943,0.3030926380092822,1.285238205457031,23.996319362095424,23.958569780985513,23.136646308898925,20.88894931793213,1.2329435427575661,2021,12,December,Q4,Tuesday
2021-12-15,23.932628449208483,24.24745288592939,23.707751453882903,24.218122482299805,4096500,23.58455848693848,0.6335639953613246,2.686350883830202,0.5397014320464883,2.255086327821789,24.075933728899276,23.96202449798584,23.20367877960205,20.908346490859984,1.2911578333423535,2021,12,December,Q4,Wednesday
2021-12-16,24.17705564433693,24.249406327114453,23.774234448504167,23.89742660522461,3902000,24.218122482299805,-0.3206958770751953,-1.3241979319808195,0.4751718786102863,1.9653835669670858,24.004699434552872,23.955962562561034,23.268794898986815,20.928747682571412,1.3141686768479206,2021,12,December,Q4,Thursday
2021-12-17,23.739042680964737,23.981516454450997,23.64322467218554,23.68624496459961,3053500,23.89742660522461,-0.211181640625,-0.883700341939031,0.33829178226545764,1.4250439110449828,23.870332990373885,23.946055094401043,23.327653732299805,20.945855178833007,1.3219944595551356,2021,12,December,Q4,Friday
2021-12-20,23.19933746001666,23.36750427634191,23.02334758687554,23.25995635986328,2563000,23.68624496459961,-0.4262886047363281,-1.7997306258271006,0.3441566894663701,1.4834763710796204,23.761387416294642,23.91822280883789,23.372472496032714,20.964616031646727,1.3567777873465172,2021,12,December,Q4,Monday
2021-12-21,23.42616881032098,23.69797669848242,23.27169000006233,23.57282829284668,4182500,23.25995635986328,0.31287193298339844,1.3451097162128889,0.4262866984200926,1.819703007656469,23.685683931623185,23.899972025553385,23.41705654144287,20.98370557785034,1.3821616228502216,2021,12,December,Q4,Tuesday
2021-12-22,23.760548837436584,24.165324439691982,23.760548837436584,24.07146453857422,3333000,23.57282829284668,0.49863624572753906,2.115300885973248,0.4047756022553983,1.7035616686498545,23.755800247192383,23.904078483581543,23.47239543914795,21.005803985595705,1.4321460067474319,2021,12,December,Q4,Wednesday
2021-12-23,24.19856830274764,24.300251265128683,24.07341989790537,24.22007751464844,2572000,24.07146453857422,0.1486129760742223,0.6173823609114892,0.22683136722331199,0.9373751553622134,23.846588679722377,23.919787152608237,23.528555641174318,21.026495227813722,1.4265864104274968,2021,12,December,Q4,Thursday
2021-12-27,24.458641385017494,24.912302233271568,24.39215565702932,24.87514877319336,2741000,24.22007751464844,0.6550712585449183,2.704662105844746,0.5201465762422472,2.1266372406149707,23.940449578421457,23.96026471455892,23.589487075805664,21.049138584136962,1.5019366531655678,2021,12,December,Q4,Monday
2021-12-28,25.02962904669819,25.08829171674349,24.88883640076627,24.92794609069824,2078500,24.87514877319336,0.05279731750487926,0.21224925320557642,0.19945531597722166,0.7968768358695792,24.08766664777483,23.99011777242025,23.648072052001954,21.07123839378357,1.4788107226925216,2021,12,December,Q4,Tuesday
2021-12-29,24.83408692440186,24.85950859848729,24.697206725027524,24.773468017578125,1295500,24.92794609069824,-0.15447807312011363,-0.6196983600576522,0.16230187345976788,0.6535447586771986,24.242984226771764,24.014495595296225,23.70493625640869,21.091427431106567,1.4851274357283484,2021,12,December,Q4,Wednesday
2021-12-30,24.68742760061616,24.773466310744617,24.591611467655632,24.62289810180664,1161000,24.773468017578125,-0.15056991577148438,-0.607786990762238,0.1818548430889848,0.7366293727761494,24.43769018990653,24.01997076670329,23.757459411621095,21.111476602554323,1.4582182286557615,2021,12,December,Q4,Thursday
2021-12-31,24.59943342260644,24.79302192503659,24.540770748648058,24.716760635375977,1375000,24.62289810180664,0.09386253356933594,0.38120018683929224,0.25225117638853334,1.0254349035401726,24.601109095982142,24.034115091959634,23.811977081298828,21.132569131851195,1.4532071982980048,2021,12,December,Q4,Friday
2022-01-03,24.71675925715375,24.86732746236383,24.57009978315645,24.69133758544922,1868500,24.716760635375977,-0.025423049926757812,-0.10285753178501666,0.2972276792073778,1.2025349930183564,24.689662388392858,24.041350237528484,23.86672939300537,21.1536123752594,1.447759366126906,2022,1,January,Q1,Monday
2022-01-04,25.133268533751963,25.285792980893305,24.99638833690184,25.139135360717773,3543500,24.69133758544922,0.4477977752685547,1.8135824911018394,0.28940464399146393,1.1514803321454856,24.82095636640276,24.062990379333495,23.92770004272461,21.17530867576599,1.4835743332649276,2022,1,January,Q1,Tuesday
2022-01-05,26.11685351824385,26.15400697838321,25.090248382790445,25.145000457763672,12972000,25.139135360717773,0.0058650970458984375,0.023330544037181156,1.0637585955927662,4.073073331171693,24.859506607055664,24.103337669372557,23.979675636291503,21.198766193389893,1.4149895979603957,2022,1,January,Q1,Wednesday
2022-01-06,24.521213529630973,24.69915776485584,23.92871629082177,24.07341766357422,9182500,25.145000457763672,-1.0715827941894531,-4.261613739038905,0.7704414740340688,3.1419386039075183,24.737431117466517,24.11200669606527,24.005409164428713,21.21955114364624,1.6274258138733215,2022,1,January,Q1,Thursday
2022-01-07,24.54076739227138,24.587698270960583,24.110570157423734,24.308069229125977,2874000,24.07341766357422,0.2346515655517578,0.9747330804084964,0.4771281135368497,1.9442265431647079,24.67094557625907,24.125629488627116,24.04874168395996,21.24121747016907,1.6353187958663535,2022,1,January,Q1,Friday
2022-01-10,24.149683080342506,24.18879090792173,23.69406411480295,24.085153579711918,5156000,24.308069229125977,-0.22291564941405895,-0.9170438314654805,0.4947267931187831,2.048585033074341,24.594124930245535,24.13801409403483,24.067826805114745,21.259074125289917,1.6380108662270823,2022,1,January,Q1,Monday
2022-01-11,24.2982934279202,24.712846442569514,24.21812154759384,24.701114654541016,3996000,24.085153579711918,0.615961074829098,2.557430546541961,0.4947248949756755,2.0360479078222293,24.591889790126256,24.169822629292806,24.109008293151856,21.27859320640564,1.7001198983616523,2022,1,January,Q1,Tuesday
2022-01-12,24.70307294025552,24.96119094688425,24.68938492065711,24.86341857910156,1728000,24.701114654541016,0.16230392456054332,0.6570712570280968,0.2718060262271429,1.100292368016347,24.616472789219447,24.204368782043456,24.132121658325197,21.300962562561036,1.702364096952444,2022,1,January,Q1,Wednesday
2022-01-13,24.798886826658755,24.83408405533073,24.345224125639767,24.403886795043945,2752500,24.86341857910156,-0.45953178405761363,-1.8482244611521925,0.4888599296909639,1.971297877634735,24.511437279837473,24.239762179056804,24.137909774780272,21.31957102775574,1.6943845849357746,2022,1,January,Q1,Thursday
2022-01-14,24.26896407570324,24.442997727199774,24.10861844325864,24.401933670043945,2223500,24.403886795043945,-0.001953125,-0.008003335765338626,0.3343792839411357,1.3778061679851343,24.405284881591797,24.269941139221192,24.144362754821778,21.337340564727782,1.6919870476184626,2022,1,January,Q1,Friday
2022-01-18,23.645177638083094,23.79770207392434,22.53448816557308,22.65181350708008,15215500,24.401933670043945,-1.7501201629638636,-7.172055242131603,1.2632139083512612,5.342374363543455,24.202198573521205,24.24269529978434,24.11772964477539,21.341940574645996,2.155686287817248,2022,1,January,Q1,Tuesday
2022-01-19,21.99869697439795,22.219661499900425,21.513747637638065,21.517658233642575,19807500,22.65181350708008,-1.134155273437507,-5.006907164775187,0.70591386226236,3.208889431423604,23.80356843130929,24.171256510416665,24.066184310913087,21.342323274612426,2.326205108332251,2022,1,January,Q1,Wednesday
2022-01-20,22.4249838560968,22.632260365141764,22.19424190594744,22.219661712646484,8734500,21.517658233642575,0.7020034790039098,3.262452964822793,0.4380184591943248,1.953260978938178,23.53706959315709,24.098709678649904,24.02817050933838,21.34527953147888,2.3341691165436806,2022,1,January,Q1,Thursday
2022-01-21,21.883329123207645,22.04758536795265,21.588057636925857,21.828577041625977,8768000,22.219661712646484,-0.3910846710205078,-1.76008382160886,0.45952773102679245,2.0998986417448497,23.126707077026367,24.00543524424235,23.985776634216307,21.347294845581054,2.3372803129040958,2022,1,January,Q1,Friday
2022-01-24,21.53134648989917,21.652584291641386,20.85085429142905,21.61543083190918,9229500,21.828577041625977,-0.21314620971679688,-0.9764548981380572,0.8017300002123342,3.723547900677941,22.662708827427455,23.925197092692056,23.94310890197754,21.346322736740113,2.3073358305076517,2022,1,January,Q1,Monday
2022-01-25,21.21847929849248,21.73862594026115,21.02098018496875,21.49419593811035,3712000,21.61543083190918,-0.12123489379882812,-0.5608719749405022,0.717645755292402,3.382173365003537,22.24703870500837,23.83824520111084,23.89977638244629,21.34513465881348,2.3043059897283826,2022,1,January,Q1,Tuesday
2022-01-26,21.93221251235466,22.033895473745527,21.35535760924353,21.515705108642575,5123000,21.49419593811035,0.02150917053222301,0.10006966808229212,0.6785378645019975,3.0937957769639954,21.834720339093888,23.769413693745932,23.849443397521974,21.343576164245604,2.279899201810332,2022,1,January,Q1,Wednesday
2022-01-27,20.55558218523901,20.686597405327937,20.1234305657485,20.135162353515625,8099500,21.515705108642575,-1.3805427551269496,-6.416442074084772,0.5631668395794378,2.739727021615805,21.47519874572754,23.654433822631837,23.77130397796631,21.335212478637697,2.5389151561819188,2022,1,January,Q1,Thursday
2022-01-28,20.453901593349915,20.89387632033503,20.182095564411103,20.89192008972168,4824500,20.135162353515625,0.7567577362060547,3.758389045588828,0.7117807559239253,3.4799265689013743,21.385807582310267,23.543560409545897,23.699969520568846,21.329666843414305,2.592203904924539,2022,1,January,Q1,Friday
2022-01-31,21.35731396364321,22.155133409624256,21.34166971377975,21.834442138671875,9391000,20.89192008972168,0.9425220489501953,4.511418983523163,0.8134636958445043,3.808829599214922,21.33077621459961,23.474794260660808,23.650809745788575,21.330462875366212,2.739725909702794,2022,1,January,Q1,Monday
2022-02-01,21.863771771334893,22.029984227750184,21.695604949288622,22.01042938232422,5095500,21.834442138671875,0.17598724365234375,0.8060075111360199,0.33437927846156157,1.5293760013537958,21.356755120413645,23.418933741251628,23.60153266906738,21.33323139190674,2.74390300144816,2022,2,February,Q1,Tuesday
2022-02-02,23.035081730018007,23.269734296580424,21.824665434302915,21.94981384277344,7856000,22.01042938232422,-0.0606155395507777,-0.27539462541996684,1.445068862277509,6.273339418606783,21.404524121965682,23.3752623240153,23.550730323791505,21.33703324317932,2.7274611835172236,2022,2,February,Q1,Wednesday
2022-02-03,21.42379866772225,21.556768258204155,21.09528435515641,21.124616622924805,5100000,21.94981384277344,-0.8251972198486364,-3.7594725210861712,0.4614839030477462,2.154071321362033,21.351727076939174,23.293655268351237,23.494531021118163,21.33687494277954,2.78908572197374,2022,2,February,Q1,Thursday
2022-02-04,21.26540832547563,21.45117563300637,21.026845171501048,21.337759017944336,4076000,21.124616622924805,0.21314239501953125,1.0089763938637697,0.4243304615053205,1.995402369005909,21.326306206839426,23.202531750996908,23.44501926422119,21.337294616699218,2.762876368417443,2022,2,February,Q1,Friday
2022-02-07,21.392510798649926,21.666273044648275,21.28300664619168,21.460952758789062,3316500,21.337759017944336,0.12319374084472656,0.5773508864784116,0.3832663984565947,1.7915914689209018,21.5157048361642,23.110560925801597,23.39625061035156,21.3373547744751,2.762395939971868,2022,2,February,Q1,Monday
2022-02-08,21.3182071079846,21.48833017427336,21.216524141369156,21.46486473083496,3000000,21.460952758789062,0.0039119720458984375,0.01822832420288467,0.27180603290420535,1.2749948038660444,21.597554070608957,22.996884791056313,23.351275596618652,21.33842948913574,2.7023531251540285,2022,2,February,Q1,Tuesday
2022-02-09,21.386647622133477,21.88723940719754,21.316251290453984,21.795333862304688,4847000,21.46486473083496,0.33046913146972656,1.53958170998858,0.5709881167435569,2.669834594144758,21.591967173985072,22.892464383443198,23.31224510192871,21.343351383209228,2.7244191718865944,2022,2,February,Q1,Wednesday
2022-02-10,21.429663866119803,21.897014600854423,21.384689213593585,21.49223899841309,2654500,21.795333862304688,-0.303094863891598,-1.3906410693520277,0.5123253872608373,2.390729926804038,21.517939976283483,22.78309008280436,23.26554920196533,21.348884353637697,2.730094402754346,2022,2,February,Q1,Thursday
2022-02-11,21.49028311106048,21.62520893564614,20.98969136898491,21.077686309814453,3803500,21.49223899841309,-0.41455268859863637,-1.928848309518827,0.6355175666612283,2.9572321750109665,21.39335032871791,22.66491635640462,23.22026123046875,21.35199338912964,2.743584904211526,2022,2,February,Q1,Friday
2022-02-14,20.92907125124981,21.0952837004065,20.753081379807128,20.94471549987793,3987500,21.077686309814453,-0.13297080993652344,-0.6308605602248107,0.34220232059937317,1.635057363469667,21.367650168282644,22.539181518554688,23.169224243164063,21.35901259422302,2.738850550493168,2022,2,February,Q1,Monday
2022-02-15,20.94666969803324,21.25171855744915,20.94471533250323,21.20869827270508,3165500,20.94471549987793,0.263982772827152,1.2603788904589797,0.3070032249459196,1.4656421730598315,21.349212918962753,22.42309354146322,23.124014434814452,21.368122329711912,2.757147672304823,2022,2,February,Q1,Tuesday
2022-02-16,20.72961331265868,20.889958915155983,20.65530640458257,20.82934188842773,2588000,21.20869827270508,-0.37935638427735086,-1.7886830176917057,0.23465251057341163,1.1319676205929006,21.258982794625418,22.27943375905355,23.06738483428955,21.377852039337156,2.732683007250856,2022,2,February,Q1,Wednesday
2022-02-17,20.6572683847832,20.725708486311195,20.463679869809912,20.494966506958008,4354000,20.82934188842773,-0.334375381469723,-1.605309391246268,0.26202861650128284,1.2684572404273036,21.120425905500138,22.124432627360026,22.989362831115724,21.38509045600891,2.7362902321150524,2022,2,February,Q1,Thursday
2022-02-18,20.45194620990497,20.57709462331697,20.27986877320977,20.38155174255371,3058000,20.494966506958008,-0.11341476440429688,-0.5533786277025277,0.2972258501071998,1.4532888315697408,20.91845703125,22.001370429992676,22.904457664489748,21.391644763946534,2.649546414864463,2022,2,February,Q1,Friday
2022-02-22,19.96504022495292,20.40305869084096,19.96504022495292,20.07845497131348,4950000,20.38155174255371,-0.3030967712402308,-1.4871133222276178,0.4380184658880424,2.1939272896660307,20.716487884521484,21.860383288065595,22.825575256347655,21.397376155853273,2.6397970942660263,2022,2,February,Q1,Tuesday
2022-02-23,20.23293437417146,20.31115188587472,19.75580624738477,19.8105583190918,4126500,20.07845497131348,-0.2678966522216797,-1.3342493364376318,0.5553456384899533,2.744760736232531,20.535469600132533,21.717896779378254,22.739731369018553,21.401416912078858,2.6426172028914814,2022,2,February,Q1,Wednesday
2022-02-24,19.02251758626449,19.966996477866317,19.020563220637783,19.943531036376957,5434000,19.8105583190918,0.13297271728515625,0.6712214524363436,0.9464332572285343,4.975331224884352,20.392443248203826,21.559310658772787,22.666988983154297,21.40743942260742,2.5863791128096194,2022,2,February,Q1,Thursday
2022-02-25,20.117564877489865,20.40110267885421,19.97677222720405,20.35417366027832,3182000,19.943531036376957,0.41064262390136363,2.05902667462623,0.4243304516501567,2.109253551482031,20.270368303571427,21.409002494812015,22.602381286621092,21.418441591262816,2.623724467039254,2022,2,February,Q1,Friday
2022-02-28,20.047167533639332,20.16058414030392,19.822292415561535,20.04912376403809,3546500,20.35417366027832,-0.3050498962402308,-1.498709313046409,0.3382917247423869,1.6874789127926937,20.158908571515763,21.26384372711182,22.51900131225586,21.42799654006958,2.618904626184122,2022,2,February,Q1,Monday
2022-03-01,19.9845951935723,20.01783805792096,19.618927415442435,19.722566604614254,3199000,20.04912376403809,-0.32655715942383523,-1.6287851941418907,0.39891064247852626,1.9960906819209878,20.0485657283238,21.107864824930832,22.435504112243652,21.434767637252808,2.6225733965224185,2022,3,March,Q1,Tuesday
2022-03-02,19.667814312931217,19.9787300416562,19.667814312931217,19.89464569091797,2443000,19.722566604614254,0.1720790863037145,0.8724984417771253,0.3109157287249822,1.5808351847239117,19.979007720947266,21.015959231058755,22.35967212677002,21.442623481750488,2.3301510559652314,2022,3,March,Q1,Wednesday
2022-03-03,19.94744397334621,19.94744397334621,19.509425455563843,19.599374771118164,2697000,19.89464569091797,-0.2952709197998047,-1.4841727989888143,0.43801851778236767,2.1958628803151337,19.910567692347936,20.952016448974614,22.28646049499512,21.44794946670532,2.1737737288402523,2022,3,March,Q1,Thursday
2022-03-04,19.30801244549211,19.358853926762748,19.09878155842459,19.255216598510746,2766000,19.599374771118164,-0.3441581726074183,-1.7559650582046782,0.2600723683381574,1.346966028079587,19.831233160836355,20.853201611836756,22.200108261108397,21.451252269744874,2.082316735051868,2022,3,March,Q1,Friday
2022-03-07,19.055759273523226,19.159398455771324,18.729201208173176,18.737022399902344,3801000,19.255216598510746,-0.518194198608402,-2.691188623910268,0.4301972475981479,2.257570750255435,19.658874784197128,20.750149790445967,22.09341941833496,21.450413084030153,2.109203982784245,2022,3,March,Q1,Monday
2022-03-08,18.75853157482969,19.394049027356377,18.674447245271995,19.04989051818848,4706500,18.737022399902344,0.31286811828613637,1.669785687440739,0.7196017820843821,3.836130665205949,19.472548621041433,20.66463177998861,21.99001567840576,21.45164547920227,2.1430525007114722,2022,3,March,Q1,Tuesday
2022-03-09,18.932569617510605,19.37254248057045,18.932569617510605,19.229795455932617,4368500,19.04989051818848,0.17990493774413707,0.9443883027693278,0.4399728630598432,2.323894072217832,19.35550171988351,20.589151763916018,21.877108612060546,21.453387184143068,2.156683380792394,2022,3,March,Q1,Wednesday
2022-03-10,19.568088488102763,19.70301432873053,19.396009182155076,19.589597702026367,4085000,19.229795455932617,0.35980224609375,1.8710664235523478,0.3070051465754524,1.568907186627396,19.336506162370956,20.52494818369548,21.77034164428711,21.4553964138031,2.1932906891086943,2022,3,March,Q1,Thursday
2022-03-11,19.620882353066428,19.62870354480274,19.01665146740041,19.028383255004883,2561000,19.589597702026367,-0.5612144470214844,-2.864859480822479,0.6120520774023284,3.119391199584225,19.21275438581194,20.488055547078453,21.655439949035646,21.45453127861023,1.9313394432583768,2022,3,March,Q1,Friday
2022-03-14,18.96776760860426,19.098782849336978,18.44566474122202,18.535615921020508,3738000,19.028383255004883,-0.492767333984375,-2.5896437305295783,0.6531181081149562,3.4433050931027083,19.06078883579799,20.409512074788417,21.53369430541992,21.450080509185792,1.8312171649031932,2022,3,March,Q1,Monday
2022-03-15,18.96776557261403,19.22588356498175,18.891504286165706,19.182865142822266,4131000,18.535615921020508,0.6472492218017578,3.4919218468901114,0.33437927881604423,1.762881756082153,19.05045291355678,20.32112617492676,21.423016395568848,21.448826961517334,1.7446923312460352,2022,3,March,Q1,Tuesday
2022-03-16,19.724519979796032,20.15471723453185,19.624793256610477,20.09214210510254,4304500,19.182865142822266,0.9092769622802734,4.74004772233152,0.5299239779213742,2.6866254715662494,19.244041442871094,20.257183265686038,21.331032485961913,21.452539262771605,1.972652661250893,2022,3,March,Q1,Wednesday
2022-03-17,20.06085693460911,20.483233028263705,19.998283665472812,20.45781135559082,2314000,20.09214210510254,0.36566925048828125,1.8199614982586487,0.48494936279089274,2.4173910634607796,19.445172991071427,20.20744984944662,21.237406005859373,21.45917245864868,2.0097418923808337,2022,3,March,Q1,Thursday
2022-03-18,20.42065858360411,20.764817170029545,20.42065858360411,20.751129150390625,2328000,20.45781135559082,0.2933177947998047,1.4337691833278488,0.3441585864254364,1.6853451861820155,19.662506375994003,20.195000267028814,21.149528579711912,21.466599159240722,1.915347181381472,2022,3,March,Q1,Friday
2022-03-21,20.6787755748238,20.721795862226124,20.31310779403581,20.42456817626953,3049500,20.751129150390625,-0.32656097412109375,-1.5737021911164106,0.40868806819031533,1.976364928917208,19.781787872314453,20.164560572306318,21.07655158996582,21.47050060272217,1.924508957312195,2022,3,March,Q1,Monday
2022-03-22,20.555584143821644,20.794147301490856,20.555584143821644,20.67486572265625,2869000,20.42456817626953,0.25029754638671875,1.2254728923842384,0.238563157669212,1.160575909689808,20.016999653407506,20.138357671101893,21.003887519836425,21.476180305480955,1.9363005904621051,2022,3,March,Q1,Tuesday
2022-03-23,20.547762471586417,20.663133451432937,20.363949531190528,20.36590576171875,2099000,20.67486572265625,-0.3089599609375,-1.4943746918700929,0.2991839202424096,1.4560413604942295,20.27846963065011,20.101725705464684,20.92950256347656,21.480841960906982,1.9525716188550697,2022,3,March,Q1,Wednesday
2022-03-24,20.72766425462578,21.024890098181725,20.715930600423928,20.99555969238281,2753000,20.36590576171875,0.629653930664059,3.091706001348604,0.3089594977577974,1.4905659121183765,20.537425994873047,20.07506656646729,20.8553914642334,21.490495557785035,2.0185181185798213,2022,3,March,Q1,Thursday
2022-03-25,20.74330445933164,20.88409710583281,20.510608143794588,20.78436851501465,3896500,20.99555969238281,-0.2111911773681605,-1.005884960736625,0.37348896203822335,1.8005277932957524,20.636315482003347,20.051470883687337,20.77381046295166,21.498234786987304,2.011276941542499,2022,3,March,Q1,Friday
2022-03-28,20.401102793113623,20.551672867028078,20.34244012092568,20.53798484802246,3549500,20.78436851501465,-0.2463836669921875,-1.1854277257170476,0.20923274610239773,1.0255952740604988,20.647768838065012,20.033480834960937,20.69649242401123,21.50376660346985,1.992357686275636,2022,3,March,Q1,Monday
2022-03-29,20.87458808031152,20.94320260076885,20.535436040678796,20.74127960205078,2905000,20.53798484802246,0.2032947540283203,0.9898476190953742,0.4077665600900531,1.953411288985626,20.64636175973075,20.0266996383667,20.62327934265137,21.51048071861267,1.9985150723455414,2022,3,March,Q1,Tuesday
2022-03-30,20.68834974048797,20.843222252180517,20.55700060533146,20.621694564819336,1775000,20.74127960205078,-0.11958503723144531,-0.5765557358361928,0.28622164684905727,1.383491919072257,20.67452267238072,20.00713284810384,20.58267696380615,21.516967601776123,1.9862472664647806,2022,3,March,Q1,Wednesday
2022-03-31,20.50602784248248,20.50602784248248,20.12570524274177,20.135507583618164,2456500,20.621694564819336,-0.4861869812011719,-2.3576480568702096,0.3803225997407118,1.8546868397047371,20.597471509660995,19.984005037943522,20.555033950805665,21.523179359436035,2.005798765868208,2022,3,March,Q1,Thursday
2022-04-01,20.198245512522373,20.24921657169765,20.006122965043705,20.17667961120605,2887500,20.135507583618164,0.04117202758788707,0.20447474401581456,0.24309360665394664,1.2035382306014406,20.570439202444895,19.97339547475179,20.514174308776855,21.53031885147095,1.9858797005657334,2022,4,April,Q2,Friday
2022-04-04,20.255096245623527,20.594250187264333,20.237452777192487,20.592288970947266,3732500,20.17667961120605,0.4156093597412145,2.0598501227644395,0.3567974100718452,1.7615192035877765,20.512829099382675,19.980420049031576,20.48944854736328,21.540833768844603,2.0193080939765964,2022,4,April,Q2,Monday
2022-04-05,20.260977486285647,20.290384512625955,19.74538513483134,19.819881439208984,3390500,20.592288970947266,-0.7724075317382812,-3.7509551892363047,0.544999377794614,2.6898967641789047,20.375045231410436,19.97180093129476,20.45353755950928,21.545399103164673,2.118733209634716,2022,4,April,Q2,Tuesday
2022-04-06,19.48856927476879,19.56894735327389,19.319971992403858,19.480728149414062,3345000,19.819881439208984,-0.3391532897949219,-1.7111771875889525,0.24897536087003402,1.2775456081959502,20.224008560180664,19.960806592305502,20.413268203735353,21.54749803543091,2.1278837795411913,2022,4,April,Q2,Wednesday
2022-04-07,19.261162282328005,19.36898618300323,19.09060563156164,19.251359939575195,4687500,19.480728149414062,-0.2293682098388672,-1.177410865136297,0.2783805514415896,1.445294667897596,20.011162894112722,19.93773422241211,20.367981300354003,21.549971876144408,2.133512839298335,2022,4,April,Q2,Thursday
2022-04-08,19.245478591204847,19.533659594254942,19.2062692231241,19.26508140563965,2995500,19.251359939575195,0.013721466064453125,0.07127530786148473,0.3273903711308428,1.7011287590450448,19.81736101422991,19.901431147257487,20.350579681396486,21.551899785995484,2.094800992487713,2022,4,April,Q2,Friday
2022-04-11,18.47894822567812,18.498552906219413,18.179003717896205,18.1986083984375,5780500,19.26508140563965,-1.0664730072021484,-5.535782511097775,0.319549188323208,1.7292606939564144,19.540661130632675,19.839747301737468,20.296713447570802,21.547051620483398,2.302958515421934,2022,4,April,Q2,Monday
2022-04-12,18.228017516181616,18.231938078819844,17.74183222653762,17.80652618408203,5862500,18.1986083984375,-0.39208221435546875,-2.1544626147850576,0.49010585228222325,2.6887501718008555,19.20206778390067,19.775879287719725,20.216155128479002,21.54002841949463,2.3154106160345584,2022,4,April,Q2,Tuesday
2022-04-13,17.800646196219375,18.030015025278587,17.732031669133526,17.994728088378906,4094000,17.80652618408203,0.188201904296875,1.0569265580004927,0.29798335614506044,1.6740030269707187,18.830987657819474,19.712548700968423,20.135841102600097,21.532570819854737,2.318911971866947,2022,4,April,Q2,Wednesday
2022-04-14,18.02021336135735,18.02021336135735,17.45364997445948,17.4752140045166,6653500,17.994728088378906,-0.5195140838623047,-2.8870349210656343,0.5665633868978688,3.1440437221060358,18.496035167149135,19.641743342081707,20.04634910583496,21.52511043548584,2.357276241924642,2022,4,April,Q2,Thursday
2022-04-18,17.326224287643413,17.51050383604938,17.238005076443972,17.345827102661133,4209500,17.4752140045166,-0.12938690185546875,-0.7404023883314292,0.2724987596054085,1.572753273197249,18.191049303327286,19.578097025553387,19.97077331542969,21.515998363494873,2.3437125723822976,2022,4,April,Q2,Monday
2022-04-19,17.24780735263424,17.518344894897925,17.161547488464443,17.5105037689209,5374000,17.345827102661133,0.16467666625976562,0.9493733869542664,0.3567974064334827,2.0686537084900207,17.94235556466239,19.537213071187338,19.894228210449217,21.504393033981323,2.3107691512552186,2022,4,April,Q2,Tuesday
2022-04-20,17.65557443377091,17.692822587596066,17.42424438462699,17.46149253845215,3923500,17.5105037689209,-0.04901123046875,-0.2798961761210972,0.2685782029690742,1.521209088815304,17.68470001220703,19.484266471862792,19.81423900604248,21.49309867858887,2.283640732246464,2022,4,April,Q2,Wednesday
2022-04-21,17.79672602890987,17.85553821491895,17.271333178736622,17.2811336517334,3315000,17.46149253845215,-0.18035888671875,-1.0328950192635578,0.584205036182329,3.2826545468718114,17.553632191249303,19.419311078389487,19.73056438446045,21.48123417854309,2.2760682609204324,2022,4,April,Q2,Thursday
2022-04-22,17.15762539220732,17.19879410431616,16.77142286306965,16.781225204467773,4398500,17.2811336517334,-0.499908447265625,-2.892798917827255,0.4273712412465116,2.490853084137248,17.40716062273298,19.3256986618042,19.63028221130371,21.468235816955566,2.2833500423210316,2022,4,April,Q2,Friday
2022-04-25,16.94198025500421,17.18311262938716,16.836117580573617,17.169389724731445,5501000,16.781225204467773,0.3881645202636719,2.3130880822714195,0.34699504881354315,2.048137488007342,17.289255142211914,19.263732210795084,19.543825225830076,21.454544467926027,2.2932614136786116,2022,4,April,Q2,Monday
2022-04-26,16.916493127472165,16.957661839821363,16.506765350507983,16.514606475830078,5406000,17.169389724731445,-0.6547832489013672,-3.81366641097437,0.45089648931337933,2.6654253095822167,17.152025495256698,19.196365229288737,19.45256362915039,21.43537461280823,2.345392890321028,2022,4,April,Q2,Tuesday
2022-04-27,16.51656712520751,16.902769643347636,16.469516635678517,16.75181770324707,5455000,16.514606475830078,0.2372112274169922,1.4363722669635592,0.43325300766911923,2.623141990613113,17.067167009626115,19.115330314636232,19.368705673217775,21.417410326004028,2.257436863104589,2022,4,April,Q2,Wednesday
2022-04-28,16.940019033425227,17.234083679733047,16.789067082260203,17.1144962310791,3680000,16.75181770324707,0.36267852783203125,2.1650099962688296,0.4450165974728435,2.6270135623505397,17.010594504220144,19.01607545216878,19.286821632385255,21.400976552963257,2.097529168067338,2022,4,April,Q2,Thursday
2022-04-29,17.07136877717038,17.349749312509676,16.851800425340386,16.869443893432617,3220500,17.1144962310791,-0.24505233764648438,-1.4318407877030093,0.4979488871692901,2.9168656226043184,16.926016126360214,18.896463203430176,19.20762367248535,21.384975833892824,2.056498088279443,2022,4,April,Q2,Friday
2022-05-02,16.80474945523662,16.95570327710058,16.54205304874818,16.87924575805664,3114500,16.869443893432617,0.009801864624023438,0.05810425456787005,0.41365022835239884,2.4615078579674927,16.868603570120676,18.76740042368571,19.135309257507323,21.370360527038574,2.02420429068978,2022,5,May,Q2,Monday
2022-05-03,16.86552333395792,17.002754254982072,16.80474993415668,16.92433738708496,2706500,16.87924575805664,0.04509162902832031,0.2671424403356326,0.19800432082539388,1.1740182436362452,16.889048167637416,18.650726064046225,19.06616497039795,21.358945903778075,2.0236414159366816,2022,5,May,Q2,Tuesday
2022-05-04,16.910612858330058,17.390916361785923,16.71456977260686,17.353668212890625,2233000,16.92433738708496,0.42933082580566406,2.536765936451313,0.6763465891790617,3.999539193790352,16.91537366594587,18.540019480387368,19.01166923522949,21.349063386917113,2.077966902263292,2022,5,May,Q2,Wednesday
2022-05-05,17.067446399478843,17.1399814804147,16.506764825462895,16.64987564086914,3367000,17.353668212890625,-0.7037925720214844,-4.055583888014491,0.6332166549518057,3.7100843332435547,16.93469783238002,18.416151809692384,18.94845558166504,21.334315729141235,2.168290360736536,2022,5,May,Q2,Thursday
2022-05-06,16.551855656464788,16.65575898667885,16.289159245757677,16.400903701782227,4126500,16.64987564086914,-0.24897193908691406,-1.4953381301886837,0.3665997409211741,2.2148558356838275,16.884567260742188,18.262996610005697,18.877603034973145,21.31923041343689,2.0543450322516277,2022,5,May,Q2,Friday
2022-05-09,16.167612721186238,16.193099184909865,15.78729193846535,15.848063468933104,5499000,16.400903701782227,-0.5528402328491229,-3.37079128626947,0.4058072464445157,2.510001033812128,16.70364829472133,18.098453108469645,18.78748083114624,21.300278601646422,2.1072414158811417,2022,5,May,Q2,Monday
2022-05-10,16.265631261650228,16.42834674727344,15.824535290937334,16.075469970703125,5797500,15.848063468933104,0.2274065017700213,1.434916652219398,0.603811456336107,3.712191962446144,16.590223448617117,17.949702612559,18.708007755279542,21.283800253868105,2.1479739800495263,2022,5,May,Q2,Tuesday
2022-05-11,16.01861921890971,16.204859971733754,15.671625110369217,15.695149421691896,5605000,16.075469970703125,-0.3803205490112287,-2.365844045022303,0.5332348613645372,3.3288441037106526,16.42106682913644,17.781498273213703,18.627459411621093,21.265088605880738,2.1394111903062263,2022,5,May,Q2,Wednesday
2022-05-12,16.342091501108403,16.659679531352527,16.16173252042552,16.447954177856445,8492500,15.695149421691896,0.752804756164549,4.796416624897604,0.4979470109270068,3.04702131237751,16.353012084960938,17.642373593648276,18.558525581359863,21.246726808547972,2.3791122858526115,2022,5,May,Q2,Thursday
2022-05-13,16.75377692673868,17.108614942062253,16.75377692673868,17.05764389038086,4422000,16.447954177856445,0.6096897125244141,3.706781438783602,0.3548380153235726,2.117958337843561,16.31072289603097,17.53977813720703,18.507690963745116,21.228750381469727,2.490503661033365,2022,5,May,Q2,Friday
2022-05-16,16.916492931613774,17.08704955783017,16.85179897444185,16.93021583557129,2730500,17.05764389038086,-0.1274280548095703,-0.747043704444017,0.2352505833883214,1.39065812482138,16.350771495274135,17.431562678019205,18.46119094848633,21.211658573150636,2.4869982840423845,2022,5,May,Q2,Monday
2022-05-17,17.14782427705913,17.2399640492639,17.01843635272004,17.190954208374023,2811500,16.93021583557129,0.2607383728027344,1.5400770748291936,0.22152769654385907,1.2918705776582131,16.463635853358678,17.318184852600098,18.43026958465576,21.195772924423217,2.4699197437029183,2022,5,May,Q2,Tuesday
2022-05-18,17.40856042363522,17.492859065555894,17.043921916970646,17.069406509399414,5333000,17.190954208374023,-0.12154769897460938,-0.7070445159780725,0.448937148585248,2.57882982659345,16.63811343056815,17.22650235493978,18.39065990447998,21.179981870651247,2.396176750707548,2022,5,May,Q2,Wednesday
2022-05-19,17.27133314355214,17.59088053763411,17.226241993751543,17.390918731689453,3892500,17.069406509399414,0.32151222229003906,1.8835582954392471,0.3646385438825668,2.1112356576753095,16.826034682137625,17.156842041015626,18.353882369995116,21.167183570861816,2.4216568912301857,2022,5,May,Q2,Thursday
2022-05-20,17.632051467895508,17.74183471558953,17.294856859225494,17.632051467895508,4030500,17.390918731689453,0.2411327362060547,1.3865439769243926,0.4469778563640361,2.535030351844734,17.102734974452428,17.102865091959636,18.314731445312496,21.155025157928467,2.436612310581555,2022,5,May,Q2,Friday
2022-05-23,17.543830838463133,17.69478279187531,17.43796816249016,17.598722457885742,3436000,17.632051467895508,-0.033329010009765625,-0.18902514021383876,0.256814629385147,1.4638457914340237,17.26713044302804,17.04731979370117,18.286138229370113,21.142914695739748,2.4358420418807545,2022,5,May,Q2,Monday
2022-05-24,17.43600605404894,17.52226404164127,17.261528862725722,17.453649520874023,3237500,17.598722457885742,-0.14507293701171875,-0.8243378879284169,0.2607351789155494,1.4953836223003736,17.323702675955637,17.022487831115722,18.264498901367187,21.130069131851197,2.22777795859035,2022,5,May,Q2,Tuesday
2022-05-25,17.23800655696598,17.43797024416605,17.065488682753585,17.308582305908203,4139500,17.453649520874023,-0.1450672149658203,-0.8311569153048759,0.3724815614124637,2.160815754313202,17.37775502886091,17.005889701843262,18.227013244628903,21.118205308914185,2.198922599199072,2022,5,May,Q2,Wednesday
2022-05-26,17.434045172196992,17.820249581642834,17.408560579539994,17.74967384338379,2820500,17.308582305908203,0.44109153747558594,2.548397839174976,0.41168900210283965,2.361408371015249,17.45757211957659,16.997721227010093,18.180163879394527,21.10768852233887,2.241749584146295,2022,5,May,Q2,Thursday
2022-05-27,17.792801733468764,18.10646915252808,17.773197052376233,18.086864471435547,3247000,17.74967384338379,0.3371906280517578,1.8997004171851017,0.3332721001518486,1.873072634339281,17.602923257010325,17.01810957590739,18.132744941711422,21.100379428863526,2.2007275078076876,2022,5,May,Q2,Friday
2022-05-31,18.329961207917385,18.5965781864219,18.320158865671623,18.44170379638672,4387000,18.086864471435547,0.3548393249511719,1.9618620215326343,0.27641932075027853,1.5080191257081483,17.753035409109934,17.054638799031576,18.086556434631344,21.09314721107483,2.2187562047052567,2022,5,May,Q2,Tuesday
2022-06-01,18.67107306643648,18.761251616844184,18.3142756882726,18.439743041992188,4071500,18.44170379638672,-0.00196075439453125,-0.010632175943070532,0.44697592857158597,2.3939487943790407,17.868419919695175,17.085613441467284,18.0468599319458,21.08755373954773,2.214916340324187,2022,6,June,Q2,Wednesday
2022-06-02,18.141758791271577,18.402495853833965,17.988845621210302,18.39661407470703,3221500,18.439743041992188,-0.04312896728515625,-0.23389136815485934,0.41365023262366307,2.2800999472150396,17.982404436383927,17.116784159342448,18.001294898986814,21.08347123146057,2.2145912312862532,2022,6,June,Q2,Thursday
2022-06-03,18.255464589948115,18.255464589948115,18.112353760900564,18.16136360168457,2309000,18.39661407470703,-0.23525047302246094,-1.2787704958484691,0.14311082904755068,0.7839341931968734,18.083506447928293,17.146125157674152,17.957204055786132,21.07837830543518,2.219751706151097,2022,6,June,Q2,Friday
2022-06-06,18.204492592853867,18.28879123468644,18.02217240490938,18.094707489013672,2339500,18.16136360168457,-0.06665611267089844,-0.3670215195995308,0.26661882977705886,1.464577100499464,18.195810045514786,17.18990790049235,17.89918701171875,21.074610424041747,2.1454667311768754,2022,6,June,Q2,Monday
2022-06-07,17.898667190655352,18.177047722930357,17.863380254859315,18.16136360168457,2208500,18.094707489013672,0.06665611267089844,0.36837352972614035,0.31366746807104207,1.7524627098201118,18.254622868129186,17.22297369639079,17.846726913452148,21.07017107963562,2.1108244802546046,2022,6,June,Q2,Tuesday
2022-06-08,18.067259790343016,18.220172937575228,18.02609108181188,18.086864471435547,2491500,18.16136360168457,-0.07449913024902344,-0.4102066996891862,0.19408185576334702,1.0742185478900577,18.254622868129186,17.275382296244302,17.79770450592041,21.061769456863402,1.9742106194133857,2022,6,June,Q2,Wednesday
2022-06-09,17.951597439265466,18.006490928348697,17.551671981811523,17.551671981811523,2144500,18.086864471435547,-0.5351924896240234,-2.959011997183092,0.4548189465371735,2.533584813696577,18.127475466047013,17.302044105529784,17.733912353515624,21.047970275878907,2.0503180720680465,2022,6,June,Q2,Thursday
2022-06-10,17.400719685124937,17.4869776755167,17.179190125736156,17.26348876953125,2639500,17.551671981811523,-0.28818321228027344,-1.6419131612014692,0.3077875497805458,1.7688208036800859,17.95943914140974,17.30701052347819,17.666748237609863,21.03152057647705,2.0407477764423843,2022,6,June,Q2,Friday
2022-06-13,16.663600546229404,16.74789919450589,16.379338227735964,16.453834533691406,3863000,17.26348876953125,-0.8096542358398438,-4.689980377945513,0.3685609667699268,2.2117726943071965,17.681899206978933,17.293156878153482,17.59311477661133,21.014631900787354,2.202552695762754,2022,6,June,Q2,Monday
2022-06-14,16.330325157925472,16.363652741308456,16.055865236002134,16.271512985229492,4655000,16.453834533691406,-0.18232154846191406,-1.1080793847086934,0.3077875053063224,1.884760421668311,17.41192054748535,17.272899119059243,17.515011444091797,20.99527084350586,2.210679102974284,2022,6,June,Q2,Tuesday
2022-06-15,16.314643764294303,16.67340237775244,16.193098836369312,16.534212112426758,3168000,16.271512985229492,0.2626991271972656,1.6144726519023322,0.48030354138312603,2.944002629308417,17.188992636544363,17.259894943237306,17.433849906921388,20.977993907928468,2.2319470702282436,2022,6,June,Q2,Wednesday
2022-06-16,16.14604670791598,16.216622441557053,15.922557819521945,16.008817672729492,5893000,16.534212112426758,-0.5253944396972656,-3.1776200530437726,0.2940646220351084,1.821279396466358,16.881486075265066,17.2150665918986,17.357628631591798,20.957114505767823,2.2470451851106286,2022,6,June,Q2,Thursday
2022-06-17,16.296999371408692,16.557736419464337,16.236225976093177,16.46755599975586,4143500,16.008817672729492,0.4587383270263672,2.8655353343664647,0.3215104433711602,1.9728198795614806,16.65015629359654,17.208989270528157,17.297365188598633,20.937241163253784,2.1969608311465114,2022,6,June,Q2,Friday
2022-06-21,16.665559752547885,16.755738299656308,16.614588700389305,16.634191513061523,3546000,16.46755599975586,0.16663551330566406,1.0119019076548774,0.14114959926700266,0.8469538459122158,16.519087655203684,17.216765530904134,17.24502182006836,20.91757670402527,2.186304365610745,2022,6,June,Q2,Tuesday
2022-06-22,16.369536837383517,16.596944435903588,16.328368123706323,16.418546676635742,2900500,16.634191513061523,-0.21564483642578125,-1.2963950562698057,0.26857631219726485,1.6407080717391493,16.398381641932897,17.235781637827554,17.18809112548828,20.894073400497437,2.1050151706005478,2022,6,June,Q2,Wednesday
2022-06-23,16.430308364998286,16.504804666777645,16.23426713838386,16.418546676635742,2750500,16.418546676635742,0.0,0.0,0.27053752839378475,1.6465760859979635,16.393340519496373,17.24721752802531,17.152489891052245,20.870462770462037,2.0908163382590828,2022,6,June,Q2,Thursday
2022-06-24,16.47147643475709,16.79886674762436,16.391098366259275,16.789064407348633,4549500,16.418546676635742,0.3705177307128906,2.2567023623360827,0.4077683813650843,2.4756031007920862,16.467276436941965,17.283681360880532,17.132140655517578,20.84921199798584,2.0737353735627133,2022,6,June,Q2,Friday
2022-06-27,16.747899139642335,16.74985848633675,16.518528443213633,16.555776596069336,2337500,16.789064407348633,-0.23328781127929688,-1.3895224035068043,0.23133004312311556,1.3812481266713421,16.47035707746233,17.28727544148763,17.103361625671386,20.824736518859865,1.9064248762445624,2022,6,June,Q2,Monday
2022-06-28,16.78318525607492,16.84787921633607,16.298961162218383,16.30876350402832,3340500,16.555776596069336,-0.24701309204101562,-1.4920054677450834,0.5489180541176886,3.270642882995048,16.513206481933594,17.262312761942546,17.080032615661622,20.79866505622864,1.7945694876129932,2022,6,June,Q2,Tuesday
2022-06-29,16.395020491368523,16.400902270015713,16.17349281491377,16.351890563964844,2679000,16.30876350402832,0.04312705993652344,0.2644410161804833,0.22740945510194166,1.387064171232148,16.49668284824916,17.243035252888998,17.060153884887697,20.772038602828978,1.7921524836836529,2022,6,June,Q2,Wednesday
2022-06-30,15.96176573764604,16.091153636130624,15.675543201323304,16.030380249023438,3408000,16.351890563964844,-0.32151031494140625,-1.9661965916646262,0.41561043480731996,2.6037873355520884,16.410424096243723,17.204349454243978,17.030551414489747,20.74363872528076,1.7958223896693886,2022,6,June,Q2,Thursday
2022-07-01,15.785331597455992,16.051948590362514,15.75592456913021,16.012741088867188,2798500,16.030380249023438,-0.01763916015625,-0.11003581875310697,0.296024021232304,1.8753107554611779,16.352451869419642,17.16912727355957,17.001576385498048,20.71475073814392,1.7935116130186561,2022,7,July,Q3,Friday
2022-07-05,15.612812404814552,15.883350856553571,15.497147394256508,15.869627952575684,3948000,16.012741088867188,-0.1431131362915039,-0.8937453962270303,0.3862034622970629,2.473631606423252,16.274034908839635,17.118417580922443,16.97334627151489,20.684561877250673,1.7536430272543861,2022,7,July,Q3,Tuesday
2022-07-06,15.897074767637394,15.897074767637394,15.675546139040788,15.748082160949709,3336500,15.869627952575684,-0.12154579162597479,-0.7659019605828044,0.22152862859660516,1.3935181901992684,16.125323159354075,17.05561860402425,16.952683410644532,20.655316314697266,1.7265183617240591,2022,7,July,Q3,Wednesday
2022-07-07,16.012739465465835,16.414626130478936,16.012739465465835,16.371496200561523,3253000,15.748082160949709,0.6234140396118146,3.9586664156330498,0.40188666501310166,2.5097933172511664,16.098997388567245,17.014711062113445,16.936725540161135,20.63127533912659,1.898324944366326,2022,7,July,Q3,Thursday
2022-07-08,16.159771440383487,16.263672901754052,16.026462952599534,16.189178466796875,2607000,16.371496200561523,-0.18231773376464844,-1.1136290265174154,0.23720994915451854,1.4679041100898722,16.081913811819895,16.97256202697754,16.930216979980468,20.60256718635559,1.902214594329768,2022,7,July,Q3,Friday
2022-07-11,16.140164423111937,16.22054249526018,16.042142885508195,16.073511123657227,2425500,16.189178466796875,-0.11566734313964844,-0.7144732104651053,0.17839960975198466,1.1053146986317253,16.042145320347377,16.931392987569172,16.91665084838867,20.571134634017945,1.9010680092894896,2022,7,July,Q3,Monday
2022-07-12,16.03038022630303,16.265630780522915,16.02057788617655,16.08527183532715,2078500,16.073511123657227,0.011760711669921875,0.0731682802807887,0.24505289434636524,1.5286779907083963,16.04998697553362,16.87591292063395,16.896066360473633,20.538892707824708,1.8287082097060179,2022,7,July,Q3,Tuesday
2022-07-13,15.881388175056635,16.028419542625276,15.72847502929577,15.98137092590332,2503000,16.08527183532715,-0.10390090942382812,-0.6459381631066741,0.2999445133295051,1.8886542537924929,16.04550552368164,16.805729802449545,16.878304901123048,20.504072999954225,1.781007120640445,2022,7,July,Q3,Wednesday
2022-07-14,15.791212474964995,15.940203215662963,15.557921217294329,15.89903450012207,2505000,15.98137092590332,-0.08233642578125,-0.5152025202530996,0.38228199836863475,2.4208527304327982,16.04970645904541,16.720974159240722,16.858700675964357,20.470148754119872,1.724430401785663,2022,7,July,Q3,Thursday
2022-07-15,15.979410128301648,16.116639159010912,15.871586250112754,16.104877471923828,2307500,15.89903450012207,0.2058429718017578,1.2946885032558253,0.2450529088981579,1.5335541608268555,16.100677217755997,16.64314530690511,16.842311477661134,20.439711723327637,1.7528861364596107,2022,7,July,Q3,Friday
2022-07-18,16.126440523709054,16.369534071516096,16.085271816987902,16.11663818359375,3118000,16.104877471923828,0.011760711669921875,0.07302577551691058,0.2842622545281941,1.7627092234660986,16.064268929617747,16.56714611053467,16.817570877075195,20.411298694610597,1.7549970737943261,2022,7,July,Q3,Monday
2022-07-19,16.408746555369962,16.698888806570206,16.408746555369962,16.667522430419922,2724500,16.11663818359375,0.5508842468261719,3.4181089167029555,0.29014225120024406,1.768217031210659,16.132603781563894,16.517351404825845,16.817923812866212,20.386520042419434,1.881187232918993,2022,7,July,Q3,Tuesday
2022-07-20,16.891008384399566,16.977266370988026,16.77730272021817,16.867483139038086,2306000,16.667522430419922,0.19996070861816406,1.199702651986323,0.19996365076985612,1.1838467320550343,16.246028355189733,16.476443926493328,16.82725540161133,20.36378733634949,1.9000134328980418,2022,7,July,Q3,Wednesday
2022-07-21,16.84591805396164,17.11057377588126,16.802788128567883,17.106653213500977,1833000,16.867483139038086,0.23917007446289062,1.4179357553905314,0.3077856473133771,1.8270636621136562,16.391939980643137,16.441286913553874,16.852427196502685,20.344733905792236,1.9207020012616798,2022,7,July,Q3,Thursday
2022-07-22,17.23996075190935,17.300734139536715,16.981184952725222,17.047840118408203,2117000,17.106653213500977,-0.05881309509277344,-0.3438024630461167,0.3195491868114928,1.8535377859030349,16.54429272242955,16.40665276845296,16.87187459945679,20.32564061164856,1.920467454254318,2022,7,July,Q3,Friday
2022-07-25,16.87336447467196,16.87336447467196,16.669480266630256,16.759658813476562,2998500,17.047840118408203,-0.2881813049316406,-1.690427074221934,0.20388420804170337,1.2083198247021043,16.667239052908762,16.380252329508462,16.89316478729248,20.30623080253601,1.8704636633540404,2022,7,July,Q3,Monday
2022-07-26,16.749855560626006,16.81062895043869,16.673399921574756,16.716529846191406,1599000,16.759658813476562,-0.04312896728515625,-0.257337979043315,0.13722902886393484,0.8192848491572668,16.754617963518417,16.362020365397136,16.89853630065918,20.286096935272216,1.849006161748248,2022,7,July,Q3,Tuesday
2022-07-27,16.716532090059363,17.073327612998426,16.69300684343841,16.989030838012695,2547000,16.716529846191406,0.27250099182128906,1.6301289461901902,0.38032076956001504,2.2751176351115086,16.879245485578263,16.379860242207844,16.897164039611816,20.265946998596192,1.6569883373504783,2022,7,July,Q3,Wednesday
2022-07-28,16.9086516976678,17.202714457611155,16.85964186087905,17.16546630859375,2696000,16.989030838012695,0.1764354705810547,1.038525812704294,0.3430725967321031,2.0289766615715603,16.950380325317383,16.409658686319986,16.901869049072264,20.245056200027467,1.6484567096420994,2022,7,July,Q3,Thursday
2022-07-29,16.45187221700878,16.820431247638794,16.45187221700878,16.740053176879883,8536000,17.16546630859375,-0.4254131317138672,-2.4783080404922497,0.3685590306300135,2.240225463512769,16.93217604500907,16.41652005513509,16.892851028442383,20.222233867645265,1.6953229348741123,2022,7,July,Q3,Friday
2022-08-01,16.710647512753148,16.994907901613903,16.56949605666369,16.875322341918945,8417500,16.740053176879883,0.1352691650390625,0.8080569614073108,0.42541184495021156,2.5457532069032505,16.899128777640207,16.44540354410807,16.888969345092775,20.199550142288206,1.5858935100992622,2022,8,August,Q3,Monday
2022-08-02,16.796906998359574,16.9870683031812,16.71849013891198,16.72045135498047,7336500,16.875322341918945,-0.15487098693847656,-0.9177364663060184,0.26857816426921843,1.598973931899774,16.852358954293386,16.453833389282227,16.875559997558593,20.17400951385498,1.5144414361750076,2022,8,August,Q3,Tuesday
2022-08-03,16.93021671522428,17.1419439339195,16.906691468702586,17.0831298828125,7620000,16.72045135498047,0.36267852783203125,2.1690713972502884,0.235252465216913,1.3895419602358974,16.898569107055664,16.468798001607258,16.864581565856934,20.149431676864623,1.5537017745180304,2022,8,August,Q3,Wednesday
2022-08-04,16.861599943725835,16.981185506996937,16.71652979072398,16.849838256835938,5156000,17.0831298828125,-0.2332916259765625,-1.365625781557045,0.2646557162729586,1.5695765357749243,16.917613165719168,16.483174387613932,16.849603881835936,20.1240295791626,1.5558977928599238,2022,8,August,Q3,Thursday
2022-08-05,16.873362986369838,17.102731765382757,16.849837743701176,16.922372817993164,4082000,16.849838256835938,0.07253456115722656,0.4304763051823368,0.2528940216815805,1.4987766332406065,16.908090591430664,16.499968592325846,16.83897834777832,20.09865774154663,1.5569467558610735,2022,8,August,Q3,Friday
2022-08-08,17.053724473105017,17.05960438244379,16.57734150993905,16.630271911621094,3854500,16.922372817993164,-0.2921009063720703,-1.7261226278000863,0.48226287250474087,2.8279035073265373,16.831634249005997,16.49467550913493,16.825412139892578,20.07185471534729,1.537485606924817,2022,8,August,Q3,Monday
2022-08-09,16.495003797993594,16.540094948090427,16.27347608906983,16.373458862304688,3020500,16.630271911621094,-0.25681304931640625,-1.544250452916207,0.26661885902059623,1.6163613072524847,16.779263632638113,16.488598251342772,16.797887840270995,20.043953399658204,1.5424884089245618,2022,8,August,Q3,Tuesday
2022-08-10,16.56754007294529,16.779265430446287,16.55381716772959,16.728294372558594,3055500,16.373458862304688,0.35483551025390625,2.1671383745972994,0.2254482627166965,1.3607829630957244,16.758259637015207,16.502582613627116,16.77071643829346,20.017141857147216,1.567003455180072,2022,8,August,Q3,Wednesday
2022-08-11,16.857679849258506,16.98902897266996,16.747896623484962,16.824352264404297,3417500,16.728294372558594,0.09605789184570312,0.5742240643689112,0.2411323491849977,1.4304005731583758,16.773102624075754,16.5183313369751,16.73836940765381,19.988532514572142,1.5691676316783432,2022,8,August,Q3,Thursday
2022-08-12,16.892967672369107,17.020396240102656,16.834155493971934,17.016475677490234,1933000,16.824352264404297,0.1921234130859375,1.1419364624956074,0.1862407461307214,1.102475004645543,16.763580594744003,16.551201184590656,16.70990406036377,19.959681186676026,1.5296885263556104,2022,8,August,Q3,Friday
2022-08-15,17.010593891538537,17.10665421912102,16.95374105966902,17.040000915527344,1715000,17.016475677490234,0.023525238037109375,0.138249767360632,0.15291315945199813,0.8989289875884974,16.790746688842773,16.585443178812664,16.682771797180177,19.934173974990845,1.5285662548545313,2022,8,August,Q3,Monday
2022-08-16,16.885127075186197,16.955702813233152,16.71653165994711,16.881206512451172,2448500,17.040000915527344,-0.15879440307617188,-0.9318919867631781,0.2391711532860441,1.4164604875110582,16.78486578805106,16.619162464141844,16.65716865539551,19.90292551994324,1.5295391092483972,2022,8,August,Q3,Tuesday
2022-08-17,17.08508823062634,17.228199032336665,16.947859206960338,17.087047576904297,3210500,16.881206512451172,0.205841064453125,1.2193504315067827,0.28033982537632696,1.640845055009995,16.85011945452009,16.663794644673665,16.63701545715332,19.875150556564332,1.5284744926418414,2022,8,August,Q3,Wednesday
2022-08-18,16.965504594444578,17.13410000411438,16.965504594444578,17.03215789794922,1764500,17.087047576904297,-0.054889678955078125,-0.3212355950203416,0.1685954096698019,0.9937541717739957,16.94421931675502,16.685816701253255,16.614431343078614,19.841772594451903,1.3645744379814762,2022,8,August,Q3,Thursday
2022-08-19,17.085089725480838,17.130178998686848,16.92041301306807,17.00275230407715,2999500,17.03215789794922,-0.029405593872070312,-0.172647494511613,0.2097659856187768,1.227772221213039,16.983427592686244,16.712935829162596,16.592749099731446,19.80621395111084,1.3454231735156725,2022,8,August,Q3,Friday
2022-08-22,16.902770614212674,16.90473183039128,16.66556067608764,16.708688735961914,3478000,17.00275230407715,-0.2940635681152344,-1.7295056874099157,0.23917115430364078,1.414981956286705,16.96690423148019,16.73410841623942,16.575889434814453,19.769360971450805,1.380790412889761,2022,8,August,Q3,Monday
2022-08-23,16.510686914487298,16.669481864325636,16.383260207050654,16.471479415893555,2101500,16.708688735961914,-0.23720932006835938,-1.4196764558658481,0.2862216572749823,1.7335539021325463,16.889047622680664,16.7469820022583,16.5600492477417,19.731801023483275,1.4098192403096956,2022,8,August,Q3,Tuesday
2022-08-24,16.36953633929248,16.579300464083282,16.36953633929248,16.498924255371094,2127000,16.471479415893555,0.027444839477539062,0.16662036714842898,0.20976412479080153,1.2814298489768214,16.811750956944056,16.764233779907226,16.560951042175294,19.693821020126343,1.4030077690085823,2022,8,August,Q3,Wednesday
2022-08-25,16.43619047004857,16.714570999145508,16.398942318419948,16.714570999145508,2837000,16.498924255371094,0.21564674377441406,1.3070351765765098,0.3156286807255597,1.9203274706552305,16.787945883614675,16.791418329874674,16.569812202453612,19.65679211616516,1.414149551384262,2022,8,August,Q3,Thursday
2022-08-26,16.63223144536948,16.66555902987517,15.997053602197823,16.018617630004883,4539000,16.714570999145508,-0.695953369140625,-4.163752507774232,0.6685054276773457,4.01933697154907,16.635313034057617,16.78854300181071,16.559500312805177,19.61714385032654,1.6037596005048549,2022,8,August,Q3,Friday
2022-08-29,15.88726994210818,16.065667677234785,15.855903574447112,15.94608211517334,2819000,16.018617630004883,-0.07253551483154297,-0.45282006541984554,0.20976410278767332,1.3203281844648913,16.48015935080392,16.782857799530028,16.558245601654054,19.578130173683167,1.6057449887990711,2022,8,August,Q3,Monday
2022-08-30,16.095075732667684,16.118600977326285,15.771605955618677,15.828458786010742,2296500,15.94608211517334,-0.11762332916259766,-0.7376315280019474,0.3469950217076079,2.1559079775146546,16.31240313393729,16.754889011383057,16.545463657379152,19.538968358039856,1.4723694337388331,2022,8,August,Q3,Tuesday
2022-08-31,15.836301467814652,15.86374727768018,15.552040092318125,15.555960655212402,3234000,15.828458786010742,-0.27249813079833984,-1.7215708394753837,0.3117071853620548,1.96830797895305,16.147727693830216,16.711171595255532,16.52389904022217,19.496586389541626,1.47583874792913,2022,8,August,Q3,Wednesday
2022-09-01,15.497147089820183,15.52263261596457,15.299143724481794,15.46381950378418,2606000,15.555960655212402,-0.09214115142822266,-0.5923205481838778,0.2234888914827753,1.4421292524840357,16.00377627781459,16.656410471598306,16.504804496765136,19.453694820404053,1.4423373700639135,2022,9,September,Q3,Thursday
2022-09-02,15.35207568468306,15.45989957228114,15.07957694586361,15.140350341796877,2533000,15.46381950378418,-0.3234691619873029,-2.091780506802643,0.380322626417529,2.4773368385421732,15.809694290161133,16.592827479044598,16.47924057006836,19.407103357315062,1.477953799165662,2022,9,September,Q3,Friday
2022-09-06,14.94234711819255,14.965871427986382,14.711017104331216,14.775711059570312,3210500,15.140350341796877,-0.3646392822265643,-2.4083939538699473,0.2548543236551666,1.7055842809653197,15.532714298793248,16.526695887247723,16.43897350311279,19.359519758224486,1.5053940825460026,2022,9,September,Q3,Tuesday
2022-09-07,14.39931048216954,14.65024520368603,14.320893615396336,14.605154991149902,4219000,14.775711059570312,-0.17055606842041016,-1.1543002413406,0.32935158828969335,2.2872733294939693,15.330791064671107,16.456316725413004,16.399961071014403,19.31017411708832,1.5111935067206348,2022,9,September,Q3,Wednesday
2022-09-08,14.618878420757412,14.68553360122936,14.426757744629924,14.54438304901123,4615000,14.605154991149902,-0.060771942138671875,-0.416099262044789,0.2587758565994349,1.770148496699979,15.130548340933663,16.374828465779622,16.364673461914062,19.260446376800537,1.4599408609432234,2022,9,September,Q3,Thursday
2022-09-09,14.726700760641302,14.836483992536484,14.71493813796643,14.777671813964844,2553000,14.54438304901123,0.23328876495361328,1.603978416736429,0.12154585457005496,0.8253434122522498,14.980435916355678,16.29523531595866,16.33318908691406,19.2146618270874,1.4840226223599093,2022,9,September,Q3,Friday
2022-09-12,14.775712449788209,14.89725831190267,14.73454280046937,14.824722290039062,2528500,14.777671813964844,0.04705047607421875,0.318388963204308,0.16271551143329965,1.1012363159221603,14.875973292759486,16.231390953063965,16.309075927734376,19.169718704223634,1.4418830475990843,2022,9,September,Q3,Monday
2022-09-13,14.513015007559826,14.513015007559826,14.105247493252609,14.117010116577148,2941500,14.824722290039062,-0.7077121734619141,-4.773864627045565,0.407767514307217,2.8096678332848897,14.683571951729911,16.13944721221924,16.271161308288573,19.120806827545167,1.6293683790490505,2022,9,September,Q3,Tuesday
2022-09-14,14.140532984521624,14.22091105816564,14.01898713564956,14.122889518737791,2581000,14.117010116577148,0.005879402160642755,0.04164764431060508,0.20192392251608027,1.4279795728853242,14.538220405578613,16.052861817677815,16.236226539611817,19.07285319805145,1.6319271625097456,2022,9,September,Q3,Wednesday
2022-09-15,14.166019478338008,14.393428941866183,14.04251333980328,14.087602615356444,3894000,14.122889518737791,-0.035286903381347656,-0.2498561171531466,0.3509156020629032,2.4771644751689514,14.439919199262347,15.953010908762614,16.20301694869995,19.024556918144228,1.550782979940925,2022,9,September,Q3,Thursday
2022-09-16,14.075840956307308,14.22875413003329,14.048395145864614,14.091525077819824,3228500,14.087602615356444,0.003922462463380683,0.027843363917035013,0.18035898416867546,1.281337184247294,14.36654349735805,15.861067136128744,16.157417526245116,18.975879373550416,1.548820225531883,2022,9,September,Q3,Friday
2022-09-19,13.9817389594644,14.222871310297933,13.962135212500533,14.209148406982422,2943500,14.091525077819824,0.11762332916259766,0.8347097174580265,0.26073609779740003,1.8648331123426158,14.318652834211077,15.770626322428386,16.117816925048828,18.93021469116211,1.5596560392304328,2022,9,September,Q3,Monday
2022-09-20,13.983699820681624,14.075839585279644,13.87391658960406,13.952333450317385,3150000,14.209148406982422,-0.2568149566650373,-1.8073916135525558,0.20192299567558436,1.4439883454659412,14.20074735369001,15.681361707051595,16.07539337158203,18.882493534088134,1.5618044509975741,2022,9,September,Q3,Tuesday
2022-09-21,13.895480732928196,14.015067241081574,13.705320358276367,13.705320358276367,3292500,13.952333450317385,-0.2470130920410174,-1.770407028477361,0.30974688280520724,2.2291195875735226,14.040832792009626,15.592423756917318,16.027794342041016,18.83367419242859,1.5671976709548068,2022,9,September,Q3,Wednesday
2022-09-22,13.771974162841431,13.850391021727711,13.534762370128142,13.601417541503906,3847000,13.705320358276367,-0.10390281677246094,-0.7581203069778386,0.3156286515995692,2.2918184994216455,13.967176709856306,15.488194529215495,15.980195274353028,18.783377170562744,1.4789550505828628,2022,9,September,Q3,Thursday
2022-09-23,13.432821746863503,13.47595074056142,13.287749710710749,13.41517734527588,3672000,13.601417541503906,-0.18624019622802557,-1.3692704871365424,0.18820102985067066,1.401053579041311,13.866074970790319,15.374555365244548,15.930518131256104,18.728472723960877,1.4647712892704883,2022,9,September,Q3,Friday
2022-09-26,13.21129281211702,13.332839599763766,13.046617966612718,13.076024055480955,4557500,13.41517734527588,-0.3391532897949254,-2.528131243187459,0.2862216331510474,2.1664922367668145,13.721563747950963,15.243206977844238,15.869941062927246,18.670718793869018,1.455280223926486,2022,9,September,Q3,Monday
2022-09-27,13.0544596498663,13.128955950666636,12.82705111953205,12.917230606079102,5165000,13.076024055480955,-0.1587934494018537,-1.2143863358471951,0.3019048311345873,2.3126566647105866,13.553807394845146,15.10578130086263,15.805952911376954,18.615192070007325,1.4440758786647123,2022,9,September,Q3,Tuesday
2022-09-28,12.856456161299874,13.19168855276269,12.856456161299874,13.132875442504885,7732500,12.917230606079102,0.21564483642578303,1.6694355237746983,0.33523239146281547,2.6075023105661272,13.400054114205497,14.98083693186442,15.735259971618653,18.560342683792115,1.518810305337486,2022,9,September,Q3,Wednesday
2022-09-29,12.978977650388794,12.99865812821825,12.693617290779544,12.805793762207031,4283500,13.132875442504885,-0.32708168029785334,-2.490556479651407,0.305040837438705,2.3502686086339577,13.236262730189733,14.838128471374512,15.654026184082031,18.5064684009552,1.4977445029363223,2022,9,September,Q3,Thursday
2022-09-30,12.662130369832944,12.87664308592823,12.58144247067716,12.605058670043944,4619500,12.805793762207031,-0.2007350921630877,-1.5675333828622517,0.2952006152510691,2.331366102140076,13.079082489013672,14.690558497111002,15.563994293212891,18.451570901870728,1.49710767991454,2022,9,September,Q3,Friday
2022-10-03,12.882546056382566,13.087218523311275,12.851058417662845,13.020306587219238,8731500,12.605058670043944,0.41524791717529475,3.294295790642665,0.23616010564843037,1.8331788189604532,12.996066638401576,14.557810306549072,15.483443622589112,18.395581822395325,1.6842748547607818,2022,10,October,Q4,Monday
2022-10-04,13.331251680598564,13.474915799038758,13.268275461564238,13.429651260375977,5722500,13.020306587219238,0.4093446731567383,3.1438942732619823,0.2066403374745196,1.5500445301415358,12.998134340558734,14.448509057362875,15.4168434715271,18.343242945671083,1.8276134369970638,2022,10,October,Q4,Tuesday
2022-10-05,13.228914748574423,13.392258399041664,13.1305142355378,13.30566692352295,3175000,13.429651260375977,-0.12398433685302734,-0.923213376499521,0.2617441635038631,1.9785762360594938,13.030940464564733,14.342981974283854,15.34862621307373,18.2913400554657,1.8232019703780502,2022,10,October,Q4,Wednesday
2022-10-06,13.370612892632936,13.459173179222558,13.22694876138025,13.266308784484863,4298000,13.30566692352295,-0.03935813903808594,-0.2957998217173574,0.23222441784230874,1.736827022867904,13.080808775765556,14.235228125254313,15.274171772003173,18.241371817588806,1.8176319302349406,2022,10,October,Q4,Thursday
2022-10-07,13.280083642821316,13.36864392205655,13.0262109049081,13.069506645202637,4022500,13.266308784484863,-0.19680213928222656,-1.483473228908927,0.3424330171484513,2.5785456353925675,13.071756090436663,14.113725980122885,15.192252578735351,18.188855209350585,1.781999126233183,2022,10,October,Q4,Friday
2022-10-10,13.049826562536262,13.06950610242853,12.799890493878271,12.914033889770508,3716000,13.069506645202637,-0.1554727554321289,-1.189583965582952,0.269615608550259,2.0660474471306585,13.087218965802874,14.010239855448406,15.115732192993164,18.133068056106566,1.6675340829172685,2022,10,October,Q4,Monday
2022-10-11,12.786114565066477,12.845154123301604,12.577505435840694,12.628673553466797,4424500,12.914033889770508,-0.28536033630371094,-2.2096917101150804,0.26764868746091075,2.0932761559337645,13.090592520577568,13.899659570058187,15.030799217224121,18.075111036300658,1.6891878681191015,2022,10,October,Q4,Tuesday
2022-10-12,12.494850496283547,12.55979457764056,12.416130454542742,12.43187427520752,3933500,12.628673553466797,-0.19679927825927734,-1.5583527234754757,0.1436641230978175,1.1497866512332322,13.00653076171875,13.786440086364745,14.945027675628662,18.01289466381073,1.6954368607878114,2022,10,October,Q4,Wednesday
2022-10-13,12.160289201859442,12.927810037152494,12.146513242209537,12.825474739074709,4742000,12.43187427520752,0.3936004638671893,3.166058915606418,0.781296794942957,6.424985310575411,12.920219830104283,13.695423889160157,14.859874572753906,17.952382307052613,1.831970645948296,2022,10,October,Q4,Thursday
2022-10-14,12.967172118938612,13.024243822664005,12.624739081335395,12.640482902526855,3704500,12.825474739074709,-0.18499183654785334,-1.4423780819921461,0.39950474132860947,3.0808933332899238,12.825193541390556,13.601312669118245,14.775687465667724,17.891717381477356,1.838010548175097,2022,10,October,Q4,Friday
2022-10-17,12.80579401296169,13.055730080422109,12.80579401296169,13.00653076171875,4487500,12.640482902526855,0.36604785919189453,2.895837619611208,0.2499360674604194,1.951742056817724,12.78808239528111,13.530185349782307,14.697370624542236,17.833635544776918,1.92684527662031,2022,10,October,Q4,Monday
2022-10-18,12.953393621650834,12.978977679837072,12.73297733691174,12.84515380859375,4762000,13.00653076171875,-0.161376953125,-1.2407378730073804,0.24600034292533302,1.8991188727111474,12.75603199005127,13.465833441416423,14.62166826248169,17.774277510643007,1.898279933894801,2022,10,October,Q4,Tuesday
2022-10-19,12.764467537117048,12.904195944858955,12.650323190814966,12.719202995300291,3626000,12.84515380859375,-0.1259508132934588,-0.9805317645102396,0.25387275404398935,1.9889020306234289,12.728199005126953,13.402968374888102,14.5485831451416,17.714416837692262,1.8963153001391158,2022,10,October,Q4,Wednesday
2022-10-20,12.734947297926295,12.977011004323188,12.683779176883002,12.738883018493652,2562000,12.719202995300291,0.01968002319336115,0.1547268582837491,0.29323182744018617,2.3025759006316013,12.743943214416504,13.342785040537516,14.468794918060302,17.65241557598114,1.8994499767410293,2022,10,October,Q4,Thursday
2022-10-21,12.583409948461249,12.805794098642313,12.46532989363281,12.799890518188477,5046500,12.738883018493652,0.06100749969482422,0.47890776299819304,0.3404642050095035,2.7056593276700553,12.796516963413783,13.27685899734497,14.388305683135986,17.590690026283266,1.868902173895759,2022,10,October,Q4,Friday
2022-10-24,12.774306940945538,12.862866281592671,12.614898063263528,12.819570541381836,4633500,12.799890518188477,0.019680023193359375,0.15375149627565587,0.2479682183291434,1.9411481145355125,12.795673506600517,13.210020605723063,14.304367580413818,17.534420790672304,1.8667753917234222,2022,10,October,Q4,Monday
2022-10-25,13.006530215306531,13.254498412211545,12.994722116557073,13.232850074768066,4188000,12.819570541381836,0.41327953338623047,3.2238173038024565,0.259776295654472,1.9972759172062533,12.88029738834926,13.180548604329427,14.228224563598634,17.479044694900512,1.800307510508015,2022,10,October,Q4,Tuesday
2022-10-26,13.156099236824565,13.417843419089085,13.14035541636697,13.248595237731934,3591500,13.232850074768066,0.015745162963867188,0.11898542547450486,0.27748800272211405,2.109196637445631,12.914878027779716,13.151405461629231,14.155572338104248,17.424861903190614,1.8007205183733692,2022,10,October,Q4,Wednesday
2022-10-27,13.232852026886938,13.374548294366756,13.128547921227051,13.15806770324707,2855000,13.248595237731934,-0.09052753448486328,-0.6832991185891313,0.24600037313970446,1.8590124988919468,12.95958001273019,13.12042096455892,14.076992740631104,17.367146668434142,1.8028948097753517,2022,10,October,Q4,Thursday
2022-10-28,13.150194926436637,13.356835256425942,13.128546587998011,13.352898597717283,3658500,13.15806770324707,0.19483089447021307,1.480695333571913,0.22828866842793083,1.736009767953996,13.050107955932617,13.095800081888834,14.003407554626465,17.309594068527222,1.8288764548785887,2022,10,October,Q4,Friday
2022-10-31,13.22104263598119,13.317475290845987,13.12067426080905,13.278115272521973,5029500,13.352898597717283,-0.07478332519531072,-0.5600531199128178,0.19680103003693716,1.4885439481250997,13.12714113507952,13.064765644073486,13.92891481399536,17.25396521091461,1.8203404820865818,2022,10,October,Q4,Monday
2022-11-01,13.894099312028382,14.6399727226552,13.888195731692369,14.56518840789795,17435500,13.278115272521973,1.2870731353759766,9.693191457973516,0.7517769909628313,5.410764484114519,13.37932654789516,13.085194142659505,13.886044807434082,17.20478148460388,2.540720500499164,2022,11,November,Q4,Tuesday
2022-11-02,14.342804645505783,14.478596381031974,14.045636177062988,14.045636177062988,10002500,14.56518840789795,-0.5195522308349609,-3.5670821158292343,0.43296020396898527,3.01865788923403,13.554478781563896,13.096538003285726,13.83752794265747,17.161750597953798,2.6083982830153793,2022,11,November,Q4,Wednesday
2022-11-03,13.974787491019276,14.232595939266176,13.876387914502132,14.19520378112793,6281000,14.045636177062988,0.1495676040649414,1.0648688473733348,0.3562080247640438,2.5489333916022443,13.691957882472447,13.11633087793986,13.791453533172607,17.125138325691225,2.6086218634227625,2022,11,November,Q4,Thursday
2022-11-04,14.474660266933764,14.858421141097264,14.464820027961585,14.679332733154297,6988000,14.19520378112793,0.4841289520263672,3.410510757654639,0.3936011131356789,2.719242496038612,13.89634895324707,13.15846939086914,13.750748767852784,17.08743668079376,2.6566086837317107,2022,11,November,Q4,Friday
2022-11-07,14.681299833345332,14.858420372009276,14.643907677919971,14.858420372009276,9284500,14.679332733154297,0.1790876388549787,1.21999849795964,0.2145126940893043,1.461128759199414,14.139256477355957,13.217882601420085,13.72754482269287,17.052585897445677,2.605007729199425,2022,11,November,Q4,Monday
2022-11-08,15.094581672319377,15.515733777323533,14.988309715985013,15.116230010986328,7983000,14.858420372009276,0.25780963897705256,1.7351079894247778,0.5274240613385199,3.4941283752547876,14.39116096496582,13.291182581583659,13.71094778060913,17.020089893341066,2.595325055819478,2022,11,November,Q4,Tuesday
2022-11-09,15.006021048431506,15.074900844753868,14.813156680312051,14.854484558105469,3855000,15.116230010986328,-0.2617454528808594,-1.7315524617621314,0.2617441644418168,1.7442609443039228,14.616356577192034,13.348569552103678,13.691468296051026,16.98689133644104,2.619229038588626,2022,11,November,Q4,Wednesday
2022-11-10,15.415365874328607,15.8542296459949,15.393717536315483,15.842422485351562,7009500,14.854484558105469,0.9879379272460938,6.650772185205289,0.46051210967941714,2.987357636748106,14.798818588256836,13.44979050954183,13.697197532653808,16.958524923324585,2.7921256227808517,2022,11,November,Q4,Thursday
2022-11-11,16.216342035825246,16.37181518231908,16.056935045985952,16.352134704589844,5682000,15.842422485351562,0.5097122192382812,3.217388121731868,0.3148801363331266,1.9417457749564695,15.128318377903529,13.574693044026693,13.714963836669922,16.939609785079956,2.7919349847403474,2022,11,November,Q4,Friday
2022-11-14,16.29506210029852,16.387558093598038,16.200599185322606,16.220277786254883,3102000,16.352134704589844,-0.13185691833496094,-0.8063590516897534,0.18695890827543238,1.1473347393503175,15.417614664350237,13.681358750661214,13.736562385559083,16.916251573562622,2.7713772930013487,2022,11,November,Q4,Monday
2022-11-15,16.50170369346349,16.546967291764194,16.24389430933703,16.271446228027344,4566000,16.220277786254883,0.05116844177246094,0.31545971312416654,0.30307298242716385,1.8366163158487354,15.6450594493321,13.776085249582927,13.766477088928223,16.8884365940094,2.735758485203334,2022,11,November,Q4,Tuesday
2022-11-16,16.06874360186872,16.06874360186872,15.915239240551568,15.968376159667969,4257000,16.271446228027344,-0.303070068359375,-1.8625883901907891,0.15350436131715384,0.9552978448128451,15.803624561854772,13.864842224121094,13.793741512298585,16.85822632789612,2.7599734207583273,2022,11,November,Q4,Wednesday
2022-11-17,15.63774927042277,15.91720603743176,15.54722114090931,15.907365798950195,3043000,15.968376159667969,-0.06101036071777344,-0.38206991185408823,0.3699848965224497,2.36597281440136,15.916643960135323,13.952877457936605,13.821001167297362,16.828014087677,2.7610328675548965,2022,11,November,Q4,Thursday
2022-11-18,15.925078155573862,15.958534592469045,15.763702366638688,15.820773124694824,1859000,15.907365798950195,-0.0865926742553711,-0.5443558370995971,0.19483222583035698,1.2234302646870505,16.054685183933803,14.044586340586344,13.841863193511962,16.801494870185852,2.741348650892949,2022,11,November,Q4,Friday
2022-11-21,15.57280710996498,15.688919310736871,15.535414949877396,15.564934730529783,3604500,15.820773124694824,-0.25583839416504084,-1.6171042473625996,0.1535043608594755,0.9857205561947058,16.01504407610212,14.132949701944987,13.856667442321777,16.772630748748778,2.752459354661278,2022,11,November,Q4,Monday
2022-11-22,15.909333288011595,16.007733799503487,15.84242229151734,15.98805332183838,3126000,15.564934730529783,0.4231185913085973,2.7184090305157005,0.16531150798614824,1.0390850766242856,15.963032449994769,14.244929027557372,13.894088306427001,16.745266251564026,2.722190531314465,2022,11,November,Q4,Tuesday
2022-11-23,16.04119210286313,16.180920507611592,15.986088260455372,16.176984786987305,3298000,15.98805332183838,0.188931465148924,1.181703997014183,0.19483224715622072,1.214574614572728,15.956847735813685,14.3697660446167,13.935170211791991,16.71882685184479,2.6852151513223066,2022,11,November,Q4,Wednesday
2022-11-25,16.291127257594802,16.487928292187085,16.291127257594802,16.312774658203125,2084500,16.176984786987305,0.1357898712158203,0.8394016128707049,0.19680103459228349,1.2080258872235885,15.96275179726737,14.486009375254314,13.979673652648925,16.69141405582428,2.6513556057182828,2022,11,November,Q4,Friday
2022-11-28,16.39936831441138,16.564679835173777,16.139591995022585,16.171079635620117,5601500,16.312774658203125,-0.1416950225830078,-0.8686138658315468,0.4250878401511926,2.592098866257156,15.991709436689105,14.603695933024088,14.021264743804931,16.664808259010314,2.6363671332709906,2022,11,November,Q4,Monday
2022-11-29,16.102197267446865,16.29309375607528,16.100228469108703,16.182884216308594,3752500,16.171079635620117,0.011804580688476562,0.07299809879406371,0.19286528696657612,1.1977575716109488,16.031069210597447,14.709574381510416,14.060739459991455,16.640334248542786,2.611344950636272,2022,11,November,Q4,Tuesday
2022-11-30,15.960502295402083,16.352135564746494,15.803062218953842,16.34819984436035,4689000,16.182884216308594,0.1653156280517578,1.021546133816842,0.5490733457926513,3.440200913669421,16.10641588483538,14.826342582702637,14.108656787872315,16.617351670265197,2.5840117505056415,2022,11,November,Q4,Wednesday
2022-12-01,16.314744322828563,16.568616131924788,16.308839803500597,16.51941680908203,4139000,16.34819984436035,0.1712169647216797,1.0473138715682229,0.2597763284241914,1.5922794944490604,16.242770467485702,14.953016376495361,14.164938716888427,16.593905262947082,2.561215369340042,2022,12,December,Q4,Thursday
2022-12-02,16.287192023167673,16.352136103764177,16.119911701823114,16.2930965423584,3531000,16.51941680908203,-0.2263202667236328,-1.370025766280114,0.23222440194106397,1.4258099346451922,16.28634807041713,15.071490160624187,14.218772296905518,16.571224036216737,2.5915840514014303,2022,12,December,Q4,Friday
2022-12-05,16.102200914576873,16.255705284216734,16.011671830353094,16.06087303161621,5243000,16.2930965423584,-0.2322235107421875,-1.4252877599936764,0.24403345386363995,1.5155285613330243,16.26976067679269,15.180189577738444,14.271686210632325,16.549053568840026,2.6242276324296836,2022,12,December,Q4,Monday
2022-12-06,15.919173900850684,15.919173900850684,15.533446101403865,15.639718055725098,3592500,16.06087303161621,-0.4211549758911133,-2.6222421101397164,0.3857277994468191,2.423039046179442,16.173609733581543,15.27419449488322,14.322960090637206,16.525344400405885,2.6954691096898054,2022,12,December,Q4,Tuesday
2022-12-07,15.574775198601222,15.625943319638022,15.482279196361684,15.555094718933104,2404000,15.639718055725098,-0.08462333679199396,-0.5410796824500075,0.14366412327633782,0.9224153892714957,16.08561188834054,15.35160264968872,14.375717372894288,16.50272759914398,2.6612938041889858,2022,12,December,Q4,Wednesday
2022-12-08,15.43504611775092,15.623974772913169,15.32877415977954,15.584614753723145,5175000,15.555094718933104,0.02952003479004084,0.18977727441358283,0.29520061313362866,1.9125347011055325,16.000144822256907,15.429469966888428,14.424752159118652,16.48159788131714,2.6609082031855493,2022,12,December,Q4,Thursday
2022-12-09,15.64168798271868,15.929016244745664,15.64168798271868,15.818808555603027,5080000,15.584614753723145,0.2341938018798828,1.5027243571993587,0.2873282620269837,1.836938969402989,15.924517495291573,15.518161328633626,14.485012454986572,16.46097426891327,2.655161596037495,2022,12,December,Q4,Friday
2022-12-12,15.753863479997174,15.78141540055025,15.645622719633618,15.779446601867676,4470000,15.818808555603027,-0.03936195373535156,-0.2488300784284414,0.13579268091663188,0.8619643117324781,15.818807465689522,15.599046262105306,14.548500213623047,16.438100633621215,2.6552519729974233,2022,12,December,Q4,Monday
2022-12-13,16.196663659986203,16.344265385276532,15.848328918509312,15.93885612487793,3884500,15.779446601867676,0.1594095230102539,1.010235194125153,0.4959364667672208,3.0619668172305756,15.76820169176374,15.687737623850504,14.60687120437622,16.417549295425417,2.6472416246194967,2022,12,December,Q4,Tuesday
2022-12-14,16.18288503161443,16.26554265981217,15.862102264677407,15.986085891723633,3289000,15.93885612487793,0.047229766845703125,0.2963184213199854,0.40344039513476204,2.4930066199358905,15.75751781463623,15.73510087331136,14.657999897003174,16.398866891860962,2.021509444510761,2022,12,December,Q4,Wednesday
2022-12-15,15.818807323061591,15.87194236468645,15.440950943644165,15.48227882385254,3126500,15.986085891723633,-0.503807067871092,-3.151534849014692,0.43099142104228605,2.7245506708584872,15.735026495797294,15.78298896153768,14.701532135009765,16.376805057525633,1.9951353689858107,2022,12,December,Q4,Thursday
2022-12-16,15.350422282252987,15.527541896901283,15.32286942463343,15.423237800598145,3093000,15.48227882385254,-0.05904102325439631,-0.3813458207679088,0.20467247226785368,1.333334474482052,15.716189793178014,15.823923428853353,14.744670715332031,16.355924372673034,1.9945911731484052,2022,12,December,Q4,Friday
2022-12-19,15.41143018590344,15.468502824690017,15.226438186342858,15.289414405822754,4972000,15.423237800598145,-0.13382339477539062,-0.8676738082207369,0.2420646383471592,1.570682509197436,15.67401831490653,15.844259484608967,14.789068870544433,16.336095361709596,1.9156014659585645,2022,12,December,Q4,Monday
2022-12-20,15.246119162339388,15.407494967551928,15.206759141183872,15.252022743225098,3929000,15.289414405822754,-0.03739166259765625,-0.24455915449198562,0.20073582636805654,1.3166355597161377,15.593048913138253,15.857379563649495,14.835828647613525,16.318670363426207,1.9061175488223419,2022,12,December,Q4,Tuesday
2022-12-21,15.252022354312915,15.29138237446479,15.1575584936318,15.236278533935549,3138000,15.252022743225098,-0.015744209289549005,-0.10322702473376522,0.13382388083299013,0.8774172875189097,15.515453474862236,15.861381181081136,14.887980747222901,16.299602303504944,1.881275496886424,2022,12,December,Q4,Wednesday
2022-12-22,15.163462224252635,15.163462224252635,14.99618190234944,15.108358383178713,3421500,15.236278533935549,-0.12792015075683594,-0.8395760846188316,0.16728032190319553,1.1031802594241653,15.396810940333776,15.86984364191691,14.941510429382324,16.278995118141175,1.8591783301939804,2022,12,December,Q4,Thursday
2022-12-23,15.139844464462154,15.194949238275822,14.992244637244356,15.141812324523926,3089500,15.108358383178713,0.03345394134521307,0.2214267129277303,0.20270460103146526,1.3388816609528251,15.276200430733818,15.846489969889323,14.987837181091308,16.25675619125366,1.384841569923883,2022,12,December,Q4,Friday
2022-12-27,14.998149930533067,15.01389468965925,14.836774126033552,14.866293907165527,3520500,15.141812324523926,-0.27551841735839844,-1.8195867935317356,0.1771205636256976,1.1809494134014324,15.188202585492816,15.796961943308512,15.032353401184082,16.235945744514467,1.263615848444422,2022,12,December,Q4,Tuesday
2022-12-28,14.958788905937046,15.006021303312831,14.722628795891842,14.730501174926758,3195500,14.866293907165527,-0.13579273223876953,-0.91342693133033,0.28339250742098976,1.8944883118747207,15.089240210396904,15.747302722930907,15.066832809448242,16.216920170783997,1.2652183497756617,2022,12,December,Q4,Wednesday
2022-12-29,14.903685517108968,15.120166093716438,14.901717656895146,15.09261417388916,2872500,14.730501174926758,0.36211299896240234,2.4582530808847647,0.21844843682129245,1.4657343418211586,15.061125891549247,15.708008321126302,15.11178201675415,16.19646891593933,1.3589267899618844,2022,12,December,Q4,Thursday
2022-12-30,14.872198234615206,15.019798076788213,14.844646314125146,15.01192569732666,2067500,15.09261417388916,-0.0806884765625,-0.534622270422136,0.17515176266306653,1.1777126682953893,15.026826313563756,15.676126639048258,15.157636470794678,16.17106783390045,1.325516337837341,2022,12,December,Q4,Friday
2023-01-03,15.18314114921905,15.287445239894287,15.033572523426807,15.08474063873291,3303000,15.01192569732666,0.07281494140625,0.48504730754974634,0.25387271646748033,1.6720697909110749,15.005178042820521,15.64870580037435,15.204553623199462,16.144202480316164,1.3307889810308404,2023,1,January,Q1,Tuesday
2023-01-04,15.34845307819181,15.427174051798684,15.25005350341269,15.31106185913086,2982000,15.08474063873291,0.22632122039794922,1.500332195416254,0.177120548385993,1.1539960899229555,15.034135682242256,15.63171542485555,15.25477705001831,16.117002143859864,1.3628366999799923,2023,1,January,Q1,Wednesday
2023-01-05,15.307126585159436,15.372070666986886,15.21463058236482,15.252022743225098,2705000,15.31106185913086,-0.05903911590576172,-0.3855977883764683,0.15744008462206693,1.0285410769040626,15.049880027770996,15.621285025278727,15.303426094055176,16.09113941669464,1.333805370031014,2023,1,January,Q1,Thursday
2023-01-06,15.592485557370324,16.06677362846722,15.56690149902138,16.017574310302734,4483500,15.252022743225098,0.7655515670776367,5.019344515583635,0.4998721294458406,3.2058527654659836,15.214348656790596,15.62226905822754,15.35912057876587,16.067852959632873,1.5479846605900671,2023,1,January,Q1,Friday
2023-01-09,16.074647742034266,16.401335059569824,16.06480750254719,16.259639739990234,4590000,16.017574310302734,0.2420654296875,1.511248988130487,0.3365275570226345,2.0935299013902156,15.432797023228236,15.625024223327637,15.419341468811036,16.04732162952423,1.5576689231573653,2023,1,January,Q1,Monday
2023-01-10,16.0274136641947,16.16910896893026,15.962469591850573,16.153366088867188,3980500,16.259639739990234,-0.10627365112304688,-0.6536039716899089,0.2066393770796875,1.2892871015198204,15.58433301108224,15.619710604349772,15.479247436523437,16.023110661506653,1.5547193561894146,2023,1,January,Q1,Tuesday
2023-01-11,16.517448287635457,16.62962477258059,16.48989636608759,16.58829689025879,3608000,16.153366088867188,0.43493080139160156,2.692508787325476,0.13972840649300267,0.8459442648753429,15.80952889578683,15.633617846171061,15.543955402374268,16.002130303382874,1.6222631067585591,2023,1,January,Q1,Wednesday
2023-01-12,16.65914563218692,16.95434533033511,16.598137269153945,16.938602447509766,5565500,16.58829689025879,0.35030555725097656,2.1117632483216964,0.35620806118116377,2.138213261626927,16.074366297040665,15.658808453877766,15.617165145874024,15.98413339138031,1.6633808725191366,2023,1,January,Q1,Thursday
2023-01-13,16.568613122045747,16.911047028352836,16.562710480623927,16.875621795654297,4972000,16.938602447509766,-0.06298065185546875,-0.37181728569778416,0.3483365477289091,2.1023880825934786,16.29787485940116,15.676389185587565,15.66337381362915,15.964805102348327,1.6580990256833426,2023,1,January,Q1,Friday
2023-01-17,16.979927499669873,17.263319988458303,16.979927499669873,17.074390411376953,4455000,16.875621795654297,0.19876861572265625,1.1778446929513464,0.2833924887884294,1.6689852697777368,16.558213097708567,15.694888305664062,15.72394889831543,15.947068581581116,1.6607878982691553,2023,1,January,Q1,Tuesday
2023-01-18,17.318427314487103,17.375499958806603,17.044875009088827,17.058650970458984,3551500,17.074390411376953,-0.01573944091796875,-0.09218156864611027,0.3306249497177767,1.9090933819447007,16.706938334873744,15.72040678660075,15.78121784210205,15.93168429851532,1.6373857961753713,2023,1,January,Q1,Wednesday
2023-01-19,17.373529339605902,17.473896779524484,17.231832143073312,17.31252098083496,4243000,17.058650970458984,0.25387001037597656,1.4882185632123734,0.24206463645117182,1.3932956955346112,16.857349940708705,15.76212838490804,15.833881607055664,15.917363505363465,1.6261115769669492,2023,1,January,Q1,Thursday
2023-01-20,17.39714628381212,17.582138289843382,17.345978162345993,17.572298049926758,2705000,17.31252098083496,0.2597770690917969,1.5005155481363497,0.23616012749738857,1.357464745336615,17.060054506574357,15.826547718048095,15.888159160614014,15.902263550758361,1.546096768085443,2023,1,January,Q1,Friday
2023-01-23,17.34401035158906,17.552618569936307,17.318427227815643,17.497514724731445,3049000,17.572298049926758,-0.0747833251953125,-0.4255751011213005,0.2341913421206634,1.3502721537479179,17.18994276864188,15.891295051574707,15.935784854888915,15.890651717185975,1.5438131222690044,2023,1,January,Q1,Monday
2023-01-24,17.5171933503804,17.710056788170597,17.31842539356249,17.57623291015625,3465500,17.497514724731445,0.07871818542480469,0.44988209276111135,0.39163139460810825,2.2356971620662263,17.281032834734237,15.95768232345581,15.990219821929932,15.881129240989685,1.5432964422565876,2023,1,January,Q1,Tuesday
2023-01-25,17.50735239135806,17.65101650290246,17.462088793284792,17.623464584350586,2878500,17.57623291015625,0.04723167419433594,0.2687246717528513,0.18892770961766914,1.0791335285564208,17.387867518833705,16.017837524414062,16.02584066390991,15.872989764213562,1.5296372922826083,2023,1,January,Q1,Wednesday
2023-01-26,17.495544128776395,17.5486791639942,17.338104067871416,17.540807723999023,3019500,17.623464584350586,-0.0826568603515625,-0.4690159528845439,0.2105750961227848,1.2035927237977937,17.454498563494003,16.076549561818442,16.049614124298095,15.864368395805359,1.5332426420248844,2023,1,January,Q1,Thursday
2023-01-27,17.609687175670533,17.908824411708242,17.580166461008854,17.83207130432129,4269000,17.540807723999023,0.2912635803222656,1.6604912664527127,0.3286579506993874,1.86634746784974,17.564987182617188,16.139656734466552,16.081849994659425,15.862535710334777,1.547217057455268,2023,1,January,Q1,Friday
2023-01-30,17.57229632995644,17.686441600349685,17.52112821349863,17.580167770385742,3523000,17.83207130432129,-0.2519035339355469,-1.4126431508520443,0.16531338685105368,0.9407614334913932,17.6032224382673,16.19279279708862,16.108024425506592,15.861403918266296,1.581719250575278,2023,1,January,Q1,Monday
2023-01-31,17.495545270487668,17.656921061921174,17.489640751689183,17.60575294494629,3970500,17.580167770385742,0.025585174560546875,0.14553430260002553,0.16728031023199108,0.9561308758645413,17.608001708984375,16.263575267791747,16.14077196121216,15.859459042549133,1.4396875372443472,2023,1,January,Q1,Tuesday
2023-02-01,17.493576432082122,17.733672258558084,17.373528518844143,17.623464584350586,4827000,17.60575294494629,0.017711639404296875,0.10060143101906505,0.36014373971394065,2.0587199027721947,17.625994546072825,16.336916160583495,16.175093936920167,15.860200295448303,1.4328882707514923,2023,2,February,Q1,Wednesday
2023-02-02,18.105622612372905,18.741287329354453,18.0701992580716,18.459863662719727,8071000,17.623464584350586,0.8363990783691406,4.74594013206604,0.6710880712828526,3.7065175037076536,17.752227510724747,16.442597802480062,16.227875747680663,15.865770478248596,1.609786282335077,2023,2,February,Q1,Thursday
2023-02-03,18.41460200195908,18.64682638121532,18.3063612525938,18.3280086517334,5276500,18.459863662719727,-0.13185501098632812,-0.7142794410373354,0.34046512862152056,1.8488867073276924,17.852876663208008,16.545130666097005,16.283137226104735,15.869858002662658,1.6209562951902328,2023,2,February,Q1,Friday
2023-02-06,17.881274393044574,17.883241314797303,17.617560485147855,17.735641479492188,4900500,18.3280086517334,-0.5923671722412109,-3.23203236913131,0.2656808296494475,1.4858047799590368,17.88071005684989,16.628442764282227,16.318088989257813,15.871228747367859,1.7638956286872756,2023,2,February,Q1,Monday
2023-02-07,17.808456937238194,18.058393007846465,17.73760834087274,17.98164176940918,4621000,17.735641479492188,0.2460002899169922,1.3870391448848496,0.32078466697372576,1.8013052343853118,17.902077266148158,16.724218877156577,16.35418212890625,15.874731287956237,1.7514094050294426,2023,2,February,Q1,Tuesday
2023-02-08,17.86159251273973,18.00328781799897,17.755320564586906,17.794679641723633,3313000,17.98164176940918,-0.18696212768554688,-1.0397389186320605,0.24796725341206383,1.3882706888268888,17.932721819196427,16.812647787729897,16.38382022857666,15.879798560142516,1.775694527180306,2023,2,February,Q1,Wednesday
2023-02-09,18.026905429763225,18.11546570631304,17.71005648203686,17.735641479492188,2364500,17.794679641723633,-0.05903816223144531,-0.33177423488433,0.4054092242761804,2.2489119158900768,17.951277324131556,16.908292706807455,16.415111465454103,15.882629818916321,1.7272125721795082,2023,2,February,Q1,Thursday
2023-02-10,17.672664323563964,17.85175367525006,17.65101692328156,17.735641479492188,2546500,17.735641479492188,0.0,0.0,0.20073675196849905,1.1358601526813668,17.967302594866073,17.008464050292968,16.446166610717775,15.888734993934632,1.7074747394525764,2023,2,February,Q1,Friday
2023-02-13,17.464055675276363,17.662825500306187,17.41092063683302,17.641176223754883,2523500,17.735641479492188,-0.09446525573730469,-0.5326294842311508,0.2519048634731682,1.4424190357442954,17.85034724644252,17.093416118621825,16.472026138305665,15.89318178653717,1.6844895321648796,2023,2,February,Q1,Monday
2023-02-14,17.530968038923973,17.64904902674652,17.436503248665932,17.582136154174805,2536500,17.641176223754883,-0.059040069580078125,-0.33467195628700264,0.21254577808058883,1.2124018343349543,17.74379403250558,17.179089800516763,16.49328052520752,15.89551998615265,1.6805023438362754,2023,2,February,Q1,Tuesday
2023-02-15,17.25938765874248,17.405018713377082,17.210186456365413,17.40108299255371,2934500,17.582136154174805,-0.18105316162109375,-1.0297563392381304,0.19483225701166873,1.1288480267315824,17.695999962942942,17.25630121231079,16.515440254211427,15.898178181648255,1.7048427937696835,2023,2,February,Q1,Wednesday
2023-02-16,17.204277633478526,17.393207200415947,17.18459903428379,17.227893829345703,3399500,17.40108299255371,-0.1731891632080078,-0.995278071382788,0.2086081661321586,1.2125366177898642,17.588321685791016,17.320195611317953,16.538780670166016,15.8999214220047,1.7147597154108924,2023,2,February,Q1,Thursday
2023-02-17,16.848072685255154,16.848072685255154,16.607976840335013,16.739831924438477,4223500,17.227893829345703,-0.48806190490722656,-2.832974882140671,0.24009584492014113,1.425064156627628,17.43762915475028,17.36978925069173,16.560782947540282,15.898998894691466,1.8094192063538443,2023,2,February,Q1,Friday
2023-02-21,16.49186432732324,16.56861556864205,16.34623140879893,16.381656646728516,3922000,16.739831924438477,-0.35817527770996094,-2.139658745241413,0.22238415984312,1.348447667464014,17.244202750069753,17.381925328572592,16.577314186096192,15.894138836860657,1.6325897290834401,2023,2,February,Q1,Tuesday
2023-02-22,16.291127650055728,16.328519809992383,16.190760208559347,16.232088088989258,2147500,16.381656646728516,-0.1495685577392578,-0.9130246162809663,0.13775960143303578,0.8456112087033124,17.029409408569336,17.381006940205893,16.590263652801514,15.892049899101258,1.6196471927994904,2023,2,February,Q1,Wednesday
2023-02-23,16.36197530146245,16.381655779622303,16.14549567220516,16.271446228027344,2865000,16.232088088989258,0.03935813903808594,0.2424712016242836,0.23616010741714177,1.4433471696784284,16.833733694893972,17.384942944844564,16.59931640625,15.891402611732483,1.6153021817916682,2023,2,February,Q1,Thursday
2023-02-24,16.27735137939453,16.35804021688535,16.163207979932324,16.27735137939453,4341500,16.271446228027344,0.0059051513671875,0.03629149667725429,0.19483223695302598,1.1969529465319755,16.647335869925364,17.374578094482423,16.609274501800538,15.89354905128479,1.5355437835667012,2023,2,February,Q1,Friday
2023-02-27,16.511545819123832,16.627658025966564,16.40133625493652,16.403305053710938,3581000,16.27735137939453,0.12595367431640625,0.7737971085139295,0.2263217710300438,1.370687962891492,16.504796164376394,17.356734848022462,16.618563480377198,15.89518822669983,1.4892729260039679,2023,2,February,Q1,Monday
2023-02-28,16.468246914519394,16.598135064747513,16.422983317157147,16.448566436767578,2566500,16.403305053710938,0.045261383056640625,0.27592843581483173,0.1751517475903661,1.0635725132099023,16.393463679722377,17.342499669392904,16.627813091278075,15.898955311775207,1.4898364902221461,2023,2,February,Q1,Tuesday
2023-03-01,16.511545275700257,16.568616039439164,16.41708047431554,16.45840835571289,2728500,16.448566436767578,0.0098419189453125,0.05983450888042974,0.15153556512362343,0.9177551985193995,16.35326031276158,17.321966934204102,16.647335681915283,15.89900758266449,1.4712915453755058,2023,3,March,Q1,Wednesday
2023-03-02,16.34032828179212,16.407239281525325,16.224216085514477,16.401334762573242,3421500,16.45840835571289,-0.05707359313964844,-0.3467746814037276,0.18302319601084704,1.1200704958589365,16.35607147216797,17.300056393941244,16.666897621154785,15.895726037025451,1.4719074174520534,2023,3,March,Q1,Thursday
2023-03-03,16.584362065201514,16.90711369985886,16.584362065201514,16.873659133911133,3686000,16.401334762573242,0.4723243713378906,2.8797922740757764,0.32275163465734735,1.9461202872226708,16.44772447858538,17.28542766571045,16.698582515716552,15.89544325351715,1.5444898721215465,2023,3,March,Q1,Friday
2023-03-06,17.08423286985139,17.279065113907915,17.001577107554773,17.029129028320312,3594000,16.873659133911133,0.1554698944091797,0.9213762893712341,0.27748800635314197,1.624234511827722,16.555964878627233,17.2673220316569,16.734124641418457,15.894634127616882,1.5276576552170558,2023,3,March,Q1,Monday
2023-03-07,17.373529189630485,17.446344709067013,17.14917623547415,17.172792434692383,5957000,17.029129028320312,0.1436634063720703,0.8436333187278766,0.2971684735928619,1.7104669428375499,16.68388502938407,17.256497955322267,16.772854919433595,15.895151057243346,1.5356948859681425,2023,3,March,Q1,Tuesday
2023-03-08,17.29284046097878,17.369593578127667,17.23576969960787,17.330232620239258,3103500,17.172792434692383,0.157440185546875,0.9168001427002359,0.13382387851979516,0.7738686933576249,16.816303253173828,17.248297945658365,16.817292404174804,15.894847626686095,1.543294534731583,2023,3,March,Q1,Wednesday
2023-03-09,17.284970274549316,17.424698682259574,16.993706297005666,17.0350341796875,3034000,17.330232620239258,-0.2951984405517578,-1.703372637981837,0.4309923852539086,2.493451700570808,16.900084359305247,17.228683598836263,16.855156841278077,15.891862540245056,1.5716284007548604,2023,3,March,Q1,Thursday
2023-03-10,16.962217449049543,16.962217449049543,16.598136095368858,16.6807918548584,4480000,17.0350341796875,-0.35424232482910156,-2.0794928914877,0.3640813536806853,2.146425458665996,16.931853430611746,17.20001640319824,16.891446800231932,15.88727288722992,1.611618739247885,2023,3,March,Q1,Friday
2023-03-13,16.7319619761466,16.991738323816463,16.619785484773885,16.838233947753906,3992500,16.6807918548584,0.1574420928955078,0.9438526316102314,0.3719528390425779,2.2230079148688056,16.99426759992327,17.166888491312662,16.933601455688475,15.88419580936432,1.5889331885298261,2023,3,March,Q1,Monday
2023-03-14,16.700471853171585,16.81461524963379,16.64536801509785,16.81461524963379,3577000,16.838233947753906,-0.023618698120117188,-0.14026826206003928,0.1692472345359377,1.0134278601463347,16.98583275931222,17.141370073954263,16.968041477203368,15.881725974082947,1.571752870236305,2023,3,March,Q1,Tuesday
2023-03-15,16.41314385538962,16.483992452550403,16.208471381480965,16.48005485534668,3472500,16.81461524963379,-0.3345603942871094,-1.989699968272518,0.2755210710694378,1.6786611602076729,16.907393591744558,17.103846804300943,16.99740406036377,15.87537787914276,1.606505591306218,2023,3,March,Q1,Wednesday
2023-03-16,16.631591497136537,17.0173202275347,16.572550063896795,17.001575469970703,4366500,16.48005485534668,0.5215206146240234,3.1645563027651313,0.4447701636379051,2.6742489659782787,16.88293402535575,17.08311716715495,17.035740756988524,15.869951434135437,1.7201491825602,2023,3,March,Q1,Thursday
2023-03-17,17.170824755283597,17.214119554578595,16.960247770226353,17.02716064453125,4076000,17.001575469970703,0.025585174560546875,0.1504870804810876,0.253871784352242,1.4785066411799683,16.839638028826034,17.035360399882,17.070062732696535,15.862878718376159,1.4578429126887695,2023,3,March,Q1,Friday
2023-03-20,17.2239624176642,17.546715924022276,17.186570254591214,17.40108299255371,5405500,17.02716064453125,0.37392234802246094,2.1960346520989438,0.36014566943106274,2.09095712529953,16.891930716378347,17.004462877909344,17.113043937683106,15.857685418128968,1.521902546942694,2023,3,March,Q1,Monday
2023-03-21,17.530968669638312,17.65298538197249,17.458153152680996,17.588041305541992,3523000,17.40108299255371,0.18695831298828125,1.0744061910875624,0.19483222929149235,1.1113603187764525,17.02153778076172,16.999542872111004,17.14445327758789,15.853642554283143,1.4221374068001578,2023,3,March,Q1,Tuesday
2023-03-22,17.497508897127165,17.528996530066603,17.206245007979042,17.208213806152344,3929500,17.588041305541992,-0.37982749938964844,-2.159578163316944,0.32275152208756097,1.8445569822830725,17.07439204624721,16.97376194000244,17.163424758911134,15.848876805305482,1.4484717586994418,2023,3,March,Q1,Wednesday
2023-03-23,17.381401290198973,17.597882811777822,17.259386445912643,17.37156105041504,4676500,17.208213806152344,0.1633472442626953,0.9492399740192337,0.33849636586517917,1.9474630394503953,17.153955732073104,16.95965798695882,17.18778865814209,15.845261073112487,1.451211470160223,2023,3,March,Q1,Thursday
2023-03-24,17.37746481733162,17.403049815028965,17.113752783774117,17.225929260253906,5536500,17.37156105041504,-0.1456317901611328,-0.8383345039543966,0.28929703125484707,1.6647827188596187,17.26050921848842,16.94266757965088,17.200541305541993,15.840583901405335,1.4572963938920158,2023,3,March,Q1,Friday
2023-03-27,17.145240323773013,17.202312960983082,16.98976904722427,17.0507755279541,4234000,17.225929260253906,-0.1751537322998047,-1.0168028072885638,0.212543913758811,1.2396671597778934,17.267537798200333,16.91983871459961,17.202784767150877,15.835403456687928,1.4669975716042651,2023,3,March,Q1,Monday
2023-03-28,16.946471208127313,17.056678877806387,16.873655694494154,16.8893985748291,3280500,17.0507755279541,-0.161376953125,-0.9464493439634403,0.18302318331223333,1.0800076373685261,17.2478575025286,16.894779459635416,17.203060302734375,15.832092089653015,1.4729370673716322,2023,3,March,Q1,Tuesday
2023-03-29,17.107848954654038,17.32236167690576,17.070456794319632,17.2928409576416,4786000,16.8893985748291,0.4034423828125,2.3887314934574633,0.2519048825861283,1.4724521081161395,17.23239435468401,16.885136286417644,17.207429313659667,15.832238850593567,1.5424637775677315,2023,3,March,Q1,Wednesday
2023-03-30,17.513187011146037,17.677064998456046,17.485545122487718,17.63362693786621,5894500,17.2928409576416,0.3407859802246094,1.9706766578109214,0.19151987596832853,1.0935752347441858,17.238906587873185,16.892887751261394,17.218928833007812,15.838137812614441,1.5732966367999042,2023,3,March,Q1,Thursday
2023-03-31,17.72445061494936,17.95150951104075,17.720502042933507,17.8981990814209,6107000,17.63362693786621,0.2645721435546875,1.5003841494828807,0.2310074681072436,1.3033265353364725,17.33747591291155,16.9152312596639,17.23064239501953,15.846271243095398,1.5817387239343221,2023,3,March,Q1,Friday
2023-04-03,17.850815567713518,18.04233356297096,17.850815567713518,18.03246307373047,4395500,17.8981990814209,0.1342639923095703,0.7501536422675148,0.19151799525744195,1.0728809254174214,17.4318904876709,16.9583189646403,17.239845695495607,15.853762497901917,1.4816708233977225,2023,4,April,Q2,Monday
2023-04-04,17.923868837220247,17.996922131864284,17.84094317038716,17.969280242919922,4048500,18.03246307373047,-0.06318283081054688,-0.3503838080921473,0.15597896147712476,0.8702304334721689,17.538083485194615,17.011239751180014,17.249281005859373,15.86356481075287,1.4163670132195083,2023,4,April,Q2,Tuesday
2023-04-05,17.750119869553274,17.773813188074623,17.675091341396094,17.700759887695312,3222000,17.969280242919922,-0.2685203552246094,-1.4943300543738158,0.09872184667852935,0.5561756619337913,17.630938393729075,17.06019547780355,17.251771545410158,15.869730830192566,1.437612695145452,2023,4,April,Q2,Wednesday
2023-04-06,17.424338830539327,17.442108348421428,17.22097322284402,17.408544540405273,3979500,17.700759887695312,-0.29221534729003906,-1.650863291429494,0.22113512557740833,1.2691163075285747,17.705102103097097,17.098098754882812,17.24747314453125,15.873602595329285,1.481085716415304,2023,4,April,Q2,Thursday
2023-04-10,17.327591852319383,17.47764890324403,17.32166805216116,17.47567367553711,2248000,17.408544540405273,0.06712913513183594,0.38561026728012315,0.15598085108286952,0.9001877030130457,17.731221062796457,17.138042831420897,17.246170463562013,15.878888230323792,1.4808347259896293,2023,4,April,Q2,Monday
2023-04-11,17.61980741503606,17.669169279452845,17.53885697013268,17.554651260375977,2217000,17.47567367553711,0.07897758483886719,0.45192869988996964,0.13031230932016413,0.7395785109941705,17.719938823154994,17.176421038309734,17.240622062683105,15.884568753242492,1.478054486282015,2023,4,April,Q2,Tuesday
2023-04-12,17.76986359386782,17.848840690077623,17.62967891857699,17.6592960357666,2099000,17.554651260375977,0.104644775390625,0.5961085403435318,0.21916177150063376,1.2333340115017202,17.68580981663295,17.2167786916097,17.242204627990724,15.888919911384583,1.4795012628857043,2023,4,April,Q2,Wednesday
2023-04-13,17.78960770755051,17.93374095009414,17.758017246779804,17.866609573364258,3423500,17.6592960357666,0.20731353759765625,1.173962638022319,0.17572370331433618,0.9877885235195665,17.66211645943778,17.26371873219808,17.24742176055908,15.895474076271057,1.488581442969453,2023,4,April,Q2,Thursday
2023-04-14,17.93768961309401,18.05812953992849,17.850815374794333,17.939664840698242,3642000,17.866609573364258,0.07305526733398438,0.4088927282706045,0.20731416513415724,1.1557461947765206,17.657885687691824,17.314996401468914,17.253745765686034,15.903628582954406,1.4839134699854566,2023,4,April,Q2,Friday
2023-04-17,17.878458737656953,18.012719619904264,17.838969246015782,17.996923446655273,3864000,17.939664840698242,0.05725860595703125,0.3191732201547781,0.17375037388848114,0.9718420163507442,17.70019476754325,17.352438545227052,17.244486961364746,15.911853747367859,1.4024014621090006,2023,4,April,Q2,Monday
2023-04-18,18.079846248567502,18.137105249169757,17.965330130325302,18.02851104736328,4334500,17.996923446655273,0.03158760070800781,0.17551666984436665,0.1717751188444545,0.9500917014604843,17.788761411394393,17.38575127919515,17.238497009277342,15.921844401359557,1.3962197296104404,2023,4,April,Q2,Tuesday
2023-04-19,17.96730761972387,17.99100093733649,17.913997184354834,17.961383819580078,2111500,18.02851104736328,-0.06712722778320312,-0.37233927753018703,0.07700375298165696,0.4285770278521029,17.8581485748291,17.412037658691407,17.2430118560791,15.931587615013122,1.3945301319494987,2023,4,April,Q2,Wednesday
2023-04-20,17.961383163401813,18.22003253702685,17.951510791177007,18.042333602905277,3041000,17.961383819580078,0.08094978332519887,0.4506878987628582,0.2685217458498421,1.4949948086235536,17.927817480904714,17.43577435811361,17.244225692749023,15.94245114326477,1.3883807995686086,2023,4,April,Q2,Thursday
2023-04-21,18.139082547510284,18.239777733961365,18.087747340445272,18.17462158203125,3029000,18.042333602905277,0.132287979125973,0.733208807893182,0.1520303935160925,0.8381371721413755,18.00143541608538,17.4737606048584,17.251824531555176,15.954583840370178,1.3472678577709734,2023,4,April,Q2,Friday
2023-04-24,18.137107489739773,18.170673179858746,18.046284674907582,18.0778751373291,2564500,18.17462158203125,-0.09674644470214844,-0.5323161435052848,0.12438850495116327,0.6858232770662593,18.0316162109375,17.520330047607423,17.258669204711914,15.963115735054016,1.2841520299760694,2023,4,April,Q2,Monday
2023-04-25,18.058127488021057,18.125258857462654,17.87845523198724,17.919918060302734,4112500,18.0778751373291,-0.1579570770263672,-0.873759088534698,0.24680362547541534,1.366717704474806,18.02879524230957,17.556386184692382,17.262354736328124,15.971769433021546,1.2944127372836136,2023,4,April,Q2,Tuesday
2023-04-26,18.26939583585751,18.764976532990115,18.26939583585751,18.52212142944336,8926500,17.919918060302734,0.602203369140625,3.360525238531431,0.4955806971326062,2.7126277277321096,18.103823525565012,17.613303057352702,17.279973640441895,15.984012484550476,1.4135242241520474,2023,4,April,Q2,Wednesday
2023-04-27,18.571481439413198,18.786694630243336,18.496452918464616,18.77484703063965,6336000,18.52212142944336,0.25272560119628906,1.3644527823608144,0.2902417117787195,1.5628355375180574,18.21044295174735,17.68979612986247,17.303827857971193,15.997460360527038,1.3549485031203943,2023,4,April,Q2,Thursday
2023-04-28,18.071951704515744,18.10156882280432,17.483571091994857,17.704708099365234,11675000,18.77484703063965,-1.070138931274414,-5.699854329188403,0.6179977308094635,3.419651296738696,18.17377499171666,17.71323388417562,17.30990036010742,16.00607704639435,1.67097535268062,2023,4,April,Q2,Friday
2023-05-01,18.184491456250093,18.265443769602737,18.016664913246565,18.202260971069336,5334000,17.704708099365234,0.49755287170410156,2.8102856534637732,0.24877885635617147,1.3680825606517857,18.19662175859724,17.752403895060223,17.329387702941894,16.017593178749085,1.7401949763376958,2023,5,May,Q2,Monday
2023-05-02,17.99494921213278,18.046284418950595,17.795530301944815,18.03838539123535,3864500,18.202260971069336,-0.16387557983398438,-0.900303429856586,0.2507541170057799,1.3934694343939202,18.177159445626394,17.77364730834961,17.35535877227783,16.02726071834564,1.711615826742735,2023,5,May,Q2,Tuesday
2023-05-03,18.091695705697816,18.39773171690496,18.06800238863428,18.324678421020508,3734500,18.03838539123535,0.28629302978515625,1.587132238145128,0.32972932827068036,1.8225451811398479,18.21241705758231,17.79820187886556,17.394219207763673,16.038300919532777,1.7238429898235046,2023,5,May,Q2,Wednesday
2023-05-04,18.310858069788598,18.441170376380363,18.26149620640532,18.29703712463379,2730500,18.324678421020508,-0.02764129638671875,-0.15084191794062507,0.17967416997504415,0.9812438570068525,18.266291209629603,17.834495989481606,17.435518188476564,16.046448493003844,1.6691286230555107,2023,5,May,Q2,Thursday
2023-05-05,18.36416540021209,18.57543001891133,18.326651139723094,18.531991958618164,3333000,18.29703712463379,0.234954833984375,1.2841141021026292,0.2487788791882366,1.354697443453452,18.267701285226003,17.873177019755044,17.48072910308838,16.054771037101744,1.6752935355018674,2023,5,May,Q2,Friday
2023-05-08,18.218059371732824,18.263470778044077,18.125261331460926,18.25162506103516,5141500,18.531991958618164,-0.28036689758300426,-1.5128805268697643,0.1382094465831507,0.7586397857369854,18.19295528956822,17.907366879781087,17.52021457672119,16.060495896339418,1.6945357954813354,2023,5,May,Q2,Monday
2023-05-09,18.32665233644273,18.57740645959393,18.32665233644273,18.539892196655277,4330000,18.25162506103516,0.2882671356201172,1.5794053113414641,0.25075412315120005,1.3682483769966705,18.312267303466797,17.957004102071128,17.56294631958008,16.067956156730652,1.6961736740063036,2023,5,May,Q2,Tuesday
2023-05-10,18.36219306595396,18.46486348105087,18.24372647816424,18.447093963623047,3778000,18.539892196655277,-0.09279823303223012,-0.5005327541708793,0.2211370028866284,1.204306054796074,18.347243445260183,18.00892728169759,17.60291687011719,16.076393332481384,1.6868608468530328,2023,5,May,Q2,Wednesday
2023-05-11,18.4826311883148,18.4826311883148,18.29308654937753,18.403654098510746,2310000,18.447093963623047,-0.043439865112301135,-0.2354835140860878,0.1895446389372708,1.0255284380565135,18.399424689156668,18.04595438639323,17.641821784973146,16.08482895374298,1.642727562907536,2023,5,May,Q2,Thursday
2023-05-12,18.725487709092864,18.82420954974258,18.63663824080437,18.693897247314453,2854000,18.403654098510746,0.2902431488037074,1.5770952184283482,0.18757130893821028,1.0016898456915917,18.45217023577009,18.081296730041505,17.68767303466797,16.09335328578949,1.6297924559230241,2023,5,May,Q2,Friday
2023-05-15,18.682048862184523,18.780770698685465,18.672176490238183,18.69192123413086,2693500,18.693897247314453,-0.00197601318359375,-0.01057036506326714,0.10859420844728263,0.5812756900935786,18.508582251412527,18.107754135131835,17.724038276672367,16.100985560417175,1.6117175238947494,2023,5,May,Q2,Monday
2023-05-16,18.53989283062401,18.61097090349614,18.46881287478926,18.52212142944336,2520000,18.69192123413086,-0.1697998046875,-0.9084127980244827,0.1421580287068771,0.7667683411419828,18.507172175816127,18.124076080322265,17.753898124694828,16.10989590167999,1.6191150382541355,2023,5,May,Q2,Tuesday
2023-05-17,18.86567238369194,18.932801879600078,18.75905339833932,18.82025909423828,4610500,18.52212142944336,0.2981376647949219,1.6096302247591954,0.17374848126075904,0.9209768818574019,18.58840560913086,18.152442042032877,17.786847457885745,16.119620585441588,1.6396386386990707,2023,5,May,Q2,Wednesday
2023-05-18,19.560672170873143,19.576468344936227,19.41851413615616,19.52513313293457,9050500,18.82025909423828,0.7048740386962891,3.745294021547685,0.15795420878006894,0.8075091050054556,18.729154314313615,18.213254483540855,17.83074546813965,16.13364399433136,1.7329241305144845,2023,5,May,Q2,Thursday
2023-05-19,19.361251766238457,19.44615265655053,19.27437753136236,19.35137939453125,3557000,19.52513313293457,-0.1737537384033203,-0.8898978420292414,0.1717751251881694,0.8872108439171555,18.8583379473005,18.278015645345054,17.877072372436526,16.144985241889955,1.7081374635467235,2023,5,May,Q2,Friday
2023-05-22,19.373098103368832,19.446151389688097,19.242785818062984,19.270427703857425,4430000,19.35137939453125,-0.08095169067382457,-0.41832516960884636,0.20336557162511326,1.0497318009748247,18.982162748064315,18.337840779622397,17.928865089416504,16.157088189125062,1.714139658726583,2023,5,May,Q2,Monday
2023-05-23,18.86962052861032,18.86962052861032,18.67020350713533,18.75115394592285,4903000,19.270427703857425,-0.5192737579345739,-2.694666490617792,0.1994170214749893,1.0568152187937807,18.99034227643694,18.37772420247396,17.967123489379887,16.16623209476471,1.8011605356806533,2023,5,May,Q2,Tuesday
2023-05-24,18.646511970458523,18.745233818294277,18.56161106834202,18.60504913330078,3286500,18.75115394592285,-0.1461048126220703,-0.7791777137739264,0.18362274995225647,0.9847565606005462,18.97793197631836,18.409249305725098,18.002932167053224,16.176105980873107,1.8091589660160703,2023,5,May,Q2,Wednesday
2023-05-25,18.847900259207226,18.86567165855166,18.678100356825023,18.76497459411621,3072500,18.60504913330078,0.1599254608154297,0.8595809646596564,0.18757130172663494,0.9951840743374376,19.012625285557338,18.43919480641683,18.048630561828617,16.188063559532164,1.8041665451366051,2023,5,May,Q2,Thursday
2023-05-26,18.873569193278644,19.078910015633976,18.83013113225349,18.950571060180664,3112500,18.76497459411621,0.18559646606445312,0.9890579128343013,0.24877888338048493,1.3181337394788124,19.031241280691965,18.472891680399577,18.087610473632814,16.199174942970277,1.8098105207869828,2023,5,May,Q2,Friday
2023-05-30,18.972291840377448,18.99795850278401,18.70771865659902,18.709692001342773,3825500,18.950571060180664,-0.24087905883789062,-1.2710912936234942,0.29023984618498844,1.529809095426682,18.914749690464564,18.496650632222494,18.121261100769047,16.20860164165497,1.8293487902103938,2023,5,May,Q2,Tuesday
2023-05-31,18.60109763760522,18.656383300353504,18.336524455932302,18.500402450561523,3200500,18.709692001342773,-0.20928955078125,-1.118615692691416,0.3198588444212014,1.7195697299849304,18.793181555611746,18.512380345662436,18.143247489929202,16.216021275520326,1.8438262623145112,2023,5,May,Q2,Wednesday
2023-06-01,18.992035109409496,19.16183500933876,18.9861113097136,19.0848331451416,4843500,18.500402450561523,0.5844306945800781,3.1590161140647943,0.1757236996251592,0.9252494459537824,18.76666804722377,18.549828656514485,18.173183326721194,16.226245436668396,1.923455871028939,2023,6,June,Q2,Thursday
2023-06-02,19.35927842167444,19.51920594762901,19.335585106169617,19.35137939453125,3382000,19.0848331451416,0.26654624938964844,1.396639139375977,0.18362084145939406,0.94849011135567,18.852414539882115,18.593463516235353,18.216046638488773,16.238596301078797,1.935079281268009,2023,6,June,Q2,Friday
2023-06-05,19.54487435248135,19.56659244030624,19.426407775794782,19.44812774658203,3362000,19.35137939453125,0.09674835205078125,0.4999558433448126,0.14018466451145883,0.7172451558567398,18.972854341779435,18.635913721720378,18.25757797241211,16.250401701927185,1.9335469413436415,2023,6,June,Q2,Monday
2023-06-06,19.54684959086693,19.791679912085925,19.505386755750013,19.754165649414062,3770500,19.44812774658203,0.30603790283203125,1.573611130180974,0.2862931563359119,1.4646511449583133,19.11416734967913,18.691790072123208,18.308142700195315,16.26401174068451,1.9425908004096892,2023,6,June,Q2,Tuesday
2023-06-07,19.408639521942614,19.507361361773057,19.27635199295508,19.28622436523437,3680500,19.754165649414062,-0.46794128417969105,-2.3688233281245696,0.2310093688179755,1.1902398854737126,19.16211782182966,18.73733361562093,18.35285167694092,16.275429100990294,1.9926546856418532,2023,6,June,Q2,Wednesday
2023-06-08,18.9959864755461,19.23291778564453,18.938727463642778,19.23291778564453,3430500,19.28622436523437,-0.0533065795898402,-0.2763971764527029,0.29419032200175366,1.5486972597104685,19.236864362444198,18.7610268274943,18.399722061157227,16.288050246238708,1.9065777120215086,2023,6,June,Q2,Thursday
2023-06-09,19.456025948572016,19.55672113200884,19.349406965238188,19.436281204223636,2584000,19.23291778564453,0.20336341857910512,1.0573716419195467,0.20731416677065084,1.0655524787983066,19.370561327253068,18.783074633280435,18.44259086608887,16.30287425518036,1.9006105757160312,2023,6,June,Q2,Friday
2023-06-12,19.509334358413383,19.65544282939292,19.448128664113625,19.596210479736328,5969500,19.436281204223636,0.15992927551269176,0.822838864247033,0.20731416527929625,1.062640895228146,19.443615232195175,18.84612471262614,18.481842536926273,16.318360686302185,1.5513263882894184,2023,6,June,Q2,Monday
2023-06-13,19.78970409045389,19.929888764340195,19.752189828907905,19.78180694580078,3103500,19.596210479736328,0.18559646606445312,0.9471038610060489,0.17769893543228932,0.8979362936407286,19.505104882376536,18.898776245117187,18.519514694213868,16.33369686603546,1.485347633670761,2023,6,June,Q2,Tuesday
2023-06-14,19.88447735782639,19.92001639172729,19.64754607157458,19.718626022338867,2575500,19.78180694580078,-0.06318092346191406,-0.31938904082433606,0.2724703201527099,1.3702664407494094,19.54374749319894,18.954784266153972,18.553237953186038,16.352196907997133,1.4730524239265426,2023,6,June,Q2,Wednesday
2023-06-15,19.505385915410372,19.694932448307352,19.457999282186133,19.67913627624512,2950500,19.718626022338867,-0.03948974609374645,-0.20026621555178092,0.23693316612121862,1.2147063746840705,19.533029011317662,18.999932861328126,18.587435073852543,16.37086217880249,1.4555650287529869,2023,6,June,Q2,Thursday
2023-06-16,19.44417958297355,19.479720501649048,19.242789203316896,19.26450729370117,3890000,19.67913627624512,-0.4146289825439524,-2.1069470566371096,0.2369312983321521,1.2185204180053082,19.529926572527206,19.032181866963704,18.61871002197266,16.38804242134094,1.5165895222315415,2023,6,June,Q2,Friday
2023-06-20,19.151964102478598,19.15393933018245,18.99598513460031,19.01572799682617,2546000,19.26450729370117,-0.248779296875,-1.2913867615827468,0.15795419558213908,0.8247414977229257,19.498899459838867,19.04830640157064,18.650853691101076,16.40534125804901,1.5249804507462554,2023,6,June,Q2,Tuesday
2023-06-21,18.774847687936475,18.84197906680778,18.612944923729938,18.693897247314453,2798000,19.01572799682617,-0.3218307495117152,-1.692445062137149,0.2290341430778433,1.2198988076212522,19.392844608851842,19.063048807779946,18.675218162536623,16.42149164676666,1.531854455903591,2023,6,June,Q2,Wednesday
2023-06-22,18.47868412859098,18.57345551433467,18.421425121834115,18.52409553527832,3509500,18.693897247314453,-0.1698017120361328,-0.908326978530527,0.15203039250055284,0.822733866992862,19.239685331072128,19.062522252400715,18.69460704803467,16.43841037273407,1.5157616313883246,2023,6,June,Q2,Thursday
2023-06-23,18.014692202843342,18.06405406530724,17.927817961054433,17.994949340820312,5750500,18.52409553527832,-0.5291461944580078,-2.8565291808729465,0.13623610425280575,0.756249969296189,18.984419958932058,19.04745076497396,18.701320114135743,16.45450656414032,1.601630373265003,2023,6,June,Q2,Friday
2023-06-26,17.894251694177104,17.998897332856263,17.807377455189425,17.84291648864746,3473500,17.994949340820312,-0.15203285217285156,-0.8448640187498357,0.1915198776668383,1.0702871566803769,18.716461454119003,19.02875951131185,18.70084625244141,16.47069537162781,1.6076502319348123,2023,6,June,Q2,Monday
2023-06-27,17.730375246421193,17.84489326722795,17.61585910857706,17.7836856842041,6568500,17.84291648864746,-0.059230804443359375,-0.33195696724268586,0.22903415865089016,1.2917614854040937,18.445682798113143,18.998419125874836,18.697726669311525,16.48689188480377,1.5768484792005137,2023,6,June,Q2,Tuesday
2023-06-28,17.90807148766929,18.07589803792367,17.88042960054238,18.02456283569336,4039500,17.7836856842041,0.2408771514892578,1.354483855409172,0.19546843738128672,1.0915102584657297,18.268547875540598,18.97617384592692,18.698279457092287,16.503126339912413,1.6006534094618634,2023,6,June,Q2,Wednesday
2023-06-29,17.791580029447697,17.829094287882196,17.68693628110464,17.761964797973633,3323500,18.02456283569336,-0.26259803771972656,-1.4568899124682955,0.14215800677755652,0.7990184488520075,18.089438847133092,18.950835291544596,18.692948532104495,16.51781255245209,1.6131851757585465,2023,6,June,Q2,Thursday
2023-06-30,17.779734779534422,17.925843245103493,17.769862407796825,17.777759552001953,4697000,17.761964797973633,0.015794754028320312,0.08892458806202264,0.155980837306668,0.8772956359630945,17.95856203351702,18.916085306803385,18.689276046752934,16.53611629962921,1.580289549862122,2023,6,June,Q2,Friday
2023-07-03,18.07392387235593,18.18449141584086,18.03443438799003,18.075897216796875,3798500,17.777759552001953,0.2981376647949219,1.6770260837583928,0.1500570278508313,0.8302404553133234,17.894533702305385,18.86777744293213,18.689947319030765,16.555881338119505,1.4423342946466144,2023,7,July,Q3,Monday
2023-07-05,18.05220603942871,18.119337417611515,17.99297368883137,18.05220603942871,4176500,18.075897216796875,-0.023691177368164062,-0.13106501483173272,0.12636372878014512,0.6999905081082494,17.902713230678014,18.82447166442871,18.687499008178712,16.575704355239868,1.4373102391720198,2023,7,July,Q3,Wednesday
2023-07-06,17.9001752617292,17.935714294725937,17.7382725026872,17.866609573364258,3798500,18.05220603942871,-0.18559646606445312,-1.0281096152962244,0.19744179203873813,1.103015971362421,17.906097957066127,18.777677726745605,18.683273696899416,16.59457977771759,1.4444851781352603,2023,7,July,Q3,Thursday
2023-07-07,17.896227371356396,18.137107232983997,17.896227371356396,17.975204467773438,3630000,17.866609573364258,0.10859489440917969,0.6078091870943103,0.2408798616276009,1.3459812318496716,17.93345778329032,18.751812744140626,18.68437942504883,16.613410058021547,1.3752834965117198,2023,7,July,Q3,Friday
2023-07-10,17.848841495758244,17.941639540919518,17.848841495758244,17.913997650146484,3361000,17.975204467773438,-0.061206817626953125,-0.34050693407514654,0.09279804516127399,0.5199107470550811,17.91766275678362,18.72877769470215,18.672216949462893,16.63321837902069,1.3704848398547453,2023,7,July,Q3,Monday
2023-07-11,17.75406382767456,17.84883707712738,17.62967534998932,17.698780059814453,6809500,17.913997650146484,-0.21521759033203125,-1.2013934272804394,0.21916172713806148,1.2344313350751732,17.908636365618026,18.69323787689209,18.650695610046387,16.65318567752838,1.371498268106652,2023,7,July,Q3,Tuesday
2023-07-12,17.700759144476624,18.269394999187988,17.698783916781693,18.014692306518555,11568500,17.698780059814453,0.31591224670410156,1.7849379767218565,0.5706110824062947,3.2236531650923523,17.94248390197754,18.662041918436685,18.656895294189454,16.675252051353453,1.4023560221672469,2023,7,July,Q3,Wednesday
2023-07-13,18.492506193400843,18.585304240061784,18.43722241096136,18.52212142944336,7519500,18.014692306518555,0.5074291229248047,2.81675153974843,0.14808182910042333,0.8007666865255246,18.006230218069895,18.65578956604004,18.663292503356935,16.700786771774293,1.4866561094405069,2023,7,July,Q3,Thursday
2023-07-14,18.405626807701903,18.405626807701903,18.231878345908072,18.24175071716309,4578500,18.52212142944336,-0.2803707122802699,-1.5137073436662818,0.1737484617938314,0.9439964398339628,18.033308029174805,18.647167841593426,18.667359809875492,16.726615405082704,1.4984008026634823,2023,7,July,Q3,Friday
2023-07-17,18.269394436413663,18.61689327782728,18.2378039750056,18.47473526000977,3848500,18.24175071716309,0.2329845428466797,1.2772049484673254,0.3790893028216793,2.074996542119081,18.12018312726702,18.626831245422363,18.670360946655276,16.754402928352356,1.3959172598713951,2023,7,July,Q3,Monday
2023-07-18,18.729436409350768,18.840003967811533,18.674152630120386,18.77682304382324,4835500,18.47473526000977,0.30208778381346946,1.6351399874582562,0.1658513376911479,0.8855116302824028,18.234700066702707,18.60767936706543,18.679956665039064,16.782622666358947,1.4053749525369101,2023,7,July,Q3,Tuesday
2023-07-19,18.70969253221629,18.75707916888648,18.585304023179013,18.672178268432617,2695500,18.77682304382324,-0.10464477539062145,-0.5573082046222089,0.17177514570746766,0.9181077957945455,18.343011583600724,18.58181438446045,18.682760391235355,16.811954588890075,1.4033031371275617,2023,7,July,Q3,Wednesday
2023-07-20,18.41945145676235,18.5319923576904,18.397731484666828,18.41155242919922,3253500,18.672178268432617,-0.26062583923339844,-1.3957977236861319,0.13426087302357104,0.7289080966321596,18.44483620779855,18.53706061045329,18.68595893859863,16.84098705768585,1.3838690274721182,2023,7,July,Q3,Thursday
2023-07-21,18.52409461768277,18.55173650585908,18.41747563715096,18.439193725585938,2128500,18.41155242919922,0.02764129638671875,0.15013017774037074,0.13426086870811815,0.7247904498390714,18.50547926766532,18.50882625579834,18.683944969177247,16.868081493377687,1.3244566066706054,2023,7,July,Q3,Friday
2023-07-24,18.439193688233924,18.54383932394826,18.41352702767752,18.492504119873047,1931000,18.439193725585938,0.053310394287109375,0.2891145626022551,0.1303122962707377,0.7067136365831992,18.50124822344099,18.484145800272625,18.684853172302248,16.893395757675172,1.326487638170232,2023,7,July,Q3,Monday
2023-07-25,18.36811604546104,18.518171206007363,18.322702757109077,18.49842834472656,2186500,18.492504119873047,0.005924224853512072,0.032035817405318134,0.19546844889828563,1.064172549947429,18.537916455950057,18.452884038289387,18.686748657226563,16.91935956478119,1.3081275053544075,2023,7,July,Q3,Tuesday
2023-07-26,18.43919415186304,18.573455023675,18.401679890904735,18.508298873901367,1873500,18.49842834472656,0.00987052917480824,0.053358744812626036,0.17177513277026435,0.9315761380651698,18.54271125793457,18.41662031809489,18.6830366897583,16.94556951522827,1.2957491729567248,2023,7,July,Q3,Wednesday
2023-07-27,18.697845066727165,18.79459167582377,18.47868330483592,18.51224899291992,3430500,18.508298873901367,0.003950119018551135,0.021342420745762425,0.3159083709878523,1.6895442756128705,18.50491496494838,18.374301719665528,18.67944324493408,16.972783226966857,1.2788429501977445,2023,7,July,Q3,Thursday
2023-07-28,18.514222737060702,18.593199831511946,18.441169442507984,18.45499038696289,3399000,18.51224899291992,-0.0572586059570277,-0.3093011874404139,0.15203038900396137,0.8211545856561168,18.47388812473842,18.332180531819663,18.678100624084472,17.00048800945282,1.2788153249398748,2023,7,July,Q3,Friday
2023-07-31,18.52212041206681,18.630714626158184,18.43722139824811,18.48065757751465,3224000,18.45499038696289,0.025667190551757812,0.13907994538913115,0.19349322791007495,1.0446602419451814,18.483760288783483,18.29223124186198,18.67130859375,17.02974792957306,1.2804281451718995,2023,7,July,Q3,Monday
2023-08-01,18.46091382621455,18.543839491323972,18.417475766078105,18.45893859863281,2179500,18.48065757751465,-0.02171897888183949,-0.11752276016555596,0.12636372524586648,0.6844933378456576,18.486580984933035,18.265378952026367,18.649984703063964,17.059883251190186,1.2288067902221593,2023,8,August,Q3,Tuesday
2023-08-02,18.14302953714002,18.20028853928419,17.94953444294628,17.98112678527832,3337500,18.45893859863281,-0.47781181335448863,-2.588511851867137,0.2507540963379107,1.3820960596718421,18.41352707999093,18.230892244974772,18.622579650878905,17.085661511421204,1.2920905687617985,2023,8,August,Q3,Wednesday
2023-08-03,17.773812125855805,17.809353042995102,17.6750902850772,17.775787353515625,2859500,17.98112678527832,-0.2053394317626953,-1.1419719921602067,0.13426275791790232,0.7553965180187117,18.310292652675084,18.200288581848145,18.59268684387207,17.111338033676148,1.273622225846431,2023,8,August,Q3,Thursday
2023-08-04,17.98112721671804,18.03838433727369,17.781708318181888,17.807376861572266,2792500,17.775787353515625,0.031589508056640625,0.17771087957121345,0.2566760190918025,1.4274745737472827,18.210160936628068,18.176397959391277,18.57381130218506,17.135342264175414,1.267032565207696,2023,8,August,Q3,Friday
2023-08-07,17.900175197095216,17.913996141317647,17.79355621552754,17.85673713684082,3268500,17.807376861572266,0.04936027526855469,0.2771900412523509,0.1204399257901052,0.6728421619563244,18.116516385759628,18.171790885925294,18.55884506225586,17.16040018081665,1.1584868749570756,2023,8,August,Q3,Monday
2023-08-08,17.787632049792848,17.884378657359548,17.655346410088857,17.734323501586914,4535000,17.85673713684082,-0.12241363525390625,-0.6855319329383547,0.22903224727069116,1.2875926746717163,18.01356397356306,18.16817111968994,18.538232040405273,17.185475783348082,1.1549309782278023,2023,8,August,Q3,Tuesday
2023-08-09,17.831072842063712,17.831072842063712,16.32853264576476,16.555591583251953,12284000,17.734323501586914,-1.178731918334961,-6.646613377891097,1.502540196298952,8.426527161923996,17.738554545811244,18.127234649658202,18.4903324508667,17.204559326171875,1.6737787558486075,2023,8,August,Q3,Wednesday
2023-08-10,17.167660943067506,17.177533314822657,16.843855434533076,16.869522094726562,8048000,16.555591583251953,0.3139305114746094,1.896220439456786,0.33367788028958145,1.9436420686320948,17.51149504525321,18.088733291625978,18.453529052734375,17.224907484054565,1.6941979919499872,2023,8,August,Q3,Thursday
2023-08-11,16.814237730826996,16.938628104218736,16.709593983216866,16.89716339111328,3878500,16.869522094726562,0.02764129638671875,0.1638534644402334,0.22903412100187026,1.362143944128744,17.35664313180106,18.059906578063966,18.42146427154541,17.245295448303224,1.6787157641184633,2023,8,August,Q3,Friday
2023-08-14,16.502277113362943,16.58520276944736,16.368016258326907,16.579280853271484,5731500,16.89716339111328,-0.3178825378417969,-1.8812775285642402,0.2171865111204525,1.316100254701109,17.185713631766184,18.019957288106283,18.371353225708006,17.26202760219574,1.7072485318615727,2023,8,August,Q3,Monday
2023-08-15,16.470688756100525,16.529921106146404,16.371966917382423,16.492406845092773,2851500,16.579280853271484,-0.08687400817871094,-0.5239914140278801,0.1579541887639806,0.9590017218039922,16.997860772269114,17.967174275716147,18.314173774719237,17.278246660232544,1.6698884474751672,2023,8,August,Q3,Tuesday
2023-08-16,16.334453755672282,16.42527845595362,16.21993762014808,16.237707138061523,4472500,16.492406845092773,-0.25469970703125,-1.544345282186843,0.20534083580553997,1.2571025568224683,16.766570772443497,17.906690979003905,18.249965362548828,17.293644857406616,1.6850764936426756,2023,8,August,Q3,Wednesday
2023-08-17,16.4864850697558,16.4864850697558,16.235730957050986,16.269296646118164,3496500,16.237707138061523,0.031589508056640625,0.19454414215043236,0.25075411270481496,1.5209676995663524,16.557281221662247,17.85344721476237,18.18026798248291,17.30822684764862,1.682605383934295,2023,8,August,Q3,Thursday
2023-08-18,16.19426919749991,16.38973766196133,16.142933988157644,16.320632934570312,3073000,16.269296646118164,0.05133628845214844,0.31554092084489227,0.2468036738036865,1.5240185944407318,16.523715700422013,17.798294830322266,18.120956153869628,17.32343943595886,1.6780215022105038,2023,8,August,Q3,Friday
2023-08-21,16.26929726249276,16.32458104283318,16.2258610824896,16.304838180541992,2875000,16.320632934570312,-0.015794754028320312,-0.09677782774505372,0.09871996034357977,0.6067868743855875,16.44304656982422,17.74465618133545,18.06239456176758,17.332137684822083,1.6784459211740155,2023,8,August,Q3,Monday
2023-08-22,16.318659808215667,16.3502502721655,16.148858004671034,16.170576095581055,3727000,16.304838180541992,-0.1342620849609375,-0.8234493557940592,0.20139226749446593,1.2341225925493864,16.339248384748185,17.693716049194336,17.997080459594727,17.342762384414673,1.6728507752951376,2023,8,August,Q3,Tuesday
2023-08-23,16.21006341194811,16.344324277935744,16.21006341194811,16.310758590698242,4388500,16.170576095581055,0.1401824951171875,0.8668985835049936,0.13426086598763476,0.8282562663430039,16.300888061523438,17.63691825866699,17.931371421813964,17.353340158462526,1.641754907356522,2023,8,August,Q3,Wednesday
2023-08-24,16.235731205821953,16.263374978330972,15.9691846827609,16.002748489379883,4405000,16.310758590698242,-0.3080101013183594,-1.8883861201526964,0.2941902955700719,1.8119928929630134,16.23093686785017,17.552939160664877,17.855790252685548,17.359957237243652,1.5544507148684943,2023,8,August,Q3,Thursday
2023-08-25,16.073828505276417,16.12911228459082,15.862565760462438,16.01262092590332,3599500,16.002748489379883,0.0098724365234375,0.061692130761104025,0.2665465241283833,1.6582640784109797,16.19878169468471,17.47863483428955,17.781670150756835,17.365728240013123,1.5447014847813172,2023,8,August,Q3,Friday
2023-08-28,16.137010217557574,16.23968062445112,16.137010217557574,16.204139709472656,2294000,16.01262092590332,0.19151878356933594,1.1960489444892808,0.10267040689354445,0.6362418162308395,16.18947356087821,17.402948315938314,17.712170219421388,17.371167788505556,1.5416918448566785,2023,8,August,Q3,Monday
2023-08-29,16.127137749099486,16.35617187717833,16.08172634558177,16.310758590698242,2694000,16.204139709472656,0.10661888122558594,0.6579731052507531,0.2744455315965588,1.701762184128944,16.188062940325057,17.320746167500815,17.653095245361328,17.378449158668516,1.5066023578814516,2023,8,August,Q3,Tuesday
2023-08-30,16.289041326236188,16.358146048770468,16.227833748287978,16.259424209594727,2784500,16.310758590698242,-0.051334381103515625,-0.31472712208977516,0.13031230048249043,0.7999998150449834,16.181575230189733,17.240321032206218,17.5979691696167,17.380534167289735,1.5066960439364396,2023,8,August,Q3,Wednesday
2023-08-31,16.415405337576825,16.476612916580812,16.38973679278564,16.425277709960938,3285000,16.259424209594727,0.16585350036621094,1.0200453486436611,0.08687612379517162,0.5292353250413,16.217961175101145,17.174111874898276,17.552596778869628,17.38089988231659,1.5188499704083602,2023,8,August,Q3,Thursday
2023-09-01,16.940603362119315,16.974169052110817,16.731313960298063,16.833984375,5788000,16.425277709960938,0.4087066650390625,2.4882785682899478,0.24285509181275344,1.4335681358067736,16.292707715715682,17.12060489654541,17.518794555664062,17.383968415260316,1.6039755528885067,2023,9,September,Q3,Friday
2023-09-05,16.71354204601279,16.82016101784164,16.6681306452817,16.691823959350586,2591500,16.833984375,-0.14216041564941406,-0.8444846596182831,0.1520303725599419,0.9096238974443511,16.39114706856864,17.060582224527995,17.492732048034668,17.38607030391693,1.6032054824538695,2023,9,September,Q3,Tuesday
2023-09-06,16.94454955280734,16.99785998035494,16.851751523673823,16.88136863708496,4150000,16.691823959350586,0.189544677734375,1.1355540185181034,0.14610845668111594,0.8622740676922211,16.51525388445173,17.006680234273276,17.473501091003417,17.390635266304017,1.6242761063821693,2023,9,September,Q3,Wednesday
2023-09-07,16.776724944091235,16.85372869465535,16.733288765633894,16.828060150146484,2974500,16.88136863708496,-0.05330848693847656,-0.3157829681022961,0.12043992902145462,0.7178989309464334,16.604385375976562,16.950672276814778,17.454388580322266,17.395238738059998,1.6229721329318894,2023,9,September,Q3,Thursday
2023-09-08,16.634564927786315,16.713542013541744,16.593102098986886,16.62864112854004,2444500,16.828060150146484,-0.1994190216064453,-1.1850386784165945,0.12043991455485781,0.7240340524546899,16.649797167096818,16.887885348002115,17.4264701461792,17.399278078079224,1.6295729836466533,2023,9,September,Q3,Friday
2023-09-11,16.80239499367055,16.90703875983211,16.747111210345555,16.822139739990234,3137500,16.62864112854004,0.1934986114501953,1.1636465659126571,0.15992754948655374,0.9518140095313694,16.730185100010463,16.833456993103027,17.407673645019532,17.405564103126526,1.6526772821073232,2023,9,September,Q3,Monday
2023-09-12,16.822138849271987,16.91098643708086,16.778700786261222,16.863601684570312,1845500,16.822139739990234,0.041461944580078125,0.2464724774667859,0.1322856508196395,0.7863783078057548,16.792802810668945,16.779555130004884,17.389390487670898,17.409941844940185,1.6537654462635727,2023,9,September,Q3,Tuesday
2023-09-13,16.66023070255406,16.76882489581854,16.634564045452034,16.670103073120117,2816000,16.863601684570312,-0.1934986114501953,-1.1474334787404339,0.13426085036650548,0.8058762976548873,16.769391196114675,16.719927279154458,17.361274604797362,17.41240743637085,1.6607105680948315,2023,9,September,Q3,Wednesday
2023-09-14,16.96627074892727,17.155815392758203,16.938628860930308,17.078811645507812,3263500,16.670103073120117,0.4087085723876953,2.4517459225955385,0.21718653182789538,1.2801076620896639,16.824675151279994,16.689850107828775,17.341806716918946,17.416237621307374,1.6787356650048435,2023,9,September,Q3,Thursday
2023-09-15,17.248612600167338,17.276254486836688,17.130146026611328,17.130146026611328,2451000,17.078811645507812,0.051334381103515625,0.30057349521164234,0.14610846022535995,0.8470736957936111,16.86021477835519,16.668328730265298,17.327077445983885,17.42103295326233,1.670204049762338,2023,9,September,Q3,Friday
2023-09-18,17.053144166021653,17.15581456878276,16.989961365804344,17.130146026611328,2197000,17.130146026611328,0.0,0.0,0.16585320297841477,0.9725667088939344,16.903369903564453,16.645754369099937,17.310176277160643,17.425769262313842,1.6694653959410883,2023,9,September,Q3,Monday
2023-09-19,17.102504264143587,17.171608981318816,17.037348118955183,17.08670997619629,1815000,17.130146026611328,-0.04343605041503906,-0.25356497456333615,0.13426086236363233,0.7850362747467233,16.968808310372488,16.62008679707845,17.293630523681642,17.429461812973024,1.667973317431494,2023,9,September,Q3,Tuesday
2023-09-20,16.91888398664158,16.974167762208793,16.737236488508266,16.75303077697754,2528000,17.08670997619629,-0.33367919921875,-1.952858096635357,0.23693127370052736,1.4003954036660933,16.958935601370676,16.58737703959147,17.274715538024903,17.4306298828125,1.698221926980932,2023,9,September,Q3,Wednesday
2023-09-21,16.358147560252096,16.46871512652331,16.29496663180073,16.31668472290039,3546500,16.75303077697754,-0.43634605407714844,-2.6045797914774127,0.17374849472258092,1.062152631174231,16.8808046068464,16.579413477579752,17.24075538635254,17.43074782371521,1.2746040517681196,2023,9,September,Q3,Thursday
2023-09-22,16.38381502114657,16.413430255599266,16.255476061976506,16.265348434448242,2525000,16.31668472290039,-0.05133628845214844,-0.31462450445033374,0.15795419362276064,0.9640867735560329,16.82298251560756,16.559274355570476,17.195619926452636,17.43177020072937,1.2215704271728247,2023,9,September,Q3,Friday
2023-09-25,16.39763438151722,16.464763871690813,16.33445158039594,16.441070556640625,3040000,16.265348434448242,0.1757221221923828,1.0803464979589616,0.13031229129487443,0.7947017738226765,16.731876645769393,16.544071261088053,17.159606323242187,17.43577696323395,1.2400858403318804,2023,9,September,Q3,Monday
2023-09-26,16.26732387559503,16.308786710742908,16.008672609143915,16.05211067199707,2960500,16.441070556640625,-0.3889598846435547,-2.36578198058065,0.300114101598993,1.8448892017772982,16.577871595110214,16.52649892171224,17.111153831481932,17.438262042999266,1.2671626080674898,2023,9,September,Q3,Tuesday
2023-09-27,16.4272510305687,16.44699577530797,16.251527321499243,16.298913955688477,3669500,16.05211067199707,0.24680328369140625,1.5375129709388036,0.19546845380872568,1.189903614700887,16.459124156406947,16.520049158732096,17.061595649719237,17.441833539009096,1.2988704035122152,2023,9,September,Q3,Wednesday
2023-09-28,16.186392471481437,16.477593657901682,16.18441260341669,16.39835548400879,4394500,16.298913955688477,0.0994415283203125,0.610111376688427,0.2931810544849931,1.8112810189271293,16.360787800380162,16.525404103597005,17.01611919403076,17.444731273651122,1.2715950487398024,2023,9,September,Q3,Thursday
2023-09-29,16.404299977354015,16.45778475653009,16.257708495591892,16.325061798095703,3113500,16.39835548400879,-0.07329368591308594,-0.44695753781262004,0.20007626093819653,1.2196574143023473,16.299649374825613,16.527262941996256,16.97438938140869,17.447459349632265,1.2743088066056043,2023,9,September,Q3,Friday
2023-10-02,16.176490805891767,16.253747229472644,16.085365858676436,16.174509048461914,2367000,16.325061798095703,-0.15055274963378906,-0.9222185587766107,0.16838137079620807,1.040901718528969,16.279338564191544,16.522392145792644,16.929095687866212,17.448637614250185,1.2843832856043327,2023,10,October,Q4,Monday
2023-10-03,16.142813566409842,16.25374663795023,16.00216546962663,16.08734703063965,2470000,16.174509048461914,-0.08716201782226562,-0.5388850911091758,0.2515811683236002,1.5584716213727037,16.253909792218888,16.5151424407959,16.880992546081544,17.449143919944763,1.2878027584109997,2023,10,October,Q4,Tuesday
2023-10-04,16.12894701737868,16.22997508103666,15.99622217095328,16.20818519592285,2569000,16.08734703063965,0.12083816528320312,0.75113792878998,0.23375291008338017,1.449275701826754,16.220640454973495,16.51639607747396,16.83518768310547,17.452773451805115,1.2867200202780864,2023,10,October,Q4,Wednesday
2023-10-05,16.374585515560348,16.473633715340853,16.2953473335734,16.41420555114746,2506000,16.20818519592285,0.20602035522460938,1.2710883589634348,0.17828638176745315,1.0887993567717007,16.27236829485212,16.51984430948893,16.793305816650392,17.45772829055786,1.2980060699201048,2023,10,October,Q4,Thursday
2023-10-06,16.303270252444083,16.51127165665883,16.20422394387131,16.43599510192871,1901000,16.41420555114746,0.02178955078125,0.1327481291333532,0.3070477127875222,1.883350444623167,16.29195131574358,16.53428586324056,16.751780738830565,17.46346119403839,1.2464718582246008,2023,10,October,Q4,Friday
2023-10-09,16.325060472490353,16.56673661622586,16.30128883172441,16.540985107421875,1613000,16.43599510192871,0.10499000549316406,0.6387809490211227,0.26544778450145046,1.626014096234199,16.312326976231166,16.55189800262451,16.713500633239747,17.469906005859375,1.2503614622455708,2023,10,October,Q4,Monday
2023-10-10,16.69748211360515,16.873786743059622,16.663805460211503,16.760873794555664,2145500,16.540985107421875,0.21988868713378906,1.3293566598710393,0.20998128284811912,1.257562555955822,16.374585832868302,16.57045580546061,16.679104957580567,17.477528982162475,1.2545625615408358,2023,10,October,Q4,Tuesday
2023-10-11,16.905482870415796,17.032262449009757,16.903501112980837,16.92925262451172,3100500,16.760873794555664,0.1683788299560547,1.0045945815232438,0.12876133602891926,0.7616542929646134,16.48240634373256,16.591072273254394,16.648511238098145,17.48663345336914,1.2612634896398685,2023,10,October,Q4,Wednesday
2023-10-12,17.184795881446963,17.2878056973369,17.065937674963536,17.151119232177734,3946000,16.92925262451172,0.22186660766601562,1.310551697626483,0.22186802237336423,1.2910716187958753,16.634373801095144,16.620795440673827,16.631911087036134,17.49667998790741,1.2762375428472985,2023,10,October,Q4,Thursday
2023-10-13,16.986699948360613,17.00650996482815,16.81633871862638,16.867843627929688,2801000,17.151119232177734,-0.2832756042480469,-1.651645005864022,0.19017124620177128,1.1195302606150097,16.728610719953263,16.635547637939453,16.613752212524414,17.506687736511232,1.3088310388730973,2023,10,October,Q4,Friday
2023-10-16,16.796529849176217,16.93123456981745,16.74106331062908,16.917367935180664,2426500,16.867843627929688,0.04952430725097656,0.2936018873744839,0.19017125918836797,1.1322056454279745,16.800491060529435,16.638327089945474,16.595952033996582,17.5176220703125,1.2294911938456232,2023,10,October,Q4,Monday
2023-10-17,16.818318818860693,17.111499887715098,16.81435719334994,16.978776931762695,2124500,16.917367935180664,0.06140899658203125,0.3629937991378007,0.2971426943651565,1.7667800067622073,16.87803132193429,16.647892189025878,16.57839282989502,17.527052884101867,1.2198126747001763,2023,10,October,Q4,Tuesday
2023-10-18,16.861899540792322,16.895576189542954,16.636069896544967,16.659841537475586,1929000,16.978776931762695,-0.3189353942871094,-1.8784356233013888,0.2595062929979868,1.539009839135792,16.895010811941965,16.640507952372232,16.556903190612793,17.53529246330261,1.252207158176975,2023,10,October,Q4,Wednesday
2023-10-19,16.669747320170167,16.822280291477156,16.58060413483339,16.60833740234375,2174500,16.659841537475586,-0.05150413513183594,-0.30915141069006724,0.2416761566437664,1.4497889620158881,16.873219898768834,16.633183860778807,16.55795810699463,17.542910447120665,1.2521567257034616,2023,10,October,Q4,Thursday
2023-10-20,16.582587849438884,16.632111007499226,16.477596260623613,16.479578018188477,1717000,16.60833740234375,-0.12875938415527344,-0.7752695591137448,0.15451474687561273,0.9317891048039354,16.808980669294083,16.628215090433756,16.55015922546387,17.548753027915954,1.2413812047040829,2023,10,October,Q4,Friday
2023-10-23,16.364681651687608,16.566739691107713,16.253748566981432,16.463729858398438,1675500,16.479578018188477,-0.015848159790039062,-0.09616848060397531,0.31299112412628105,1.9126013618114217,16.710782187325613,16.616268094380697,16.54149055480957,17.55481156349182,1.2210125042453002,2023,10,October,Q4,Monday
2023-10-24,16.584568428630327,16.705406526394075,16.576645176406053,16.683616638183594,2458500,16.463729858398438,0.21988677978515625,1.3355830159773152,0.12876134998802158,0.7763925274397726,16.684464045933314,16.610268592834473,16.54357727050781,17.558141775131226,1.2465031624516243,2023,10,October,Q4,Tuesday
2023-10-25,16.596454047666075,16.669748848637198,16.303271065406907,16.382511138916016,3692500,16.683616638183594,-0.3011054992675781,-1.8047975196123889,0.366477783230291,2.2081691798606102,16.608055932181223,16.60068219502767,16.541379356384276,17.558756132125854,1.2723655364498165,2023,10,October,Q4,Wednesday
2023-10-26,16.158660786496206,16.208185830768116,15.956604651266082,16.039804458618164,3165000,16.382511138916016,-0.34270668029785156,-2.091905675460004,0.2515811795020344,1.556943256784503,16.47391700744629,16.566048622131348,16.53742130279541,17.55818832397461,1.2341368519410625,2023,10,October,Q4,Thursday
2023-10-27,15.958583472477146,16.035841780797476,15.772373852281484,15.855573654174805,3442500,16.039804458618164,-0.18423080444335938,-1.1485851022602245,0.26346792851599155,1.650948086779629,16.359021595546178,16.523562876383462,16.529146842956543,17.55452470779419,1.2421384944320455,2023,10,October,Q4,Friday
2023-10-30,16.03188269701652,16.253748870572938,16.03188269701652,16.192338943481445,7206500,15.855573654174805,0.3367652893066406,2.123955251647236,0.22186617355641758,1.383905918908115,16.299593244280135,16.492302640279135,16.526580963134766,17.55079339027405,1.3152514117231906,2023,10,October,Q4,Monday
2023-10-31,16.406279844527976,16.49542303233641,16.352795065355245,16.45184326171875,3304000,16.192338943481445,0.2595043182373047,1.6026364019620098,0.1426279669811663,0.869349836359992,16.29563113621303,16.471140416463218,16.5295210647583,17.54867449760437,1.3546968139060145,2023,10,October,Q4,Tuesday
2023-11-01,16.70738397839592,16.87972694957799,16.643994198562943,16.844070434570312,4083500,16.45184326171875,0.3922271728515625,2.3840925701269056,0.2357327510150462,1.4109495018482179,16.349965504237584,16.47417507171631,16.542990951538087,17.547522897720338,1.3831623275682496,2023,11,November,Q4,Wednesday
2023-11-02,16.96689143330877,17.192721106973412,16.96689143330877,17.147159576416016,4826500,16.844070434570312,0.3030891418457031,1.7993818241441861,0.22582967366464146,1.3310020551042194,16.416185923985072,16.501857566833497,16.55971897125244,17.547965440750122,1.3267496010927735,2023,11,November,Q4,Thursday
2023-11-03,17.311578647718427,17.424491590932174,17.311578647718427,17.317520141601562,4672500,17.147159576416016,0.17036056518554688,0.9935206144570996,0.11291294321374679,0.6522394376126298,16.549758638654435,16.53692995707194,16.586014404296876,17.547990436553956,1.3316199141919534,2023,11,November,Q4,Friday
2023-11-06,17.09961589161697,17.29573053340055,17.09961589161697,17.172910690307617,5646500,17.317520141601562,-0.1446094512939453,-0.8350471090058265,0.19611464178358062,1.1468950123009791,16.711630957467214,16.561324628194175,16.60922019958496,17.54599349975586,1.3347492986896774,2023,11,November,Q4,Monday
2023-11-07,17.234319335390882,17.442320728100256,17.208567825558806,17.384872436523438,3626500,17.172910690307617,0.2119617462158203,1.234279674763883,0.23375290254145042,1.356322219592601,16.93010221208845,16.605750020345052,16.632834854125978,17.54543028831482,1.260152855189897,2023,11,November,Q4,Tuesday
2023-11-08,17.55919976794083,17.602779543186877,17.279883408909786,17.341293334960938,6880000,17.384872436523438,-0.0435791015625,-0.2506725414386457,0.32289613427709085,1.8389000554947097,17.094238553728378,16.640495999654135,16.65344554901123,17.544255590438844,1.2404591261140454,2023,11,November,Q4,Wednesday
2023-11-09,16.96094712339053,16.96094712339053,16.00018218025773,16.19035530090332,17590500,17.341293334960938,-1.1509380340576172,-6.636979213870209,0.9607649431327978,5.664571301020239,17.056883130754745,16.633562660217287,16.652064170837402,17.537090044021607,1.7582902403211236,2023,11,November,Q4,Thursday
2023-11-10,16.90944497112962,17.09169298196235,16.61428212382651,17.02433967590332,9445500,16.19035530090332,0.833984375,5.151118425137158,0.4774108581358405,2.823338429800322,17.0826358795166,16.656871922810872,16.66404541015625,17.534507703781127,1.9935328543583164,2023,11,November,Q4,Friday
2023-11-13,16.554854155777985,16.560795649946037,16.344872872698595,16.50731086730957,5548500,17.02433967590332,-0.51702880859375,-3.036997724649293,0.21592277724744235,1.3042867983955078,16.991228921072825,16.66796531677246,16.65751194000244,17.52788390159607,2.069055069703666,2023,11,November,Q4,Monday
2023-11-14,16.715310889378348,16.905484048900828,16.70342601150189,16.85199737548828,3248000,16.50731086730957,0.34468650817871094,2.0880839462550815,0.20205803739893824,1.2088200975510117,16.924725668770925,16.69345366160075,16.660715408325196,17.52424304962158,2.0969735059945025,2023,11,November,Q4,Tuesday
2023-11-15,17.35714108345287,17.474017547612196,17.228377852531665,17.258092880249023,5551000,16.85199737548828,0.4060955047607422,2.409776691227239,0.24563969508053063,1.4152082644226875,16.93689455304827,16.728450584411622,16.668249893188477,17.522504749298097,2.134184817082888,2023,11,November,Q4,Wednesday
2023-11-16,17.172909893729194,17.359119517994845,17.14715838318433,17.353178024291992,2913500,17.258092880249023,0.09508514404296875,0.5509597422076018,0.21196113481051526,1.2342761717273922,16.93236677987235,16.75974966684977,16.678752250671387,17.521153316497802,2.126125568929828,2023,11,November,Q4,Thursday
2023-11-17,17.349218157732967,17.37100804495606,17.23432155975012,17.36308479309082,2147000,17.353178024291992,0.009906768798828125,0.05708907489430093,0.13668648520593862,0.7878538615586785,16.935479845319474,16.790652656555174,16.6934411239624,17.515669422149656,2.126262383209673,2023,11,November,Q4,Friday
2023-11-20,17.230360250062034,17.357141728169672,17.188760343224946,17.341293334960938,2465000,17.36308479309082,-0.021791458129882812,-0.12550453096072944,0.16838138494472688,0.9772365899553415,17.099899564470565,16.817329597473144,16.703824195861817,17.510735845565797,2.125466243147459,2023,11,November,Q4,Monday
2023-11-21,17.30761508280579,17.329404966039373,17.176870115843204,17.192718505859375,2705000,17.341293334960938,-0.1485748291015625,-0.8567690208090117,0.15253485019616875,0.8813164001301608,17.123953683035715,16.831724421183267,16.710406532287596,17.508021230697633,2.122163530516185,2023,11,November,Q4,Tuesday
2023-11-22,17.30959828992925,17.43043638340339,17.24818836440246,17.351198196411133,2349500,17.192718505859375,0.1584796905517578,0.921783780137786,0.18224801900093013,1.0528726082971105,17.24450901576451,16.845789273579914,16.724028434753418,17.504869012832643,2.1210090305758893,2023,11,November,Q4,Wednesday
2023-11-24,17.079806020571628,17.19074098747331,17.04216774217749,17.163005828857422,1949000,17.351198196411133,-0.18819236755371094,-1.0846073304184634,0.14857324529581817,0.8698766550209668,17.288938794817245,16.84618549346924,16.72571231842041,17.50171064376831,2.1191062721726377,2023,11,November,Q4,Friday
2023-11-27,17.097633362354884,17.25809147627534,17.067920226242084,17.224414825439453,2824000,17.163005828857422,0.06140899658203125,0.3577986117022647,0.19017125003325575,1.1122665108258185,17.284127644130162,16.858071200052898,16.727597694396973,17.499154510498048,2.09593961730996,2023,11,November,Q4,Monday
2023-11-28,17.174892735674504,17.355158988433843,17.115464570582798,17.279882431030273,5846500,17.224414825439453,0.05546760559082031,0.3220289696512557,0.2396944178510445,1.3956094022827157,17.273656845092773,16.87015501658122,16.73059242248535,17.496875715255737,2.096040705233043,2023,11,November,Q4,Tuesday
2023-11-29,17.214508525455056,17.250166930977144,17.044147305070133,17.056032180786133,3034500,17.279882431030273,-0.22385025024414062,-1.2954385027652893,0.20601962590701106,1.1967790169691472,17.229792186192103,16.872730191548666,16.72997886657715,17.493949995040893,2.110470971830232,2023,11,November,Q4,Wednesday
2023-11-30,17.157062586103734,17.166967594059713,16.99066109730524,17.02631950378418,4065000,17.056032180786133,-0.029712677001953125,-0.17420626724323762,0.1763064967544743,1.027603040262106,17.184795924595424,16.88494612375895,16.735444641113283,17.49117091178894,2.0798535009999535,2023,11,November,Q4,Thursday
2023-12-01,16.91142614449706,17.107540805336534,16.91142614449706,17.063961029052734,3241500,17.02631950378418,0.03764152526855469,0.22107846184953317,0.1961146608394735,1.1596577317832462,17.16640199933733,16.900133577982583,16.75039016723633,17.489485301971435,2.078564883649326,2023,12,December,Q4,Friday
2023-12-04,16.89161474930056,16.94311965701663,16.762851535416843,16.901517868041992,5139000,17.063961029052734,-0.1624431610107422,-0.9519663150552748,0.1802681215997879,1.0672047893304715,17.102161952427455,16.914198239644367,16.763113555908202,17.487853422164918,2.0814122410026052,2023,12,December,Q4,Monday
2023-12-05,17.012453437683902,17.172909660033955,17.00849181220685,17.115463256835938,4086500,16.901517868041992,0.2139453887939453,1.2658353555243806,0.16441784782710656,0.9664558285456246,17.095370156424387,16.93592268625895,16.77660140991211,17.489731578826905,2.0916915909162306,2023,12,December,Q4,Tuesday
2023-12-06,17.63051021956284,17.73748355189955,17.511653900146484,17.511653900146484,10883000,17.115463256835938,0.3961906433105469,2.3148111001453975,0.22582965175306668,1.280902531694663,17.136404309953964,16.96352392832438,16.8057922744751,17.495381565093993,2.1182882514258417,2023,12,December,Q4,Wednesday
2023-12-07,17.428455663008144,17.555237133835423,17.30761757544127,17.533445358276367,4265500,17.511653900146484,0.021791458129882812,0.12443974883320497,0.2476195583941525,1.4207773952096308,17.17262758527483,17.00188840230306,16.830482902526857,17.501888351440428,2.0848661242507776,2023,12,December,Q4,Thursday
2023-12-08,17.505711643361973,17.725597926530856,17.505711643361973,17.68994140625,3239500,17.533445358276367,0.1564960479736328,0.8925573084799465,0.2198862831688828,1.2560830867579265,17.263186046055385,17.056892967224123,16.85631462097168,17.50898082733154,2.040097415097066,2023,12,December,Q4,Friday
2023-12-11,17.687959545933165,17.759274475267322,17.65230302585971,17.69588279724121,3585500,17.68994140625,0.0059413909912109375,0.03358626721687852,0.10697144940761305,0.6047698669245772,17.358837945120676,17.118236605326334,16.88373104095459,17.516073484420776,2.021540290445196,2023,12,December,Q4,Monday
2023-12-12,17.711731827223428,17.93557974283289,17.66815016508437,17.905864715576172,3447000,17.69588279724121,0.20998191833496094,1.1866145404607842,0.26742957774851916,1.5099007841653993,17.479109900338308,17.175354131062825,16.918358154296875,17.523586282730104,2.0009017480597002,2023,12,December,Q4,Tuesday
2023-12-13,17.94350262577377,18.197065563430453,17.78700801948649,18.183198928833008,7517000,17.905864715576172,0.27733421325683594,1.5488456863833377,0.41005754394396376,2.2852703426752554,17.662207194737025,17.2330659866333,16.96027519226074,17.53225944519043,1.999769370139213,2023,12,December,Q4,Wednesday
2023-12-14,18.086132503461208,18.33573192644723,18.05443760852148,18.30799865722656,6704000,18.183198928833008,0.12479972839355113,0.6863463842748718,0.2812943179257523,1.5553038653892424,17.832569394792827,17.281863594055174,17.002271461486814,17.541507396697998,1.964031388578259,2023,12,December,Q4,Thursday
2023-12-15,18.4724175996384,18.56156078658961,18.349597761761224,18.36148452758789,3513000,18.30799865722656,0.05348587036133168,0.2921448234879609,0.21196302482838547,1.1474568701420795,17.9539737701416,17.32234109242757,17.041217041015624,17.55130814552307,1.9434459455412765,2023,12,December,Q4,Friday
2023-12-18,18.13961601611476,18.306017508991143,18.10990288070576,18.26639747619629,4349500,18.36148452758789,-0.09508705139160156,-0.5178614574912754,0.1961146282853825,1.0811399100794603,18.05868121555873,17.353970336914063,17.077825088500976,17.558271837234496,1.9430114074016291,2023,12,December,Q4,Monday
2023-12-19,18.15744792221056,18.355542437800967,18.11584801726096,18.14952278137207,5179000,18.26639747619629,-0.11687469482421875,-0.6398344007159773,0.23969442054000822,1.320088712724926,18.12433569771903,17.386524073282878,17.10999584197998,17.563873805999755,1.9397620404140887,2023,12,December,Q4,Tuesday
2023-12-20,18.206969963864417,18.224798223581445,17.84445571899414,17.84445571899414,3922000,18.14952278137207,-0.3050670623779297,-1.6808544558044147,0.3803425045873041,2.088993969574148,18.14556040082659,17.4018435160319,17.13166748046875,17.567232122421263,1.9592346061364272,2023,12,December,Q4,Wednesday
2023-12-21,18.24064813253356,18.40110437252232,18.09405663864504,18.37535285949707,3759000,17.84445571899414,0.5308971405029297,2.9751377619090302,0.3070477338772797,1.683315919732244,18.212630135672434,17.43631216684977,17.160589485168458,17.572457723617553,2.026367076225893,2023,12,December,Q4,Thursday
2023-12-22,18.17527463166282,18.2842259447224,18.127731347439248,18.252531051635746,2659500,18.37535285949707,-0.12282180786132457,-0.6684051664229473,0.15649459728315307,0.8610301657314529,18.22253472464425,17.505051358540854,17.182617721557616,17.578545207977296,1.57285542562027,2023,12,December,Q4,Friday
2023-12-26,18.27036105217729,18.551657269653,18.266399426312287,18.516000747680664,3302000,18.252531051635746,0.2634696960449183,1.4434693758338168,0.28525784334071247,1.5613147574153612,18.252249308994838,17.554773394266764,17.21558086395264,17.587721252441405,1.311628252723454,2023,12,December,Q4,Tuesday
2023-12-27,18.54571416044651,18.63089383209471,18.514017377912054,18.622970581054688,2927000,18.516000747680664,0.10696983337402344,0.5777156462224875,0.11687645418265546,0.6302073523376331,18.289604459490096,17.625295384724936,17.249692916870117,17.59664493560791,1.1518900905006568,2023,12,December,Q4,Wednesday
2023-12-28,18.61702909306743,18.78739223207816,18.603162457742418,18.749753952026367,2228500,18.622970581054688,0.1267833709716797,0.6807902660849185,0.18422977433574417,0.9895766580949656,18.358655384608678,17.688553937276204,17.28511245727539,17.606320629119875,1.1090169714385452,2023,12,December,Q4,Thursday
2023-12-29,18.73984691158244,18.801256829705352,18.68239861895339,18.75767517089844,1512500,18.749753952026367,0.007921218872073865,0.04224705504052295,0.1188582107519629,0.6342539045956711,18.445534297398158,17.738540013631184,17.32706912994385,17.617708730697633,1.0404046847757518,2023,12,December,Q4,Friday
2024-01-02,18.521940815454748,18.62098711191145,18.41496749031237,18.48232078552246,3337500,18.75767517089844,-0.2753543853759801,-1.4679558253742342,0.20601962159907927,1.112300399033648,18.536657878330775,17.7761781056722,17.364548797607423,17.625112457275392,1.0867591059911865,2024,1,January,Q1,Tuesday
2024-01-03,18.343659104479222,18.3832772552574,18.266400782221176,18.30007743835449,2849000,18.48232078552246,-0.1822433471679723,-0.986041467858989,0.11687647303622484,0.637149177110937,18.52590424673898,17.807411193847656,17.400958786010744,17.63147704124451,1.108490109186676,2024,1,January,Q1,Wednesday
2024-01-04,18.02075933351156,18.191120559215044,17.971234293514474,18.036605834960938,4555000,18.30007743835449,-0.26347160339355113,-1.4397294453046938,0.2198862657005698,1.2201831323037946,18.495057787214005,17.83058827718099,17.43241630554199,17.634654655456544,1.1463538532890074,2024,1,January,Q1,Thursday
2024-01-05,18.01680101114153,18.28422871940446,17.993029365422338,18.07028579711914,3612000,18.036605834960938,0.033679962158203125,0.18673115366816262,0.2911993539821225,1.6162655834520554,18.431384222848074,17.85984052022298,17.460149688720705,17.637065877914427,1.130873083893198,2024,1,January,Q1,Friday
2024-01-08,18.0683043049342,18.32384711196653,18.0683043049342,18.30403709411621,2077000,18.07028579711914,0.2337512969970703,1.2935672386229502,0.2555428070323309,1.414315381895277,18.385822296142578,17.89160181681315,17.498580207824705,17.64254499435425,1.1413588229571905,2024,1,January,Q1,Monday
2024-01-09,18.25055128615425,18.30007443880655,18.195084750643783,18.24658966064453,2647000,18.30403709411621,-0.05744743347167969,-0.3138511639606878,0.10498968816276744,0.5752685851326458,18.31394168308803,17.92772127787272,17.542715911865233,17.646920137405395,1.1202835176922432,2024,1,January,Q1,Tuesday
2024-01-10,18.84087632686133,19.08651601699326,18.8329530753046,19.04689598083496,5481000,18.24658966064453,0.8003063201904297,4.386059724445857,0.25356294168866,1.3458128873079898,18.35525894165039,17.98847064971924,17.60654235839844,17.6560249710083,1.3553237982752673,2024,1,January,Q1,Wednesday
2024-01-11,19.47280034374468,19.522323495737364,19.09047609393465,19.27668571472168,6116500,19.04689598083496,0.22978973388671875,1.2064419006537097,0.4318474018027132,2.2176954222274308,18.468739645821707,18.05503075917562,17.66822929382324,17.667154521942138,1.364404285770875,2024,1,January,Q1,Thursday
2024-01-12,19.764001908733896,19.983888183782792,19.700610232679995,19.760040283203125,7613500,19.27668571472168,0.4833545684814453,2.5074568088865323,0.2832779511027965,1.4333025892777989,18.67730576651437,18.14516436258952,17.73439323425293,17.681507730484007,1.3805089227579583,2024,1,January,Q1,Friday
2024-01-16,19.530248008771,19.617409433586968,19.43714320136685,19.445066452026367,4267000,19.760040283203125,-0.3149738311767578,-1.5939938717862812,0.1802662322201165,0.9230104612043802,18.878514426095144,18.225789260864257,17.78641315460205,17.692268857955934,1.427969225608696,2024,1,January,Q1,Tuesday
2024-01-17,19.22716417070771,19.34998212689331,19.219239029943857,19.296497344970703,4046500,19.445066452026367,-0.14856910705566406,-0.7640452524150798,0.13074309694945185,0.6799915774820136,19.053687504359655,18.300207138061523,17.829399909973144,17.700583209991454,1.4447271552193668,2024,1,January,Q1,Wednesday
2024-01-18,19.231124482487893,19.40148571486705,19.21527609123038,19.383657455444336,3300000,19.296497344970703,0.08716011047363281,0.45168876462624574,0.18620962363667104,0.968272155932618,19.207918984549387,18.382945124308268,17.87072265625,17.708010501861573,1.421279194583045,2024,1,January,Q1,Thursday
2024-01-19,19.44903122417483,19.631279243140785,19.401487934151124,19.61543273925781,2180000,19.383657455444336,0.231775283813473,1.1957252357881254,0.22979130898966105,1.181505167743441,19.403467995779856,18.466277440388996,17.919573097229,17.71592535018921,1.4199782131904057,2024,1,January,Q1,Friday
2024-01-22,19.77390738126429,19.87493544682533,19.67882080954528,19.728343963623047,2871500,19.61543273925781,0.11291122436523793,0.5756244374831576,0.19611463728005063,0.9917849492198421,19.500817707606725,18.54016710917155,17.966442527770997,17.724720668792724,1.3767009257242873,2024,1,January,Q1,Monday
2024-01-23,19.5876945636384,19.611466204990705,19.45893323806828,19.56194305419922,2709500,19.728343963623047,-0.16640090942382812,-0.8434611122487223,0.15253296692242557,0.778718324542287,19.541568756103516,18.607783699035643,18.01085552215576,17.734026584625244,1.3947777062980737,2024,1,January,Q1,Tuesday
2024-01-24,19.579773715602897,19.76400348639379,19.37177418972996,19.40346908569336,2930000,19.56194305419922,-0.15847396850585938,-0.810113637826182,0.39222929666383166,2.0032371280740016,19.49063001360212,18.664901288350425,18.07511779785156,17.744001207351683,1.4075701789704724,2024,1,January,Q1,Wednesday
2024-01-25,19.264801699008437,19.348001504882944,19.16773336963427,19.21923828125,2746500,19.40346908569336,-0.18423080444335938,-0.9494735381066377,0.18026813524867435,0.9357383380590562,19.458368846348353,18.71567980448405,18.119015769958494,17.75271903038025,1.4257485638294758,2024,1,January,Q1,Thursday
2024-01-26,18.878514970260422,18.97954493090356,18.7933352914116,18.89634323120117,4490500,19.21923828125,-0.3228950500488317,-1.6800616409644253,0.18620963949195968,0.9863574533552996,19.401203972952707,18.74869575500488,18.166796417236327,17.759427490234376,1.458940810110582,2024,1,January,Q1,Friday
2024-01-29,19.19546605128443,19.274704229101985,19.114248005304063,19.25885772705078,3055000,18.89634323120117,0.3625144958496129,1.9184372945292294,0.16045622379792235,0.8359068926445039,19.383375440325057,18.784551048278807,18.214933624267577,17.767425298690796,1.4723118245659346,2024,1,January,Q1,Monday
2024-01-30,19.41535177847172,19.45497181085812,19.276685443493545,19.294513702392575,2373000,19.25885772705078,0.03565597534179332,0.18514065500214727,0.17828636736457426,0.9182752360030022,19.33752986363002,18.817434883117677,18.255662040710448,17.774564819335936,1.4694687142212446,2024,1,January,Q1,Tuesday
2024-01-31,19.66495394669616,19.704572091660435,19.34007608989049,19.363847732543945,4626500,19.294513702392575,0.06933403015137074,0.35934582866825604,0.36449600176994323,1.8535309198177956,19.285458973475865,18.850846989949545,18.295875434875487,17.781685733795165,1.4696882123586499,2024,1,January,Q1,Wednesday
2024-02-01,19.419318462834845,19.619394747157703,19.37573679793348,19.589679718017575,3121000,19.363847732543945,0.22583198547362926,1.1662557390083261,0.24365794922422168,1.2547193645881038,19.289421354021346,18.894956398010255,18.340407333374024,17.78964951515198,1.4739678603735136,2024,2,February,Q1,Thursday
2024-02-02,19.39554401433736,19.563925376755588,19.37375224044229,19.52430534362793,2028500,19.589679718017575,-0.06537437438964488,-0.33371844425571506,0.19017313631329813,0.9804991093455303,19.306683676583425,18.940782483418783,18.384067573547362,17.7971284866333,1.4686898958918635,2024,2,February,Q1,Friday
2024-02-05,19.29451504260588,19.365829972342727,19.193486975702445,19.3321533203125,2576500,19.52430534362793,-0.1921520233154297,-0.9841682965593512,0.17234299664028185,0.893222743664282,19.3228143964495,18.99037240346273,18.426856269836424,17.80398233413696,1.4423121305843187,2024,2,February,Q1,Monday
2024-02-06,19.098398488049718,19.21131330984954,19.042931955766377,19.207351684570312,3756500,19.3321533203125,-0.1248016357421875,-0.6455651042817756,0.1683813540831629,0.8816516954996136,19.367244175502233,19.018105697631835,18.46397933959961,17.809807424545287,1.3577809666241225,2024,2,February,Q1,Tuesday
2024-02-07,19.26678276062012,19.34800270330205,19.20735459405551,19.26678276062012,2948500,19.207351684570312,0.05943107604980824,0.30941837805547046,0.14064810924654125,0.7300030887046466,19.368376323154994,19.051914087931316,18.506054878234863,17.81526823043823,1.349003170701762,2024,2,February,Q1,Wednesday
2024-02-08,19.05085687042715,19.11028692236803,18.912190527606224,19.096420288085938,3142500,19.26678276062012,-0.17036247253418324,-0.8842289584662377,0.19809639476180507,1.039829316387927,19.340077263968332,19.071261405944824,18.543494987487794,17.820360956192015,1.34128873922442,2024,2,February,Q1,Thursday
2024-02-09,18.999351248056893,19.074627799682396,18.937943219381825,19.01718139648437,4098000,19.096420288085938,-0.07923889160156605,-0.4149410748516158,0.13668458030057096,0.7194170922786114,19.290553501674108,19.08440176645915,18.578240966796876,17.825847272872924,1.3416360126965154,2024,2,February,Q1,Friday
2024-02-12,19.0627443508662,19.31828716055186,18.995391045150694,19.048877716064453,4909000,19.01718139648437,0.03169631958008168,0.1666720157906365,0.3228961154011678,1.693859548541318,19.21329607282366,19.09437255859375,18.618097877502443,17.82848105430603,1.3369521445389585,2024,2,February,Q1,Monday
2024-02-13,19.205373238560423,19.254898286057127,18.902287126792668,18.989450454711918,5579000,19.048877716064453,-0.05942726135253551,-0.31197250692841516,0.35261115926445896,1.836002637826838,19.136888231549943,19.102098401387533,18.657360496520997,17.82955407142639,1.3386893741861547,2024,2,February,Q1,Tuesday
2024-02-14,18.85474279175532,18.902286079041883,17.699846708121235,18.175275802612305,16785500,18.989450454711918,-0.8141746520996129,-4.287510341815015,1.2024393709206471,6.377384110731238,18.97162001473563,19.09186356862386,18.679586791992186,17.831906909942628,1.5336751451773551,2024,2,February,Q1,Wednesday
2024-02-15,18.076226892785304,18.260456651492703,18.002932096454664,18.22281837463379,7377000,18.175275802612305,0.047542572021484375,0.26157827005106604,0.2575245550380387,1.4246587883936306,18.83097239903041,19.08928826649984,18.70601280212402,17.832009696960448,1.524148887967048,2024,2,February,Q1,Thursday
2024-02-16,17.86426372204534,17.878130356082465,17.571082649894503,17.59881591796875,7168500,18.22281837463379,-0.6240024566650391,-3.4242916975655735,0.3070477061879622,1.7187817587413408,18.59269142150879,19.074695269266766,18.71567985534668,17.829811849594115,1.6281792816172653,2024,2,February,Q1,Friday
2024-02-20,17.48590214077349,17.547312063544773,17.353179175340223,17.40270233154297,4595500,17.59881591796875,-0.19611358642578125,-1.1143567120646236,0.19413288820454966,1.1102251782129793,18.350731713431223,19.052442487080892,18.71350082397461,17.82520196914673,1.6384275608906325,2024,2,February,Q1,Tuesday
2024-02-21,17.404683145593868,17.412606396751865,17.186776736064097,17.2125301361084,5795500,17.40270233154297,-0.1901721954345703,-1.0927739371251355,0.22582966068776855,1.2975223897996622,18.09292439052037,19.016058921813965,18.70708251953125,17.8197794342041,1.6256925888570306,2024,2,February,Q1,Wednesday
2024-02-22,17.481939106601814,17.6384355925645,17.404682686879486,17.495805740356445,8606500,17.2125301361084,0.2832756042480469,1.6457522630783483,0.23375290568501583,1.3371108562936378,17.871056965419225,18.991032791137695,18.70319980621338,17.814598503112794,1.6596398384979907,2024,2,February,Q1,Thursday
2024-02-23,17.49382711088642,17.545332024077236,17.367045640786937,17.414588928222656,6012000,17.495805740356445,-0.08121681213378906,-0.46420732682491694,0.178286383290299,1.019138820569178,17.64607674734933,18.93662255605062,18.69757392883301,17.81041332244873,1.4244550054468583,2024,2,February,Q1,Friday
2024-02-26,17.147159139086348,17.15310252223839,17.020377670570603,17.050092697143555,8274000,17.414588928222656,-0.36449623107910156,-2.0930510193576057,0.13272485166778836,0.7740340577189064,17.485336303710938,18.862402788798015,18.680458488464357,17.802964324951173,1.4324201629917548,2024,2,February,Q1,Monday
2024-02-27,17.07188151092818,17.083766387298574,16.89161527292737,16.994625091552734,4384000,17.050092697143555,-0.05546760559082031,-0.32532143124426316,0.19215111437120314,1.1255415183628235,17.309880120413645,18.77022228240967,18.65668701171875,17.79570198059082,1.3234938623990318,2024,2,February,Q1,Tuesday
2024-02-28,16.90151834857069,16.933215130517976,16.816338678500397,16.869823455810547,2902500,16.994625091552734,-0.1248016357421875,-0.7343594522966068,0.11687645201757846,0.6915145113424814,17.20573834010533,18.684380849202473,18.62792350769043,17.788032827377318,1.3080440543087966,2024,2,February,Q1,Wednesday
2024-02-29,17.077824831069883,17.135271233763486,16.960948379180824,16.998586654663086,5734000,16.869823455810547,0.12876319885253906,0.7632753193287822,0.1743228545826625,1.020755607385754,17.148007529122488,18.60778382619222,18.600665550231934,17.779556274414062,1.325571063432029,2024,2,February,Q1,Thursday
2024-03-01,17.357140297864635,17.521560043255118,17.287807125516178,17.436378479003906,5830000,16.998586654663086,0.4377918243408203,2.5754601440392433,0.2337529177389399,1.3467248275206798,17.179985863821848,18.54287452697754,18.584065170288085,17.773278560638428,1.426238618358298,2024,3,March,Q1,Friday
2024-03-04,17.16102644436029,17.22045461064157,17.067921624484253,17.131311416625977,2808500,17.436378479003906,-0.3050670623779297,-1.749601058185779,0.15253298615731836,0.8888336991488409,17.127915246146067,18.46007048288981,18.563700942993165,17.76632451057434,1.4180605964686808,2024,3,March,Q1,Monday
2024-03-05,17.059997014597425,17.137253435693886,16.949062053400056,16.9688720703125,2682000,17.131311416625977,-0.16243934631347656,-0.9482014678446005,0.18819138229383015,1.103114977879561,17.064241409301758,18.368088086446125,18.546189270019532,17.757067575454712,1.4076601589515192,2024,3,March,Q1,Tuesday
2024-03-06,17.18677709267343,17.254130396475542,17.11348229497315,17.188758850097656,3677500,16.9688720703125,0.21988677978515625,1.2958243710838868,0.14064810150239282,0.8183506468024762,17.08405085972377,18.28898194630941,18.522457389831544,17.745385704040526,1.4429507597451323,2024,3,March,Q1,Wednesday
2024-03-07,17.275917969135147,17.299689609106803,17.192718173827856,17.214508056640625,5442500,17.188758850097656,0.02574920654296875,0.1498025934712599,0.10697143527894681,0.6191939292028367,17.115462711879186,18.216016578674317,18.50169692993164,17.734701347351074,1.4446443319570357,2024,3,March,Q1,Thursday
2024-03-08,17.36308419217041,17.432417366560134,17.234320963286088,17.275920867919922,3317000,17.214508056640625,0.061412811279296875,0.35675031245290256,0.19809640327404665,1.1409056195406508,17.17347662789481,18.151239331563314,18.476895332336426,17.724728813171385,1.4468219613358342,2024,3,March,Q1,Friday
2024-03-11,17.13329233459205,17.220453766812707,17.101597440074286,17.186777114868164,2774500,17.275920867919922,-0.08914375305175781,-0.5160000079491578,0.11885632673842039,0.6937156292982286,17.200360979352677,18.094253794352213,18.448171463012695,17.716906929016112,1.425216372190014,2024,3,March,Q1,Monday
2024-03-12,17.325444298831307,17.475995510967916,17.248185990862698,17.382890701293945,2401500,17.186777114868164,0.19611358642578125,1.1410724949480144,0.22780952010521816,1.3148841448215276,17.192719868251256,18.031721560160317,18.420834197998047,17.71079613685608,1.3900167859733363,2024,3,March,Q1,Tuesday
2024-03-13,17.394777213666874,17.464110380586874,17.349215688146177,17.400720596313477,2212500,17.382890701293945,0.01782989501953125,0.10257151889130345,0.11489469244069639,0.6605125839175736,17.2312068939209,17.968595123291017,18.393695106506346,17.703974866867064,1.389039738751512,2024,3,March,Q1,Wednesday
2024-03-14,17.428456079843915,17.4759974795023,17.196683019017797,17.254131317138672,3240000,17.400720596313477,-0.1465892791748047,-0.8424322335585432,0.27931446048450326,1.6026345604274819,17.271958214896067,17.898271242777508,18.36913131713867,17.695492668151857,1.38566929696775,2024,3,March,Q1,Thursday
2024-03-15,17.303653632267533,17.36704531070609,17.258092103168956,17.30959701538086,2803000,17.254131317138672,0.0554656982421875,0.3214632902851067,0.10895320753713378,0.6296543484548248,17.289220809936523,17.82226848602295,18.3493217086792,17.688492193222046,1.3616559899262466,2024,3,March,Q1,Friday
2024-03-18,17.6087203613558,17.73352006368487,17.6087203613558,17.63645362854004,4409500,17.30959701538086,0.3268566131591797,1.8882970693583578,0.12479970232907078,0.7087380557360484,17.349498748779297,17.75934009552002,18.34131866455078,17.684172449111937,1.4245126336916965,2024,3,March,Q1,Monday
2024-03-19,17.630510330200195,17.6701303630457,17.541367145484955,17.630510330200195,3201000,17.63645362854004,-0.00594329833984375,-0.033698942344206895,0.1287632175607456,0.7303431106028766,17.40015438624791,17.702618662516276,18.332523155212403,17.67690083503723,1.4199896499147977,2024,3,March,Q1,Tuesday
2024-03-20,17.580987243408718,17.77710187267076,17.501749066611545,17.75333023071289,2915000,17.630510330200195,0.12281990051269531,0.6966327021306506,0.27535280605921386,1.5661964953785306,17.481090545654297,17.654151280721027,18.321509017944337,17.66891058921814,1.429733766460143,2024,3,March,Q1,Wednesday
2024-03-21,17.610704952271863,17.745409684439235,17.55920003504427,17.57504653930664,3003000,17.75333023071289,-0.17828369140625,-1.0042267512031189,0.18620964939496432,1.0573662434276512,17.508541379656112,17.597760073343913,18.308078155517578,17.659545183181763,1.4320583788427066,2024,3,March,Q1,Thursday
2024-03-22,17.579006570643468,17.600798345808492,17.50373190385107,17.55523681640625,1495500,17.57504653930664,-0.019809722900390625,-0.11271505231059686,0.09706644195742342,0.5521725108148154,17.53061512538365,17.54638729095459,18.278244972229004,17.648550539016725,1.428050022980812,2024,3,March,Q1,Friday
2024-03-25,17.087731293266035,17.12933119773031,16.982739708770037,17.028301239013672,3617500,17.55523681640625,-0.5269355773925781,-3.001586266840506,0.1465914889602722,0.8578756678953702,17.498353685651505,17.480091285705566,18.233277282714845,17.63726092338562,1.5126732772106146,2024,3,March,Q1,Monday
2024-03-26,17.155084249998495,17.258094086258936,17.125371109392102,17.178855895996094,2844000,17.028301239013672,0.15055465698242188,0.8841437256083218,0.13272297686683387,0.7736655497150677,17.479676382882253,17.41775722503662,18.181653594970705,17.626990613937377,1.5268333009441848,2024,3,March,Q1,Tuesday
2024-03-27,17.271670759540495,17.271670759540495,17.12459441665497,17.20012092590332,3276000,17.178855895996094,0.021265029907226562,0.12378606605683018,0.1470763428855264,0.8515467028821437,17.417343139648438,17.35811290740967,18.136754684448242,17.615809812545777,1.5291059561711444,2024,3,March,Q1,Wednesday
2024-03-28,17.130555893415526,17.16235602703657,17.039128376862443,17.04111671447754,3305000,17.20012092590332,-0.15900421142578125,-0.9244365903632756,0.12322765017412607,0.7193441411991254,17.33314405168806,17.320307604471843,18.09164707183838,17.603034343719482,1.3395838820098864,2024,3,March,Q1,Thursday
2024-04-01,17.092794612346644,17.16036966714685,17.05105657675997,17.1265811920166,1990000,17.04111671447754,0.0854644775390625,0.5015192312276984,0.10931309038688042,0.639527314672817,17.243608474731445,17.28376636505127,18.046505546569826,17.58975821495056,1.343182234239081,2024,4,April,Q2,Monday
2024-04-02,16.993417533986403,16.993417533986403,16.82845183393449,16.95962905883789,2704500,17.1265811920166,-0.16695213317871094,-0.9748129606656941,0.16496570005191202,0.970762353846628,17.155691691807338,17.262460136413573,17.993389472961425,17.575963230133056,1.2079288000517687,2024,4,April,Q2,Tuesday
2024-04-03,16.97950593452112,17.130558965636247,16.975531154038155,17.047080993652344,4699500,16.95962905883789,0.08745193481445312,0.5156476861083226,0.1550278115980923,0.9130289903365473,17.083098002842494,17.25060609181722,17.93976421356201,17.562802953720094,1.198101321643099,2024,4,April,Q2,Wednesday
2024-04-04,17.110680557991806,17.112667000200105,16.798636644417748,16.80459976196289,3038500,17.047080993652344,-0.24248123168945312,-1.422420834275051,0.31403035578235716,1.835288518875916,17.051140648978098,17.237008412679035,17.884617347717285,17.550503416061403,1.209341296318307,2024,4,April,Q2,Thursday
2024-04-05,16.79466465546708,16.93379334703333,16.752926616635335,16.858266830444336,2056500,16.80459976196289,0.05366706848144531,0.3193593970796105,0.1808667303979945,1.0769296923062877,17.00534221104213,17.215757115681967,17.833713302612306,17.53971611022949,1.1678792020841815,2024,4,April,Q2,Friday
2024-04-08,16.812550620299636,16.846339095051725,16.721124989693088,16.758888244628906,2755500,16.858266830444336,-0.09937858581542969,-0.5894946782783239,0.12521410535863708,0.7447656705190964,16.942308970860072,17.19390042622884,17.784506301879883,17.530041065216064,1.1693864573346335,2024,4,April,Q2,Monday
2024-04-09,16.86820349627725,16.919877534943982,16.739012713229517,16.82248878479004,2567500,16.758888244628906,0.06360054016113281,0.3795033371710499,0.18086482171446505,1.0722233802454497,16.911076409476145,17.18631362915039,17.74302921295166,17.521533031463623,1.1113105532281076,2024,4,April,Q2,Tuesday
2024-04-10,16.71913631126636,16.778763699188346,16.661499156586096,16.72112464904785,2193500,16.82248878479004,-0.1013641357421875,-0.6025513646579772,0.11726454260224983,0.7013791886081455,16.853154046194895,17.17719694773356,17.692274551391602,17.515163908004762,1.1149219664525458,2024,4,April,Q2,Wednesday
2024-04-11,16.744975703365142,16.756900044013964,16.580010003897936,16.707212448120117,1914000,16.72112464904785,-0.013912200927734375,-0.08320134691733871,0.17689004011602805,1.0563768096747936,16.817094530378068,17.171776580810548,17.640528526306152,17.509485387802123,1.1074132180402483,2024,4,April,Q2,Thursday
2024-04-12,16.76087530372278,16.808576458603262,16.63367475132195,16.693300247192383,3887000,16.707212448120117,-0.013912200927734375,-0.08327062920241435,0.17490170728131105,1.043511774366959,16.76655442374093,17.16160036722819,17.58711757659912,17.504033460617066,1.0973386898112922,2024,4,April,Q2,Friday
2024-04-15,16.605846470992972,16.629697046958018,16.32162979264485,16.357404708862305,3957000,16.693300247192383,-0.3358955383300781,-2.0121577720173756,0.30806725431316906,1.8551734466008687,16.702669416155135,17.125634574890135,17.522472076416015,17.49569766998291,1.0361408944891468,2024,4,April,Q2,Monday
2024-04-16,16.595910268892943,16.621747286859172,16.47665739050213,16.490570068359375,4266000,16.357404708862305,0.1331653594970703,0.8140983356908826,0.1450898963570424,0.8742509088458746,16.650141307285853,17.104276529947917,17.461797370910645,17.48934069633484,1.009958282979176,2024,4,April,Q2,Tuesday
2024-04-17,16.353428833919676,16.353428833919676,16.1705756940698,16.21430206298828,2900000,16.490570068359375,-0.27626800537109375,-1.6753090052427755,0.1828531398498754,1.1181333389277248,16.572343281337194,17.079124196370444,17.39944034576416,17.48152340888977,1.0387817434466282,2024,4,April,Q2,Wednesday
2024-04-18,16.31169285215349,16.41106994193095,16.267968373201263,16.273929595947266,2239500,16.21430206298828,0.059627532958984375,0.3677465285113479,0.14310156872968705,0.8772944048587488,16.49397768293108,17.048629887898763,17.340771903991698,17.472513570785523,1.007708900499156,2024,4,April,Q2,Thursday
2024-04-19,16.200391295476532,16.329580184360637,16.13679101997119,16.158653259277344,2989000,16.273929595947266,-0.11527633666992188,-0.70834973194569,0.1927891643894455,1.1900278263234052,16.413624627249582,17.013434727986652,17.278609313964843,17.463045806884764,1.0102830947133692,2024,4,April,Q2,Friday
2024-04-22,16.146726885362465,16.244117531124303,16.07716349228994,16.210329055786133,3056000,16.158653259277344,0.05167579650878906,0.3198026201788773,0.166954038834362,1.0339806947853394,16.342641285487584,16.977915000915527,17.220887489318848,17.454764404296874,1.0095959517828308,2024,4,April,Q2,Monday
2024-04-23,16.128838271425472,16.27790294525706,16.1049876961572,16.2600154876709,4045000,16.210329055786133,0.049686431884765625,0.3065109394989829,0.17291524909986222,1.0720874385987622,16.2807434626988,16.94702294667562,17.165744171142578,17.446188459396364,1.0120813855963517,2024,4,April,Q2,Tuesday
2024-04-24,16.405105798074267,16.518395559610052,16.341505526050778,16.438894271850586,3223500,16.2600154876709,0.1788787841796875,1.1001144759998693,0.17689003355927468,1.0782620711902944,16.29238482883998,16.915556399027505,17.1135445022583,17.43881294250488,1.0102643763432966,2024,4,April,Q2,Wednesday
2024-04-25,16.15467672730351,16.395167019975226,16.12685137285455,16.385231018066406,2764500,16.438894271850586,-0.05366325378417969,-0.32644077452381737,0.26831564712067646,1.6609162266131146,16.277336393083846,16.881706746419272,17.061460113525392,17.432245197296144,1.0091479777959216,2024,4,April,Q2,Thursday
2024-04-26,16.256042336307484,16.383244785328614,16.24014131938221,16.36336898803711,2203000,16.385231018066406,-0.021862030029296875,-0.13342521692365494,0.14310346594640322,0.8803093827258621,16.29863166809082,16.85201466878255,17.025221977233887,17.423988580703735,1.0017446330678812,2024,4,April,Q2,Friday
2024-04-29,16.470694407037488,16.522370338851566,16.39516789935075,16.494544982910156,3542500,16.36336898803711,0.13117599487304688,0.8016441783409434,0.12720243950081667,0.7722955472142478,16.330148151942662,16.824846267700195,16.990656509399415,17.41385069847107,1.01366067840917,2024,4,April,Q2,Monday
2024-04-30,16.47467014571612,16.524359638117208,16.395168853334706,16.411069869995117,2321500,16.494544982910156,-0.08347511291503906,-0.5060770879192322,0.12919078478250157,0.7841782787747942,16.366207667759486,16.784000142415366,16.966901588439942,17.40469729423523,0.93866638745072,2024,4,April,Q2,Tuesday
2024-05-01,16.45876938319304,16.667459544085364,16.403118673621755,16.474668502807617,1969500,16.411069869995117,0.0635986328125,0.3875349585146681,0.26434087046360943,1.6060791928559526,16.40397044590541,16.745472081502278,16.948340911865234,17.39469696044922,0.9449181655096518,2024,5,May,Q2,Wednesday
2024-05-02,16.703235895733147,16.820500429243033,16.583983024595938,16.711185455322266,3285500,16.474668502807617,0.23651695251464844,1.4356401312374922,0.23651740464709547,1.415997511640927,16.468423298427037,16.710733922322593,16.93831401824951,17.384368772506715,0.9787052438943185,2024,5,May,Q2,Thursday
2024-05-03,16.943727434723886,17.007329602509287,16.735037264162933,16.802614212036133,3156000,16.711185455322266,0.09142875671386719,0.5471111367790327,0.2722923383463538,1.607039179515644,16.520383289882115,16.68498617808024,16.924450187683107,17.37502095222473,0.975550054092948,2024,5,May,Q2,Friday
2024-05-06,16.896028311850337,16.919876992565744,16.794662889238783,16.862239837646484,3732500,16.802614212036133,0.05962562561035156,0.3548592192733846,0.12521410332696092,0.7410860174703882,16.58852740696498,16.66188627878825,16.91340320587158,17.367274389266967,0.9798105688256503,2024,5,May,Q2,Monday
2024-05-07,16.345480715808534,16.363368174297214,16.216291830758948,16.22821617126465,4730000,16.862239837646484,-0.6340236663818359,-3.7600204509386725,0.14707634353826649,0.8997982139247919,16.569219861711776,16.635216776529948,16.896965675354004,17.35621950149536,1.0627466621986523,2024,5,May,Q2,Tuesday
2024-05-08,15.554443015884797,15.671707563575668,15.43519013032615,15.572330474853516,8584000,16.22821617126465,-0.6558856964111328,-4.041637660536656,0.23651743324951724,1.5205779661025247,16.437474931989396,16.58166592915853,16.86851978302002,17.341618633270265,1.2590795085919908,2024,5,May,Q2,Wednesday
2024-05-09,15.274199895172687,15.403389729209806,15.230474469702486,15.397427558898926,8243500,15.572330474853516,-0.17490291595458984,-1.123164681336719,0.17291525950732023,1.132074090257055,16.292668887547084,16.521576150258383,16.839071865081788,17.326113629341126,1.2645300695637967,2024,5,May,Q2,Thursday
2024-05-10,15.081407887931777,15.09134578555323,14.928368434573732,14.9800443649292,10575500,15.397427558898926,-0.41738319396972656,-2.710733285629263,0.16297735097949761,1.0806507733930661,16.079151153564453,16.452873738606772,16.79870101928711,17.308472356796266,1.3322418485909724,2024,5,May,Q2,Friday
2024-05-13,15.214573990566176,15.28214999091658,15.099296838095423,15.135071754455566,7600000,14.9800443649292,0.1550273895263672,1.0348927262813223,0.18285315282115633,1.2018289367453519,15.853992053440638,16.38649009068807,16.752674884796143,17.291586470603942,1.3484254474335096,2024,5,May,Q2,Monday
2024-05-14,15.721393812874114,16.267966806274178,15.701518965471063,16.144739151000977,17271000,15.135071754455566,1.0096673965454102,6.671044663188841,0.5664478408031144,3.6030383027442205,15.760009901864189,16.35932709376017,16.73294343948364,17.28003521442413,1.8614499089144512,2024,5,May,Q2,Tuesday
2024-05-15,16.436908299677707,16.59988565992709,16.419018945665478,16.591934204101562,10085000,16.144739151000977,0.44719505310058594,2.769911913212053,0.1808667142616116,1.100369430576905,15.72139481135777,16.34415553410848,16.725404682159425,17.27059159755707,1.9332541380183925,2024,5,May,Q2,Wednesday
2024-05-16,16.675410595935677,16.772799335329367,16.558146062044475,16.574045181274414,5177500,16.591934204101562,-0.017889022827148438,-0.10781758538269681,0.2146532732848918,1.2872443053198916,15.77079895564488,16.336470381418863,16.71311040878296,17.261167130470277,1.9164214037098029,2024,5,May,Q2,Thursday
2024-05-17,16.709199642477586,16.74696289942211,16.59591176710439,16.645599365234375,3842500,16.574045181274414,0.07155418395996094,0.43172432063116606,0.15105113231771838,0.9039998057939357,15.924123082842145,16.329381465911865,16.701732234954832,17.254489493370055,1.9172342677839576,2024,5,May,Q2,Friday
2024-05-20,16.645598278024064,16.695285872908695,16.595910683139437,16.613798141479492,3897000,16.645599365234375,-0.03180122375488281,-0.19104883553368035,0.0993751897692583,0.5970058156483081,16.097890308925084,16.32454512914022,16.688489780426025,17.248679547309877,1.914565138532466,2024,5,May,Q2,Monday
2024-05-21,16.45876999583293,16.45876999583293,16.291815965444457,16.297779083251953,4444000,16.613798141479492,-0.31601905822753906,-1.9021481754887715,0.16695403038847445,1.0143773224289803,16.286138125828334,16.307054805755616,16.6707098197937,17.241131558418274,1.9435983372761318,2024,5,May,Q2,Tuesday
2024-05-22,16.244115481087,16.260014600091193,16.134800508362893,16.15070152282715,2983500,16.297779083251953,-0.1470775604248047,-0.9024392812880033,0.12521409172829934,0.7708273920736769,16.43122809273856,16.28804070154826,16.646066036224365,17.232601380348207,1.9471067520914578,2024,5,May,Q2,Wednesday
2024-05-23,16.281881341690518,16.281881341690518,16.04138912133367,16.059276580810547,3181500,16.15070152282715,-0.09142494201660156,-0.5660741230799404,0.24049222035684892,1.4770542501194708,16.419019154139928,16.266442839304606,16.619237155914306,17.224226145744325,1.9489795223194772,2024,5,May,Q2,Thursday
2024-05-24,15.936049262935075,16.055302154511597,15.930088039951556,15.957913398742676,3700000,16.059276580810547,-0.1013631820678711,-0.6311814953669281,0.12521411456004117,0.7857287116404121,16.328444753374374,16.241929944356283,16.593312797546385,17.22123775482178,1.9512515620387578,2024,5,May,Q2,Friday
2024-05-28,16.007599078404436,16.053311891585494,15.854559623404286,15.874434471130373,2697000,15.957913398742676,-0.08347892761230291,-0.5231193172089754,0.19875226818120773,1.2416119819576243,16.228500366210938,16.225830936431883,16.564609546661377,17.216262316703798,1.9204679080127973,2024,5,May,Q2,Tuesday
2024-05-29,15.699531682469104,15.775057240391364,15.570341856413805,15.592204093933104,3792500,15.874434471130373,-0.2822303771972692,-1.777892483102561,0.20471538397755928,1.3039585391337176,16.078015327453613,16.19588540395101,16.52372455596924,17.209737520217896,1.9369877706517178,2024,5,May,Q2,Wednesday
2024-05-30,15.995673392731902,16.15070117241965,15.930084789612469,16.057287216186523,5094000,15.592204093933104,0.46508312225341975,2.9827926792876047,0.220616382807183,1.3792253529471692,15.998513766697474,16.190651575724285,16.492260093688966,17.20712755203247,1.9977890639798768,2024,5,May,Q2,Thursday
2024-05-31,16.248091901247257,16.373306005617184,16.192441188193957,16.3653564453125,4841000,16.057287216186523,0.30806922912597656,1.918563359914427,0.18086481742322746,1.1131449681752705,16.008167675563268,16.19369913736979,16.464500617980956,17.20649230003357,2.027828235031403,2024,5,May,Q2,Friday
2024-06-03,16.522369729127313,16.675411076617596,16.496532711903846,16.61578369140625,4084500,16.3653564453125,0.25042724609375,1.53022787453847,0.17887836471374996,1.082643516918793,16.07460798536028,16.208936818440755,16.44531536102295,17.20838268280029,2.040551140679185,2024,6,June,Q2,Monday
2024-06-04,16.963602885277755,17.114655898300192,16.882115156486314,17.0987548828125,5656000,16.61578369140625,0.48297119140625,2.906701244889498,0.23254074181387807,1.3708216549663148,16.223104885646276,16.238551012674968,16.436185722351073,17.212529973983763,2.103287219627999,2024,6,June,Q2,Tuesday
2024-06-05,17.170307901641245,17.233908177458527,17.066956031842917,17.219995498657227,3102500,17.0987548828125,0.12124061584472656,0.7090610788660134,0.16695214561561045,0.9723305287941408,16.40340232849121,16.270550346374513,16.440019607543945,17.217026786804198,2.1052785581538234,2024,6,June,Q2,Wednesday
2024-06-06,17.221983086903823,17.388935225252357,17.221983086903823,17.33725929260254,3188000,17.219995498657227,0.1172637939453125,0.6809745911632525,0.16695213834853462,0.9694129735587226,16.612377302987234,16.300495847066244,16.443187675476075,17.222188892364503,2.100571269998329,2024,6,June,Q2,Thursday
2024-06-07,17.074904171956565,17.096768305011345,16.9715523107563,16.983478546142578,2238000,17.33725929260254,-0.35378074645996094,-2.0405805813316302,0.12521599425504348,0.733333510946992,16.81113079616002,16.32043743133545,16.43885482788086,17.22625340461731,2.1383209394161335,2024,6,June,Q2,Friday
2024-06-10,16.894041595745215,17.057018969039703,16.860253118297955,17.021244049072266,2429000,16.983478546142578,0.0377655029296875,0.22236612380133192,0.19676585074174824,1.1647056130801996,16.948838915143693,16.34236660003662,16.438457374572753,17.22980583190918,2.1377300638454133,2024,6,June,Q2,Monday
2024-06-11,16.85826423925584,16.911926611451182,16.740999701859167,16.894039154052734,3901000,17.021244049072266,-0.12720489501953125,-0.7473301872225058,0.17092690959201562,1.0139057447800492,17.0243650163923,16.35568307240804,16.433806533813478,17.234262285232543,2.140237100513625,2024,6,June,Q2,Tuesday
2024-06-12,16.82646274718955,16.94174084604079,16.66547372999347,16.687335968017578,3970500,16.894039154052734,-0.20670318603515625,-1.2235273290790882,0.2762671160473218,1.641860919898126,17.03458677019392,16.364891942342123,16.42836067199707,17.237635860443117,2.151243119100996,2024,6,June,Q2,Wednesday
2024-06-13,16.72907304699621,16.784723755488862,16.645596984257228,16.715160369873047,2319500,16.687335968017578,0.02782440185546875,0.1667396276361588,0.1391267712316342,0.8316466240585584,16.97978755405971,16.37290833791097,16.421722259521484,17.240190963745118,2.1505245665212906,2024,6,June,Q2,Thursday
2024-06-14,16.39715767476992,16.426971371089785,16.273930004533604,16.341506958007812,3336500,16.715160369873047,-0.3736534118652344,-2.2354162544482525,0.15304136655618095,0.9333408240116124,16.854289191109793,16.360585721333823,16.41246040344238,17.240344705581666,2.1744763254296067,2024,6,June,Q2,Friday
2024-06-17,16.045362277139706,16.166601596274678,16.01356214179384,16.12287712097168,3513500,16.341506958007812,-0.2186298370361328,-1.3378805124762194,0.15303945448083667,0.9537924531556163,16.680806023733957,16.33792781829834,16.39775260925293,17.23966197013855,2.183784621382584,2024,6,June,Q2,Monday
2024-06-18,15.987723554636796,16.0175372483277,15.761144979420544,15.826733589172363,11213000,16.12287712097168,-0.2961435317993164,-1.8367908505245056,0.2563922689071543,1.603682150438452,16.515556744166783,16.303410943349203,16.3791095161438,17.236669249534607,2.204097864582597,2024,6,June,Q2,Tuesday
2024-06-20,15.999650340628884,16.12685278444109,15.997662002797012,16.06523895263672,4077500,15.826733589172363,0.23850536346435547,1.506977811438781,0.1291907816440787,0.8074600312734129,16.378984587533132,16.297978369394936,16.363964519500733,17.23282552242279,2.1178234528584325,2024,6,June,Q2,Thursday
2024-06-21,16.03145034586652,16.047351362009874,15.940024715557966,16.005613327026367,10343500,16.06523895263672,-0.05962562561035156,-0.371146833147884,0.10732664645190759,0.6694755879001317,16.252066612243652,16.312421131134034,16.349654293060304,17.22939446926117,1.9784502605992917,2024,6,June,Q2,Friday
2024-06-24,16.053311837111128,16.19641528935777,16.023500039488205,16.12287712097168,2711000,16.005613327026367,0.1172637939453125,0.7326416773252076,0.17291524986956475,1.0771313210887064,16.17142963409424,16.336602783203126,16.337967586517333,17.225602011680603,1.9675420380210882,2024,6,June,Q2,Monday
2024-06-25,16.34547887468196,16.34547887468196,16.176538416055347,16.313678741455078,5581500,16.12287712097168,0.19080162048339844,1.1834216625965288,0.16894045862661144,1.0335607780099292,16.114075115748815,16.381057262420654,16.33037515640259,17.223030104637147,1.8980289355406916,2024,6,June,Q2,Tuesday
2024-06-26,16.409080650651838,16.488581938762604,16.34150559826081,16.468708038330078,4289000,16.313678741455078,0.155029296875,0.950302499711797,0.14707634050179408,0.8963106686659595,16.132246698651993,16.42551180521647,16.332601222991944,17.222230439186095,1.8969648298636903,2024,6,June,Q2,Wednesday
2024-06-27,16.735037399587263,16.824476586397214,16.695285807467176,16.750938415527344,4038500,16.468708038330078,0.2822303771972656,1.7137372071955426,0.12919077893003816,0.7719778321691974,16.221969740731375,16.44571844736735,16.337808589935303,17.22187443256378,1.4963731415759474,2024,6,June,Q2,Thursday
2024-06-28,16.780750004010134,16.94770403517937,16.780750004010134,16.88410186767578,3588000,16.750938415527344,0.1331634521484375,0.7949611469229678,0.16695403116923657,0.9949140004430028,16.37302235194615,16.455457369486492,16.351204586029052,17.221976933479308,1.417776090159238,2024,6,June,Q2,Friday
2024-07-01,16.917890889207392,17.037141877014722,16.90596465315049,16.95565414428711,2806000,16.88410186767578,0.07155227661132812,0.423784914187908,0.13117722386423125,0.7753757529427886,16.50022452218192,16.46817766825358,16.36483907699585,17.223404688835146,1.4188259679924458,2024,7,July,Q3,Monday
2024-07-02,17.074903846482027,17.225956855427743,17.01726669474758,17.223970413208008,4093000,16.95565414428711,0.26831626892089844,1.5824589640577313,0.20869016068016322,1.2222040168217991,16.67427553449358,16.487456703186034,16.386145420074463,17.224130482673644,1.4438401971109394,2024,7,July,Q3,Tuesday
2024-07-03,16.89801549021803,17.07291909130441,16.89801549021803,17.023229598999023,2657000,17.223970413208008,-0.20074081420898438,-1.1654735197120902,0.17490360108638114,1.0350540937048485,16.80289731706892,16.501104418436686,16.40240343093872,17.223595900535585,1.4620172753493235,2024,7,July,Q3,Wednesday
2024-07-05,17.106706956288825,17.269684315219667,17.106706956288825,17.25577163696289,3044000,17.023229598999023,0.2325420379638672,1.3660277364615947,0.1629773589308421,0.9527102986406615,16.937482016427175,16.533037503560383,16.422318553924562,17.22422402858734,1.4297474962310293,2024,7,July,Q3,Friday
2024-07-08,17.221983567895904,17.32732377393422,17.172295971654997,17.212045669555664,2170500,17.25577163696289,-0.04372596740722656,-0.2533990848230916,0.15502780227922486,0.9001739066121138,17.04367310660226,16.568415641784668,16.437781581878664,17.224850707054138,1.417340371651283,2024,7,July,Q3,Monday
2024-07-09,17.90768282061336,17.995133669584018,17.83016797420689,17.975257873535156,5745500,17.212045669555664,0.7632122039794922,4.434174871668195,0.16496569537712702,0.9212006769923166,17.218575886317662,16.632281684875487,16.469582118988036,17.230961842536928,1.6032731128994133,2024,7,July,Q3,Tuesday
2024-07-10,18.25550295285036,18.46816792004915,18.227675699149763,18.430404663085938,7300000,17.975257873535156,0.45514678955078125,2.5320737691384654,0.24049222089938738,1.31736836569511,17.43947628566197,16.714698060353598,16.510922832489015,17.241530442237853,1.6375355833834027,2024,7,July,Q3,Wednesday
2024-07-11,19.076351644747568,19.118091574785844,18.94517442308511,19.00678825378418,6310000,18.430404663085938,0.5763835906982422,3.1273517930546335,0.17291715170073374,0.906447705100594,17.73249544416155,16.819109853108724,16.561167697906495,17.255237641334535,1.6939919275913224,2024,7,July,Q3,Thursday
2024-07-12,18.92530161012932,19.1737433895404,18.885550015602576,19.094242095947266,2768500,19.00678825378418,0.08745384216308594,0.4601189900964586,0.2881933739378262,1.522794087379709,17.999677113124303,16.935844453175864,16.614831142425537,17.268503499031066,1.6331256608979134,2024,7,July,Q3,Friday
2024-07-15,19.07833998254377,19.12802757738612,18.976976455062868,19.00678825378418,2464000,19.094242095947266,-0.08745384216308594,-0.45801159178582296,0.15105112232325268,0.7917414327528541,18.283042635236466,17.034161154429118,16.665473537445067,17.28327688694,1.586749764574707,2024,7,July,Q3,Monday
2024-07-16,19.002813069173737,19.13200384575039,18.94318757754001,19.106164932250977,3258000,19.00678825378418,0.09937667846679688,0.522848348389493,0.1888162682103811,0.9936227206101282,18.54738453456334,17.125521437327066,16.713373126983644,17.297313141822816,1.566351386081694,2024,7,July,Q3,Tuesday
2024-07-17,18.91337367828664,19.141939639946838,18.89548622053709,19.072376251220703,3091500,19.106164932250977,-0.03378868103027344,-0.1768470080211526,0.24645341940974674,1.303064295148389,18.81314604622977,17.207407855987547,16.758768367767335,17.310683245658876,1.5597271070469911,2024,7,July,Q3,Wednesday
2024-07-18,18.73648390696469,18.83188621022982,18.48207902856449,18.52381706237793,3312500,19.072376251220703,-0.5485591888427734,-2.8761973946883734,0.3498071816653301,1.8669841332145591,18.89151164463588,17.25490992863973,16.791999912261964,17.321677021980285,1.6051814232362702,2024,7,July,Q3,Thursday
2024-07-19,18.440341337776516,18.529780524886256,18.368789608996668,18.450279235839844,7873500,18.52381706237793,-0.07353782653808594,-0.39699067579026526,0.16099091588958814,0.8730365286665565,18.894350869315012,17.295919386545815,16.836441173553467,17.333055872917175,1.6076769680458263,2024,7,July,Q3,Friday
2024-07-22,18.394628389012443,18.48207923768817,18.35289035472674,18.446304321289062,3446000,18.450279235839844,-0.00397491455078125,-0.021543926246170297,0.12918888296142939,0.7023185259811883,18.814281736101425,17.3328875541687,16.893920650482176,17.344850659370422,1.6061888738761936,2024,7,July,Q3,Monday
2024-07-23,18.319103656582964,18.346929015470945,18.209788663545663,18.2197265625,2719000,18.446304321289062,-0.2265777587890625,-1.2283097732892045,0.1371403519252823,0.7486193347456765,18.689350945608957,17.374095821380614,16.9503666305542,17.354908366203308,1.5732896276741997,2024,7,July,Q3,Tuesday
2024-07-24,18.08656126357697,18.1064351642419,17.697004378640646,17.726816177368164,5220500,18.2197265625,-0.49291038513183594,-2.705366534678677,0.40943078560125556,2.2637292940022506,18.50649779183524,17.397614892323812,17.00530206680298,17.36147141933441,1.6630717676279592,2024,7,July,Q3,Wednesday
2024-07-25,17.261734131315755,17.35713453786136,17.092793660532276,17.0987548828125,6394500,17.726816177368164,-0.6280612945556641,-3.5430011135192507,0.26434087732908296,1.531369185263508,18.219724927629745,17.404438749949136,17.044575729370116,17.36478521823883,1.788605023124097,2024,7,July,Q3,Thursday
2024-07-26,17.25577123215819,17.418748587265732,17.221982758481452,17.355148315429688,4810000,17.0987548828125,0.2563934326171875,1.4994859823092233,0.1967658287842795,1.1402899710305785,17.97440665108817,17.42669916152954,17.06878391265869,17.36885603427887,1.7905466413460727,2024,7,July,Q3,Friday
2024-07-29,17.26173379924402,17.27962125666095,17.168317941308658,17.17229461669922,2764000,17.355148315429688,-0.18285369873046875,-1.0535991707308012,0.11130331535229132,0.6447980060795855,17.78133201599121,17.44193696975708,17.080391120910644,17.370913138389586,1.8038799296927195,2024,7,July,Q3,Monday
2024-07-30,17.50023970816413,17.62942860063574,17.4406123158292,17.565828323364258,4232500,17.17229461669922,0.39353370666503906,2.2916780514722124,0.188816284806542,1.0789354200585968,17.654981885637557,17.482747681935628,17.10022678375244,17.37409601688385,1.7905904087135296,2024,7,July,Q3,Tuesday
2024-07-31,17.681103096149915,17.681103096149915,17.54197631629116,17.60756492614746,3904500,17.565828323364258,0.041736602783203125,0.237601108327401,0.13912677985875632,0.7868670812119826,17.5351619720459,17.53223727544149,17.119466094970704,17.3763782453537,1.765136655376387,2024,7,July,Q3,Wednesday
2024-08-01,17.237885640807306,17.27763534114415,16.864227843062647,16.880128860473633,5616000,17.60756492614746,-0.7274360656738281,-4.131383690617985,0.41340749808150434,2.3982494529540404,17.34379087175642,17.56735045115153,17.124792709350587,17.37643967151642,1.9054644910533214,2024,8,August,Q3,Thursday
2024-08-02,16.21629156206038,16.347468782750816,16.11691447765182,16.220266342163086,6846500,16.880128860473633,-0.6598625183105469,-3.9091082998523485,0.23055430509899466,1.4217449422184743,17.12856946672712,17.57251803080241,17.123242454528807,17.37295416355133,2.0328771688410097,2024,8,August,Q3,Friday
2024-08-05,15.99766205967716,16.41703264772818,15.856547884651096,16.373306274414062,8159500,16.220266342163086,0.15303993225097656,0.9435105997807502,0.5604847630770848,3.50354171119674,17.02493395124163,17.584774462381997,17.127694549560548,17.369926810264587,2.03760359848476,2024,8,August,Q3,Monday
2024-08-06,16.415044108188717,16.589947703835776,16.311692241960035,16.506471633911133,6560000,16.373306274414062,0.1331653594970703,0.8133076928094951,0.2782554618757409,1.6951246676025193,16.90369442531041,17.597560946146647,17.13663845062256,17.369159960746764,2.0385258494564527,2024,8,August,Q3,Tuesday
2024-08-07,17.291546419461966,17.585700998374723,16.806589126586914,16.806589126586914,5973000,16.506471633911133,0.30011749267578125,1.8181807677130513,0.7791118717878085,4.5057385434937345,16.851450783865793,17.61399129231771,17.153611965179444,17.37015121936798,2.0534138708178826,2024,8,August,Q3,Wednesday
2024-08-08,16.774787156726642,16.8244766470559,16.587959222193234,16.780750274658203,4911500,16.806589126586914,-0.025838851928710938,-0.15374239076170193,0.23651742486266514,1.4099578292879997,16.739296776907786,17.624392700195312,17.17173828125,17.37165708065033,2.0479012635945577,2024,8,August,Q3,Thursday
2024-08-09,16.721125525441945,16.782739358914522,16.623736773709314,16.77478790283203,2711000,16.780750274658203,-0.005962371826171875,-0.03553102053592827,0.15900258520520794,0.9509083880943202,16.620328630719865,17.62518768310547,17.195389957427977,17.373212370872498,2.0246382456920444,2024,8,August,Q3,Friday
2024-08-12,16.79267753282418,16.85627780976518,16.703238340246894,16.838390350341797,2481000,16.77478790283203,0.06360244750976562,0.37915500260381485,0.15303946951828706,0.9113464438243698,16.61436598641532,17.623663965861002,17.211012020111085,17.37398623943329,2.020602162871519,2024,8,August,Q3,Monday
2024-08-13,17.365084745738283,17.722839561636675,17.365084745738283,17.700977325439453,5555500,16.838390350341797,0.8625869750976562,5.122740102530932,0.3577548158983923,2.0601961990781072,16.82589612688337,17.648508071899414,17.237724437713624,17.380578570365905,2.2254620820307554,2024,8,August,Q3,Tuesday
2024-08-14,17.677129133488013,17.716878831517064,17.57178892710946,17.68706703186035,2468000,17.700977325439453,-0.013910293579101562,-0.07858489010722502,0.14508990440760527,0.8207775330030439,17.01357623508998,17.66394462585449,17.259150104522703,17.388814883232115,2.2096491668868676,2024,8,August,Q3,Wednesday
2024-08-15,17.43266139592377,17.605576650201172,17.422723497976072,17.58172607421875,3353000,17.68706703186035,-0.10534095764160156,-0.5955818307910921,0.1828531522250998,1.0489112825185478,17.167184012276785,17.682561175028482,17.26880952835083,17.397445645332336,2.200719295411873,2024,8,August,Q3,Thursday
2024-08-16,17.812279169046086,17.971281734493303,17.70892731195939,17.93550682067871,2949000,17.58172607421875,0.35378074645996094,2.0122071346494907,0.26235442253391383,1.4728851936580325,17.328457968575613,17.705219014485678,17.283119754791258,17.40616148471832,2.216330301093078,2024,8,August,Q3,Friday
2024-08-19,17.98122120334692,18.195874495915607,17.973271643017785,18.176000595092773,3243500,17.93550682067871,0.2404937744140625,1.3408808394351324,0.2226028528978219,1.2379740529324443,17.52777944292341,17.737350845336913,17.299894580841066,17.414782271385192,2.2253555557676115,2024,8,August,Q3,Monday
2024-08-20,18.04084601739601,18.098485066262445,17.98519530626712,18.044822692871094,3695500,18.176000595092773,-0.1311779022216797,-0.7217093856010104,0.11328975999532531,0.6279625683079656,17.70921298435756,17.739669672648112,17.321121463775636,17.4207860326767,2.082009755939119,2024,8,August,Q3,Tuesday
2024-08-21,18.201837205307957,18.47810432287659,18.18991286508192,18.44232940673828,4133000,18.044822692871094,0.3975067138671875,2.202885119088638,0.2881914577946709,1.5833097205738635,17.938347135271346,17.74006716410319,17.349543170928953,17.427261881828308,2.069217377885994,2024,8,August,Q3,Wednesday
2024-08-22,18.37077697878958,18.39462755379278,18.110410886906525,18.144197463989254,3159000,18.44232940673828,-0.298131942749027,-1.6165633753407405,0.28421666688625535,1.5471129349314106,18.001664297921316,17.711314137776693,17.374546337127686,17.431395268440248,2.0040307783912708,2024,8,August,Q3,Thursday
2024-08-23,18.20183828527912,18.384691447815676,18.13227489118266,18.362829208374023,2222000,18.144197463989254,0.21863174438476918,1.2049678406481634,0.25241655663301543,1.3867640876534943,18.098201751708984,17.686933708190917,17.408056201934816,17.437344861030578,2.016238101588531,2024,8,August,Q3,Friday
2024-08-26,18.484067575470448,18.50592981377432,18.394628389012443,18.446304321289062,2116000,18.362829208374023,0.08347511291503906,0.45458742750257297,0.11130142476187643,0.6021479001168586,18.221712929861887,17.66825091044108,17.442679080963135,17.442652020454407,2.017696878069933,2024,8,August,Q3,Monday
2024-08-27,18.93126283294005,19.11212955530016,18.845800316536188,19.094242095947266,4354000,18.446304321289062,0.6479377746582031,3.512561450644669,0.26632923876397285,1.4068223610554118,18.387246540614537,17.66785348256429,17.497733783721923,17.45141676425934,2.1197515341956215,2024,8,August,Q3,Tuesday
2024-08-28,19.294981616219527,19.34466921107491,19.153866496459536,19.229393005371094,5290500,19.094242095947266,0.13515090942382812,0.7078097614176215,0.1908027146153728,0.9888722280770788,18.537731170654297,17.673087374369302,17.55986410140991,17.466611952781676,2.123074420377562,2024,8,August,Q3,Wednesday
2024-08-29,19.195604933343223,19.31883259735625,19.14392899960811,19.24131774902344,3146000,19.229393005371094,0.011924743652347303,0.06201310488072043,0.17490359774813768,0.9111648127552676,18.70865903581892,17.697004063924155,17.628155784606932,17.477696843147278,2.0499846411207336,2024,8,August,Q3,Thursday
2024-08-30,19.32479225247203,19.42218288944806,19.27510466060559,19.390380859375,2005000,19.24131774902344,0.14906311035155895,0.7747032313268898,0.1470782288424708,0.76108569200094,18.84409495762416,17.72834078470866,17.6946586227417,17.492112193107605,2.050422979554899,2024,8,August,Q3,Friday
2024-09-03,19.16181599070189,19.263181413320357,18.957100598595552,18.97697639465332,4532000,19.390380859375,-0.4134044647216797,-2.1320079668358027,0.30608081472480464,1.5973476359094974,18.963063376290457,17.7460298538208,17.754085884094238,17.502737088203432,2.0935451967461507,2024,9,September,Q3,Tuesday
2024-09-04,18.782197683695166,18.91337490967933,18.67487103474997,18.774248123168945,2766000,18.97697639465332,-0.202728271484375,-1.0682854173834189,0.23850387492936065,1.2698400844561761,19.021837506975448,17.7645139058431,17.807113304138184,17.51031786441803,2.0902036620702664,2024,9,September,Q3,Wednesday
2024-09-05,18.742447302711547,18.81399713576118,18.678845134438248,18.754371643066406,2429500,18.774248123168945,-0.019876480102539062,-0.10587097801274536,0.1351520013229326,0.7211011408493041,19.06584712437221,17.79876575469971,17.85592716217041,17.517323832511902,2.021750739879549,2024,9,September,Q3,Thursday
2024-09-06,18.317113819417195,18.388665548755924,17.840106081412845,17.89774513244629,4865000,18.754371643066406,-0.8566265106201172,-4.56760976546402,0.5485594673430789,2.9947920439385727,18.894918986729213,17.825398763020832,17.884507904052736,17.51999713420868,2.09463842229013,2024,9,September,Q3,Friday
2024-09-09,18.066684784430784,18.166061865839414,18.003082618326783,18.09649658203125,2552500,17.89774513244629,0.19875144958496094,1.1104831816196148,0.16297924751263082,0.9020982513243406,18.733076640537806,17.85011037190755,17.911419067382813,17.52377315044403,2.087339041181835,2024,9,September,Q3,Monday
2024-09-10,18.285313611344534,18.561580734021028,18.233637678489217,18.480093002319336,3474000,18.09649658203125,0.38359642028808594,2.1197275315100184,0.32794305553181147,1.7934778834110328,18.624330248151505,17.893703651428222,17.943338890075683,17.53021002292633,2.104022582493804,2024,9,September,Q3,Tuesday
2024-09-11,18.476115036495354,18.65101861905196,18.340963043571666,18.63710594177246,2442000,18.480093002319336,0.157012939453125,0.8496328423965194,0.3100555754802947,1.6781426986563497,18.516719545636857,17.929412905375163,17.97696792602539,17.536639561653136,2.0723933426568806,2024,9,September,Q3,Wednesday
2024-09-12,18.507918901514465,18.625183448914605,18.456242967143886,18.607295989990234,1897000,18.63710594177246,-0.029809951782226562,-0.15994946788069342,0.16894048177071852,0.9128010700160052,18.46390805925642,17.96273727416992,18.004634437561034,17.5438610124588,2.07353683443685,2024,9,September,Q3,Thursday
2024-09-13,18.573508189619684,18.637108467098027,18.525807033780733,18.57151985168457,1741000,18.607295989990234,-0.03577613830566406,-0.1922694104769973,0.11130143331729414,0.5992483066796073,18.434946877615793,18.019116973876955,18.035600242614745,17.550596537590028,1.9075401600167252,2024,9,September,Q3,Friday
2024-09-16,18.55363109941486,18.64108194871968,18.42046553993093,18.50592994689941,2483000,18.57151985168457,-0.0655899047851598,-0.35317467449607065,0.2206164087887501,1.1890740287258803,18.399455206734793,18.095305760701496,18.060603408813478,17.556726775169373,1.7375381933852796,2024,9,September,Q3,Monday
2024-09-17,18.174011844712425,18.18593618493543,17.917620523045727,17.997121810913086,3567500,18.50592994689941,-0.5088081359863246,-2.7494329517419036,0.2683156618897016,1.476370017706166,18.413651875087194,18.149432945251466,18.076304931640625,17.561432223320008,1.8300829813169557,2024,9,September,Q3,Tuesday
2024-09-18,18.015010763481893,18.185937693619515,17.887808313249508,17.985197067260742,3752500,17.997121810913086,-0.01192474365234375,-0.06625917064756459,0.2981293803700069,1.6548942672537446,18.39775194440569,18.198723793029785,18.076503715515138,17.56622661113739,1.8291491430649283,2024,9,September,Q3,Wednesday
2024-09-19,18.43239258988419,18.597358293177628,18.408542012573072,18.52978134155273,2949000,17.985197067260742,0.5445842742919886,3.0279583384900555,0.1888162806045557,1.0243720650143877,18.404850278581893,18.256163533528646,18.078491249084472,17.57355571269989,1.8764399801468614,2024,9,September,Q3,Thursday
2024-09-20,18.6708974320262,18.674872212539995,18.468168462139392,18.501956939697266,2927000,18.52978134155273,-0.027824401855465197,-0.1501604435723669,0.20670375040060307,1.1070905999732183,18.385543278285436,18.313537089029946,18.068394622802735,17.581557908058166,1.876407405431453,2024,9,September,Q3,Friday
2024-09-23,18.523817265437863,18.742447230240387,18.476116113282394,18.724557876586918,2087500,18.501956939697266,0.222600936889652,1.2031210407372983,0.2663311169579927,1.4377766371887022,18.402294976370676,18.378529421488444,18.06100093841553,17.58960338115692,1.8814124762177749,2024,9,September,Q3,Monday
2024-09-24,19.12206491510679,19.12206491510679,18.93722343692737,18.99287414550781,2139000,18.724557876586918,0.26831626892089133,1.432964509439194,0.18484147817942187,0.9666397379155095,18.462488446916854,18.45034554799398,18.06072265625,17.59700948238373,1.8911262833026063,2024,9,September,Q3,Tuesday
2024-09-25,19.04057550569919,19.118090347410718,19.018713268645744,19.082313537597656,2203000,18.99287414550781,0.0894393920898473,0.4709102551021749,0.0993770787649737,0.5219226631843576,18.544828959873744,18.496390088399252,18.060245628356935,17.604753823280333,1.6699603620509322,2024,9,September,Q3,Wednesday
2024-09-26,19.404296180582293,19.624912606175062,19.362558142817218,19.60702514648437,3544500,19.082313537597656,0.5247116088867152,2.749727426147164,0.26235446335784474,1.352043181140373,18.774815150669642,18.56038869222005,18.070938606262207,17.614339241981508,1.7287349897605564,2024,9,September,Q3,Thursday
2024-09-27,19.40429546500706,19.543424147887038,19.1002029750982,19.11212921142578,4186000,19.60702514648437,-0.4948959350585902,-2.5240745669535047,0.44322117278883866,2.2841394761697287,18.935805456978933,18.611402130126955,18.082704849243164,17.621420474052428,1.7998336103369417,2024,9,September,Q3,Friday
2024-09-30,19.325928606018863,19.34587326213685,19.16039328591541,19.26011276245117,2265000,19.11212921142578,0.14798355102538707,0.7742912858548445,0.18547997622143697,0.9597467733771464,19.040138517107284,18.65555566151937,18.098901519775392,17.628191714286803,1.7730822479019759,2024,9,September,Q3,Monday
2024-10-01,19.321940608148232,19.42764576697693,19.15241483034809,19.305986404418945,4922000,19.26011276245117,0.04587364196777699,0.23817950877842442,0.2752309366288408,1.424447689859752,19.15499986921038,18.693221855163575,18.11609516143799,17.633805651664733,1.7611432306623516,2024,10,October,Q4,Tuesday
2024-10-02,19.000839960368918,19.000839960368918,18.72760425632298,18.9370174407959,3716000,19.305986404418945,-0.3689689636230469,-1.9111634904010577,0.27323570404593767,1.4380190802924513,19.18535123552595,18.7229616800944,18.130440979003907,17.63695074558258,1.7960323180879911,2024,10,October,Q4,Wednesday
2024-10-03,18.745553825235348,18.867213185978663,18.69968263715714,18.747547149658203,2312000,18.9370174407959,-0.1894702911376953,-1.000528682671642,0.1675305488215244,0.893708184796301,19.150304521833146,18.733135604858397,18.150855598449706,17.63888105869293,1.7663944634183064,2024,10,October,Q4,Thursday
2024-10-04,18.807382389979686,18.937018861230488,18.793421509967644,18.91707420349121,2291500,18.747547149658203,0.1695270538330078,0.9042625815510963,0.14359735126284434,0.7635158805477951,19.126698902675084,18.758898162841795,18.18722198486328,17.642134442329407,1.7432098378182992,2024,10,October,Q4,Friday
2024-10-07,19.068650489160085,19.228203946434878,19.01679552044441,19.078622817993164,3341500,18.91707420349121,0.16154861450195312,0.853983088315724,0.2114084259904665,1.1086700976067783,19.051212855747767,18.7827579498291,18.22169147491455,17.646779942512513,1.7370794423127156,2024,10,October,Q4,Monday
2024-10-08,19.028762838052835,19.04072849128665,18.956963212568287,18.974912643432617,2017000,19.078622817993164,-0.10371017456054688,-0.5435936102407668,0.08376527871836359,0.4402034931606467,19.0316104888916,18.800378227233885,18.25774383544922,17.652432227134703,1.740446118916282,2024,10,October,Q4,Tuesday
2024-10-09,18.77746543795289,19.1763490833368,18.65779939332409,18.996850967407227,1987700,18.974912643432617,0.021938323974609375,0.11561752292019722,0.5185496900127085,2.761553159163958,18.994001661028182,18.79713185628255,18.286364288330077,17.655539717674255,1.617534691006927,2024,10,October,Q4,Wednesday
2024-10-10,18.857242326452457,18.88715931336939,18.66777188003306,18.807382583618164,2079400,18.996850967407227,-0.1894683837890625,-0.9973673221637225,0.2193874333363297,1.1634120702186588,18.922772543770925,18.78306484222412,18.31036064147949,17.658313975334167,1.621603057187961,2024,10,October,Q4,Thursday
2024-10-11,18.68771564433459,18.99685021958444,18.68771564433459,18.927045822143555,1725600,18.807382583618164,0.11966323852539062,0.6362567358502158,0.3091345752498498,1.6542127520201628,18.921348026820592,18.772589111328124,18.35129898071289,17.660369200706484,1.6264887120791018,2024,10,October,Q4,Friday
2024-10-14,18.84726891383961,19.106543746130683,18.817353830669937,19.036739349365234,2081300,18.927045822143555,0.10969352722167969,0.5795596853965801,0.2891899154607458,1.5343863176292492,18.96266119820731,18.760801060994467,18.407628440856932,17.662438044548036,1.6234973340732248,2024,10,October,Q4,Monday
2024-10-15,18.75751988863549,18.79740920229157,18.54810669802253,18.60793876647949,2120200,19.036739349365234,-0.42880058288574574,-2.2524896465530686,0.2493025042690391,1.3290803141841934,18.918498992919922,18.748499806722005,18.45232109069824,17.6617289686203,1.6289688370488622,2024,10,October,Q4,Tuesday
2024-10-16,18.647828568483163,18.647828568483163,18.5580795124338,18.62788391113281,1885200,18.60793876647949,0.019945144653320312,0.10718621177563392,0.08974905604936367,0.4812842188020177,18.8541077205113,18.743620999654134,18.494749336242677,17.661080012321474,1.6177923441656412,2024,10,October,Q4,Wednesday
2024-10-17,18.548105907172133,18.56805056314978,18.3785801354163,18.458356857299805,1662900,18.62788391113281,-0.16952705383300426,-0.9100714533210486,0.18947042773347889,1.0215082266713549,18.78031403677804,18.733753840128582,18.527784690856933,17.66096019268036,1.6260203551986419,2024,10,October,Q4,Thursday
2024-10-18,18.059474751982727,18.189111222580163,18.029557765524597,18.169166564941406,2534500,18.458356857299805,-0.28919029235839844,-1.5667174201588363,0.15955345705556567,0.8834889123120733,18.662073407854354,18.742801221211753,18.555553016662596,17.660305638313293,1.4167303043677688,2024,10,October,Q4,Friday
2024-10-21,18.089388830098716,18.119305814892563,17.969724694977586,18.049501419067383,2361300,18.169166564941406,-0.11966514587402344,-0.6586165933715749,0.14958111991497702,0.8268997992131762,18.553804670061385,18.741234715779623,18.581047286987303,17.660370116233825,1.4082856919430606,2024,10,October,Q4,Monday
2024-10-22,17.850058311347414,17.8899476236316,17.77028158880614,17.840085983276367,2630700,18.049501419067383,-0.20941543579101562,-1.1602283682461745,0.11966603482546034,0.6703957641941581,18.398524693080358,18.71990114847819,18.601081199645996,17.65921911716461,1.3647670743163431,2024,10,October,Q4,Tuesday
2024-10-23,17.451175467471764,17.590784262562842,17.371398741415838,17.48109245300293,2842200,17.840085983276367,-0.3589935302734375,-2.0122858746867256,0.21938552114700371,1.2571389334542469,18.176289422171454,18.681367365519204,18.596683502197266,17.655104393959046,1.3951756274573877,2024,10,October,Q4,Wednesday
2024-10-24,17.55089692588341,17.69050572157374,17.540924597330218,17.64064598083496,2544500,17.48109245300293,0.15955352783203125,0.9127205765943058,0.14958112424352166,0.8522705413586298,18.03810473850795,18.649145698547365,18.59575508117676,17.652074675559998,1.4100049315798904,2024,10,October,Q4,Thursday
2024-10-25,17.501034538668318,17.630672902318157,17.491064112566427,17.57084083557129,2607400,17.64064598083496,-0.06980514526367188,-0.39570628728397006,0.13960878975172974,0.7977173546127566,17.887098584856307,18.615789731343586,18.595537376403808,17.64469439983368,1.4106144652183452,2024,10,October,Q4,Friday
2024-10-28,17.660588286899056,17.740366913296256,17.630673204027246,17.700477600097656,2573700,17.57084083557129,0.1296367645263672,0.7377948826667646,0.10969370926900979,0.621121490898367,17.778830119541713,18.58894131978353,18.59083679199219,17.636813359260557,1.4198905046147265,2024,10,October,Q4,Monday
2024-10-29,17.710450453337113,17.83011459242549,17.650618383792924,17.800199508666992,2698400,17.700477600097656,0.09972190856933594,0.563385411525763,0.179496208632564,1.0135044792084449,17.72612054007394,18.582377243041993,18.583320770263672,17.62701415538788,1.3361840160599716,2024,10,October,Q4,Tuesday
2024-10-30,18.019585330009107,18.05947464505043,17.91986394443303,17.92983627319336,3015300,17.800199508666992,0.1296367645263672,0.7282882670121005,0.13961070061739989,0.7747719942528185,17.709025519234793,18.580531883239747,18.581021041870116,17.619438004493713,1.3432562066014606,2024,10,October,Q4,Wednesday
2024-10-31,17.770283128760052,17.770283128760052,17.51100828252565,17.5508975982666,2136300,17.92983627319336,-0.3789386749267578,-2.1134530686892194,0.2592748462344012,1.4590361017646458,17.667712892804825,18.547902425130207,18.563192405700683,17.610710005760193,1.2693570869590398,2024,10,October,Q4,Thursday
2024-11-01,17.630672717349558,17.790226161685357,17.570840651230405,17.680532455444336,1581100,17.5508975982666,0.12963485717773438,0.738622377869369,0.21938551045495203,1.2443399861825155,17.696204321725027,18.520521608988442,18.553919105529786,17.602194380760192,1.2802323519410312,2024,11,November,Q4,Friday
2024-11-04,17.700478310144998,17.80019969511464,17.67056132404594,17.690505981445312,1727600,17.680532455444336,0.009973526000976562,0.05640964731186138,0.12963837106869747,0.7324003837477966,17.703327178955078,18.486053212483725,18.54047264099121,17.59256974697113,1.2555260147708989,2024,11,November,Q4,Monday
2024-11-05,17.949779772551043,18.04950115169286,17.850058393409228,17.9996395111084,2271700,17.690505981445312,0.30913352966308594,1.7474544254829194,0.1994427582836309,1.1111153496636237,17.764584132603236,18.452945391337078,18.531539344787596,17.583926224708556,1.2706924285553498,2024,11,November,Q4,Tuesday
2024-11-06,17.949780220211302,17.969724876942497,17.780254442050442,17.939807891845703,2960300,17.9996395111084,-0.05983161926269531,-0.3324045419119126,0.18947043489205484,1.0555585225423134,17.79877417428153,18.41486186981201,18.508450660705567,17.575815548896788,1.2651498776760182,2024,11,November,Q4,Wednesday
2024-11-07,18.14922407218102,18.28883287361976,18.06944734249785,18.21902847290039,3689100,17.939807891845703,0.2792205810546875,1.5564301621178611,0.21938553112191173,1.208787385341636,17.85860688345773,18.368595314025878,18.488243370056153,17.569893345832824,1.1855361940964217,2024,11,November,Q4,Thursday
2024-11-08,19.44559616093156,20.61233200666854,19.44559616093156,19.85445213317871,10593700,18.21902847290039,1.6354236602783203,8.976459215215037,1.16673584573698,6.0000003912509845,18.13355200631278,18.393339411417642,18.50050605773926,17.57306941509247,2.000187602351228,2024,11,November,Q4,Friday
2024-11-11,19.286041628813063,19.345873696483263,18.837296366218705,19.0666561126709,4156700,19.85445213317871,-0.7877960205078125,-3.967855749549132,0.5085773302645578,2.63702287930744,18.350088936941965,18.386890856424966,18.494031562805176,17.573920979499817,2.1318502675202082,2024,11,November,Q4,Monday
2024-11-12,18.94698960214056,18.956961930174412,18.568050646989672,18.61791038513184,2713200,19.0666561126709,-0.44874572753905895,-2.3535628108425466,0.3889112831847399,2.052628366570709,18.484000069754465,18.363954989115395,18.486850242614747,17.570716242790223,2.1734566302767964,2024,11,November,Q4,Tuesday
2024-11-13,18.63785567366604,18.6577984283834,18.388553170441075,18.44838523864746,2966800,18.61791038513184,-0.16952514648437855,-0.9105487295704262,0.2692452579423268,1.444614995719444,18.592268535069056,18.347667249043784,18.480332984924317,17.566485600471495,2.152258149173923,2024,11,November,Q4,Wednesday
2024-11-14,18.548107334285053,18.617911733550567,18.4084966337268,18.43841361999512,2083500,18.44838523864746,-0.009971618652340197,-0.05405144419605712,0.2094150998237687,1.1290375672814745,18.654950550624303,18.337362798055015,18.47401382446289,17.561858429908753,2.1450020371286627,2024,11,November,Q4,Thursday
2024-11-15,18.52816290118488,18.597967301295864,18.358637114332254,18.408496856689453,2958400,18.43841361999512,-0.029916763305667615,-0.1622523711759305,0.23933018696360975,1.291710291193006,18.721906117030553,18.320410219828286,18.484228858947755,17.55595251560211,2.137744257324562,2024,11,November,Q4,Friday
2024-11-18,18.667771687832,19.00682326129071,18.667771687832,18.91707420349121,2877100,18.408496856689453,0.5085773468017578,2.7627315296900212,0.3390515734587076,1.816240197964858,18.821626935686385,18.315025266011556,18.500640411376953,17.552916359901428,2.193841937097273,2024,11,November,Q4,Monday
2024-11-19,18.757520488843777,18.946990930718584,18.757520488843777,18.86721420288086,2557400,18.91707420349121,-0.04986000061035156,-0.26357141740845913,0.189470441874807,1.0101038780018736,18.680592945643834,18.311435317993165,18.508382835388183,17.55059166431427,2.1920696356995837,2024,11,November,Q4,Tuesday
2024-11-20,19.196292126250167,19.28604117666493,19.04671100956792,19.126487731933597,6542900,18.86721420288086,0.2592735290527379,1.3742014388809398,0.23933016709700894,1.2467520577566875,18.68914031982422,18.315756543477377,18.518170471191407,17.550187344551087,2.2062851518302886,2024,11,November,Q4,Wednesday
2024-11-21,19.026766532855028,19.096570927829724,18.91707282530788,19.016794204711918,1707800,19.126487731933597,-0.10969352722167969,-0.5735163128697929,0.17949810252184406,0.9433978296411554,18.746123722621377,18.322736930847167,18.52636043548584,17.548937401771546,2.2007264816060834,2024,11,November,Q4,Thursday
2024-11-22,18.96693517402529,19.0865993121553,18.917073531448477,19.00682258605957,2068700,19.016794204711918,-0.009971618652347303,-0.052435855092103356,0.16952578070682378,0.8937963838194838,18.825900486537392,18.325396156311037,18.53506649017334,17.548489413261414,2.1980949670822114,2024,11,November,Q4,Friday
2024-11-25,19.256124316462625,19.445594746560804,19.256124316462625,19.36581802368164,3326400,19.00682258605957,0.3589954376220703,1.888771445077686,0.18947043009817932,0.9839489348134063,18.958386829921178,18.336365445454916,18.552264251708984,17.5502325963974,2.222109272853543,2024,11,November,Q4,Monday
2024-11-26,19.365819673206143,19.39573666009424,19.266098285606432,19.31595993041992,1783100,19.36581802368164,-0.0498580932617223,-0.2574541039307099,0.1296383744878078,0.6694184737616391,19.088024411882675,18.359966150919597,18.57864101409912,17.55156800746918,2.1793275822035296,2024,11,November,Q4,Tuesday
2024-11-27,19.704870223999023,19.91428341523189,19.69489789555548,19.704870223999023,2494200,19.31595993041992,0.3889102935791051,2.0134142697543433,0.21938551967640763,1.1133568360638726,19.200566700526647,18.395865694681802,18.613034477233885,17.555145106315614,2.205759933839111,2024,11,November,Q4,Wednesday
2024-11-29,19.92425611796847,20.004032844988306,19.854451719579515,19.994060516357425,1247900,19.704870223999023,0.289190292358402,1.4676082058444173,0.14958112540879043,0.7507488586933609,19.36154474530901,18.44705581665039,18.64232006072998,17.564239029884337,2.2068280268075853,2024,11,November,Q4,Friday
2024-12-02,19.94419980625303,20.02397652939696,19.874395411255485,19.95417213439941,3337900,19.994060516357425,-0.03988838195801492,-0.19950115648285083,0.14958111814147657,0.749998092651373,19.4797853742327,18.50655600229899,18.671364364624022,17.572895798683167,2.181137443193714,2024,12,December,Q4,Monday
2024-12-03,20.39294672469987,20.43283413850904,20.2633083502587,20.41288948059082,3364500,19.95417213439941,0.4587173461914098,2.298854310275389,0.16952578825033982,0.8312961855826886,19.679227556501115,18.585335604349773,18.705130996704103,17.58696616649628,2.201410215438159,2024,12,December,Q4,Tuesday
2024-12-04,20.95138310326922,21.03115983013921,20.83171706195064,20.93143844604492,4284800,20.41288948059082,0.518548965454098,2.540301636116493,0.1994427681885682,0.9519312744438695,19.954172679356166,18.688380686442056,18.743902282714842,17.604609847068787,2.212658576590074,2024,12,December,Q4,Wednesday
2024-12-05,20.9912711934339,21.011215851302147,20.84169006347656,20.84169006347656,3637600,20.93143844604492,-0.08974838256835938,-0.42877312421554237,0.16952578782558803,0.8076013418311511,20.16501154218401,18.80040060679118,18.77908981323242,17.622755646705627,2.167680346972231,2024,12,December,Q4,Thursday
2024-12-06,20.92146585736013,20.981299828289227,20.84168913148184,20.88157844543457,1973000,20.84169006347656,0.039888381958011365,0.19138746347597824,0.13961069680738802,0.6673083891885772,20.38867133004325,18.9084316889445,18.804580879211425,17.639684510231017,2.168206619070767,2024,12,December,Q4,Friday
2024-12-09,21.240572837669827,21.350266549409277,20.98129990414835,21.0411319732666,4085300,20.88157844543457,0.15955352783203125,0.7640874862451463,0.36896664526092593,1.737084249472638,20.579565865652903,19.02410806020101,18.843160934448242,17.657817225456238,2.160426511961635,2024,12,December,Q4,Monday
2024-12-10,21.83889931513722,21.9785100129621,21.69929051933953,21.70926284790039,5038500,21.0411319732666,0.6681308746337891,3.1753561333233815,0.2792194936225698,1.2785419704235466,20.82459477015904,19.157734235127766,18.892143936157225,17.68111307621002,2.2100984308614677,2024,12,December,Q4,Tuesday
2024-12-11,21.99845295440894,22.18792339461597,21.988480625763604,22.10814666748047,4175100,21.70926284790039,0.3988838195800781,1.8373899766875645,0.1994427688523679,0.9066217941130059,21.13230541774205,19.301332473754883,18.948187141418458,17.706680684089662,2.2194873257098613,2024,12,December,Q4,Wednesday
2024-12-12,22.536947625339103,22.64663943802,22.31756019592285,22.31756019592285,4658700,22.10814666748047,0.2094135284423828,0.9472233543231123,0.3290792420971478,1.4601766289200233,21.404401234218053,19.447589937845866,19.015797996520995,17.73391936779022,2.219779244245737,2024,12,December,Q4,Thursday
2024-12-13,21.80898419371467,21.84887160586186,21.55968168620641,21.62948608398437,3452700,22.31756019592285,-0.6880741119384801,-3.0831063337478204,0.28918991965544905,1.3260127894392868,21.50412232535226,19.58354288736979,19.07343677520752,17.757073864936828,2.269497840477209,2024,12,December,Q4,Friday
2024-12-16,21.41009951630953,21.56965297533348,21.36023977362477,21.430044174194336,3888500,21.62948608398437,-0.1994419097900355,-0.9220834420921031,0.2094132017087098,0.9781047563519522,21.588172912597656,19.708526611328125,19.123696174621582,17.777042193412782,2.289277600855783,2024,12,December,Q4,Monday
2024-12-17,21.739176953351585,21.918675055315795,21.63945747628445,21.66937255859375,4757800,21.430044174194336,0.23932838439941406,1.1167890390427093,0.2792175790313465,1.2843981151195274,21.700714928763254,19.84115549723307,19.175511169433594,17.79973249912262,2.2876962470407136,2024,12,December,Q4,Tuesday
2024-12-18,21.48987549595492,21.609541537060892,20.77188495540065,20.851661682128903,3633600,21.66937255859375,-0.8177108764648473,-3.7735789269106257,0.8376565816602408,3.8979126790097713,21.673647744315012,19.936222902933757,19.213046150207518,17.8191464471817,2.4190949119279215,2024,12,December,Q4,Wednesday
2024-12-19,20.84168995886442,20.8815792744007,20.522583042683216,20.60235977172852,4412000,20.851661682128903,-0.24930191040038352,-1.1955973303271583,0.35899623171748374,1.7224909900590613,21.515518733433314,20.024974632263184,19.245156326293944,17.836214451789857,2.434656856500186,2024,12,December,Q4,Thursday
2024-12-20,20.79182942879819,21.100964004384146,20.72202503128141,20.961355209350582,5678400,20.60235977172852,0.3589954376220632,1.7424966926103957,0.37893897310273417,1.8225379079816622,21.351691382271902,20.11638552347819,19.288235778808595,17.854948687553406,2.437701179700659,2024,12,December,Q4,Friday
2024-12-23,20.89155040406635,21.150823332060337,20.86163341913144,21.100963592529297,2500400,20.961355209350582,0.1396083831787145,0.6660274671383748,0.2891899129288973,1.3842434253831593,21.177891867501394,20.157935905456544,19.33171413421631,17.874073901176452,1.839681979928165,2024,12,December,Q4,Monday
2024-12-24,20.96135431496087,21.110935432118303,20.931437330718545,21.081018447875977,979900,21.100963592529297,-0.019945144653320312,-0.09452243527107163,0.17949810139975853,0.8563287405129367,21.099539348057338,20.225081316630046,19.372599716186524,17.89354510784149,1.6631095377558087,2024,12,December,Q4,Tuesday
2024-12-26,21.120908737182617,21.22063012057605,21.071047094472306,21.120908737182617,1306500,21.081018447875977,0.039890289306640625,0.18922372941929666,0.14958302610374474,0.7082224915844131,21.05537714276995,20.30851459503174,19.422859115600588,17.912235198020934,1.5835312543187783,2024,12,December,Q4,Thursday
2024-12-27,21.440014816171047,21.469931800644304,21.27048904154349,21.40012550354004,1936600,21.120908737182617,0.2792167663574219,1.3219922013387064,0.19944275910081188,0.9302361066951453,21.016913277762278,20.406905937194825,19.47830394744873,17.93223222255707,1.5705961425162525,2024,12,December,Q4,Friday
2024-12-30,21.06107644128139,21.27048963232927,20.991270142238264,21.15082359313965,1934500,21.40012550354004,-0.24930191040039062,-1.1649553660755485,0.27921949009100544,1.325760774239027,21.059650693620956,20.497319602966307,19.532153282165527,17.951715683937074,1.597173627537784,2024,12,December,Q4,Monday
2024-12-31,21.17076798868361,21.25054471314957,21.071046607594383,21.100963592529297,1186100,21.15082359313965,-0.04986000061035156,-0.23573550406105204,0.17949810555518653,0.8478582621619275,21.13087981087821,20.58706849416097,19.590789222717284,17.970672516822816,1.5982340869872176,2024,12,December,Q4,Tuesday
2025-01-02,21.21065847005485,21.27049054119264,20.96135595461564,21.031160354614254,2641500,21.100963592529297,-0.06980323791504262,-0.33080592556330446,0.30913458657699877,1.4574492678453814,21.140851974487305,20.65753803253174,19.650422401428223,17.987646050453186,1.5439782797758828,2025,1,January,Q1,Thursday
2025-01-03,21.120908327534597,21.290434105407265,21.05110393112123,21.260517120361328,2297300,21.031160354614254,0.22935676574707387,1.0905568778888375,0.2393301742860352,1.1331433789427925,21.163645335606166,20.737314796447755,19.718831024169923,18.005796084403993,1.5447525308917232,2025,1,January,Q1,Friday
2025-01-06,21.031160509170395,21.100964909682,20.83171773454244,20.84169006347656,3402900,21.260517120361328,-0.4188270568847692,-1.969975868948437,0.269247175139558,1.2802297572792327,21.12945556640625,20.794488207499185,19.786042976379395,18.02123788356781,1.5927248753733019,2025,1,January,Q1,Monday
2025-01-07,21.001242806990977,21.130881176691386,20.831717024940044,20.851661682128903,2719200,20.84169006347656,0.00997161865234375,0.04784457796835895,0.2991641517513415,1.4245068946669885,21.090991701398575,20.85565045674642,19.850263290405273,18.03762095928192,1.5850089880118026,2025,1,January,Q1,Tuesday
2025-01-08,20.6721639837769,20.76191304088957,20.502638198344883,20.712053298950195,3277300,20.851661682128903,-0.13960838317870738,-0.669531211981822,0.2592748425446878,1.2542220676469162,20.992695672171457,20.91249148050944,19.91308753967285,18.053405041694642,1.5939837618871344,2025,1,January,Q1,Wednesday
2025-01-10,20.39294571735472,20.522582183365,20.193502952078877,20.2932243347168,4818000,20.712053298950195,-0.4188289642333949,-2.022150861569205,0.3290792312861228,1.6136914982619266,20.870181492396764,20.943405024210612,19.964942474365234,18.069729657173156,1.619218977680166,2025,1,January,Q1,Friday
2025-01-13,20.13367128888188,20.293224743505743,20.053894561569944,20.153614044189453,2699000,20.2932243347168,-0.1396102905273473,-0.6879650479618804,0.2393301819357987,1.1887061157492944,20.734845842633927,20.97132682800293,20.012010765075683,18.084603447914123,1.6250238583664172,2025,1,January,Q1,Monday
2025-01-14,20.03395047378742,20.113727203367358,19.79462028504761,19.824535369873047,4312600,20.153614044189453,-0.32907867431640625,-1.6328519222153282,0.319106918319747,1.592830723712076,20.562470844813756,20.975315666198732,20.04990474700928,18.097725520133974,1.617528975980806,2025,1,January,Q1,Tuesday
2025-01-15,20.42286158619639,20.45277857274653,20.233393044127208,20.442806243896484,4733900,19.824535369873047,0.6182708740234375,3.118715583937526,0.21938552861932337,1.0742154212493116,20.445655005318777,20.990273857116698,20.107742919921876,18.114733967781067,1.6942978155218809,2025,1,January,Q1,Wednesday
2025-01-16,20.462749622314668,20.462749622314668,20.24336220538367,20.27327919006348,4476000,20.442806243896484,-0.16952705383300426,-0.8292748647638293,0.21938741693099928,1.07213068126366,20.36445345197405,21.000910758972168,20.15959785461426,18.130467457771303,1.701866136581933,2025,1,January,Q1,Thursday
2025-01-17,20.552499543157893,20.642248598964212,20.482695144647916,20.582414627075195,2992800,20.27327919006348,0.3091354370117152,1.5248418083406712,0.15955345431629553,0.7763214103532836,20.32598958696638,21.006561597188313,20.217436027526855,18.148581385612488,1.6724762144239256,2025,1,January,Q1,Friday
2025-01-21,20.73199824925572,20.92146679292229,20.6821366045851,20.84169006347656,3143800,20.582414627075195,0.25927543640136363,1.2596939722528955,0.23933018833718833,1.1544000026421972,20.34450912475586,21.003569984436034,20.27427703857422,18.16755443096161,1.622072418749027,2025,1,January,Q1,Tuesday
2025-01-22,20.911493040029438,20.9912697640428,20.80180123327801,20.86163330078125,3345600,20.84169006347656,0.019943237304691053,0.0956891559367401,0.18946853076479186,0.9060497516944641,20.42571040562221,21.004234759012856,20.33271354675293,18.1878395986557,1.6201345571991586,2025,1,January,Q1,Wednesday
2025-01-23,21.061076522571263,21.330321783239583,21.061076522571263,21.310379028320312,4099100,20.86163330078125,0.4487457275390625,2.1510574990418307,0.26924526066832044,1.2784021765448168,20.59096254621233,21.018528111775716,20.39454055786133,18.21010015964508,1.6663020322239663,2025,1,January,Q1,Thursday
2025-01-24,20.751940261059733,20.921466042807168,20.65221887732115,20.77188491821289,4874100,21.310379028320312,-0.5384941101074219,-2.5269100535086353,0.2692471654860178,1.2974553805518148,20.72629819597517,21.00955320994059,20.41288921356201,18.230165143013,1.7270203420119767,2025,1,January,Q1,Friday
2025-01-27,20.85166101225782,20.9613547212454,20.781856616366504,20.941410064697266,4190400,20.77188491821289,0.169525146484375,0.8161278918685566,0.1794981048788955,0.8608336034878759,20.797527313232422,20.983958117167155,20.45038429260254,18.250759749412538,1.6269146065187114,2025,1,January,Q1,Monday
2025-01-28,21.489874497186268,21.868815358054118,21.33032105114521,21.74914932250977,4032200,20.941410064697266,0.8077392578125036,3.8571388235894455,0.538494306908909,2.505804801137464,21.008365903581893,20.971991539001465,20.513009071350098,18.275899872779846,1.7474799803248109,2025,1,January,Q1,Tuesday
2025-01-29,22.15800542999058,22.23778215360246,21.91867525915495,22.068256378173828,4984400,21.74914932250977,0.31910705566405895,1.467216261804749,0.3191068944475113,1.4401426854765733,21.220629010881698,20.963681411743163,20.585406494140624,18.302705092430116,1.7601406589635389,2025,1,January,Q1,Wednesday
2025-01-30,22.19789601892141,22.33750481776124,22.048314891303423,22.23778343200684,3413900,22.068256378173828,0.16952705383301137,0.7681941469588782,0.2891899264578157,1.3027807960327016,21.420070920671737,20.98395799001058,20.66139389038086,18.330427508354187,1.6672078363154768,2025,1,January,Q1,Thursday
2025-01-31,22.128091250608545,22.16797866302901,21.8688164127803,21.94859313964844,2375100,22.23778343200684,-0.28919029235839844,-1.3004456727560676,0.2991622502487097,1.351956871745467,21.57535089765276,21.001242955525715,20.73219581604004,18.358383450508118,1.6766569797013384,2025,1,January,Q1,Friday
2025-02-03,21.63945755766401,21.928647465895043,21.609540573215096,21.82892608642578,3141900,21.94859313964844,-0.1196670532226598,-0.5452151418602336,0.3191068926799474,1.4746529196935894,21.649429048810685,21.00656140645345,20.790432853698732,18.38507523059845,1.6691140585695832,2025,2,February,Q1,Monday
2025-02-04,22.27767237549203,22.487085570258422,22.207867977236564,22.457170486450195,4110100,21.82892608642578,0.6282444000244141,2.8780362237567303,0.27921759302185833,1.2533517340394564,21.890184129987443,21.060078366597494,20.86223197937012,18.41628957271576,1.5850201770141532,2025,2,February,Q1,Tuesday
2025-02-05,22.73638826374589,22.89594171877359,22.69650085100258,22.856054306030277,3874100,22.457170486450195,0.3988838195800817,1.7761980291361779,0.19944086777100978,0.8771879924703189,22.16370473589216,21.135201517740885,20.936823310852052,18.449200196266176,1.5838003530171798,2025,2,February,Q1,Wednesday
2025-02-06,22.935830360198764,22.98569010017094,22.84608130662712,22.945802688598636,3000900,22.856054306030277,0.08974838256835938,0.392667874195074,0.13960879354382172,0.6086929984714617,22.334655216762,21.201349767049155,21.015403480529784,18.48313594341278,1.5621579142542081,2025,2,February,Q1,Thursday
2025-02-07,22.92585878345097,22.92585878345097,22.4870858296069,22.507030487060547,4206900,22.945802688598636,-0.4387722015380895,-1.9122111677361664,0.4387729538440688,1.913877940139791,22.397337232317245,21.248218663533528,21.085407638549803,18.514619450569153,1.6122241182588937,2025,2,February,Q1,Friday
2025-02-10,22.50702969949461,22.536946684628216,22.32753159274725,22.35744857788086,3465900,22.507030487060547,-0.1495819091796875,-0.6646008200223652,0.20941509188096674,0.9304430423605345,22.414432253156388,21.290766334533693,21.14524024963379,18.545106616020202,1.619496883986938,2025,2,February,Q1,Monday
2025-02-11,22.19789557485866,22.34747669948432,22.19789557485866,22.297616958618164,4204000,22.35744857788086,-0.05983161926269531,-0.2676138068897993,0.1495811246256622,0.6738527268101838,22.464292798723495,21.329989941914878,21.204873390197754,18.574400229454042,1.6218329462788457,2025,2,February,Q1,Tuesday
2025-02-12,21.779066388209635,21.94859216301453,21.55968087459093,21.9087028503418,4931000,22.297616958618164,-0.38891410827636363,-1.7441958438793925,0.3889112884235999,1.7857114785881816,22.475689479282924,21.346942520141603,21.24895004272461,18.602017588615418,1.6447183671513192,2025,2,February,Q1,Wednesday
2025-02-13,23.1951057595624,23.96295794687936,22.9757202354835,23.125301361083984,6551200,21.9087028503418,1.216598510742184,5.553037617301038,0.9872377113958599,4.2562328520052635,22.571136747087753,21.412758445739748,21.311574859619142,18.635827250480652,1.9045828060245684,2025,2,February,Q1,Thursday
2025-02-14,24.04273391911069,24.182342711684097,23.87320814154564,24.072649002075195,5033400,23.125301361083984,0.9473476409912109,4.09658506152677,0.3091345701384576,1.2857712903137766,22.744935989379883,21.511814626057944,21.393944396972657,18.673717770576477,2.0219903245094986,2025,2,February,Q1,Friday
2025-02-18,24.71086441182894,24.810583889913048,24.34189587602552,24.451589584350582,7072400,24.072649002075195,0.3789405822753871,1.5741540627403294,0.468688013887526,1.8966880562185755,22.96004840305873,21.62582893371582,21.474718399047852,18.713920369148255,2.0262177501698604,2025,2,February,Q1,Tuesday
2025-02-19,24.5612824384146,24.710865465976116,24.451590627437284,24.651031494140625,4016800,24.451589584350582,0.19944190979004262,0.8156603034008336,0.2592748385388326,1.0556241889605844,23.26633426121303,21.738846079508463,21.549110260009765,18.754802184104918,2.0241838821720948,2025,2,February,Q1,Wednesday
2025-02-20,24.76072435130676,24.880390388814345,24.65103064209373,24.850473403930664,2825100,24.651031494140625,0.19944190979003906,0.8090611130712411,0.22935974672061477,0.9263046729426969,23.622480664934432,21.872472190856932,21.62928592681885,18.795498623847962,1.9694371398271258,2025,2,February,Q1,Thursday
2025-02-21,25.179553046188857,25.21944236002715,24.631088295102543,24.710865020751957,5048200,24.850473403930664,-0.13960838317870738,-0.561793656440468,0.5883540649246051,2.336634267674809,23.9672303880964,22.001112302144367,21.705871658325194,18.83503987789154,1.9785259492990819,2025,2,February,Q1,Friday
2025-02-24,24.81058498526222,24.850474299878616,24.501450405093998,24.73080825805664,2721300,24.710865020751957,0.019943237304683947,0.08070635037638052,0.3490238947846187,1.4067539922655712,24.370388303484237,22.13507080078125,21.779665184020995,18.87438271999359,1.9668118634685638,2025,2,February,Q1,Monday
2025-02-25,25.10974902578449,25.19949808124021,24.920278586263844,25.00005531311035,5791800,24.73080825805664,0.26924705505371094,1.0887111017327866,0.2792194949763669,1.1119963592214492,24.63821029663086,22.291965166727703,21.845481033325196,18.91824191570282,1.904190292754834,2025,2,February,Q1,Tuesday
2025-02-26,25.209469404960217,25.56846371044581,25.19949707674852,25.388965606689453,3657400,25.00005531311035,0.38891029357910156,1.5556377324299486,0.368966633697287,1.463603330043468,24.826255525861466,22.4664768854777,21.911097412109374,18.967325091362,1.8912027416827883,2025,2,February,Q1,Wednesday
2025-02-27,25.309188908781454,25.40891028897283,24.920277618264944,24.960166931152344,4035200,25.388965606689453,-0.4287986755371094,-1.6889174698166087,0.4886326707078865,1.9306532203343232,24.898909432547434,22.637664604187012,21.963949546813964,19.01513878822327,1.8937053601530505,2025,2,February,Q1,Thursday
2025-02-28,24.720837945729794,24.99008321252652,24.64105931612814,24.97014045715332,2736300,24.960166931152344,0.009973526000976562,0.03995776962744113,0.34902389639838205,1.411861107477837,24.944496427263534,22.788575744628908,22.030762634277345,19.06508926868439,1.8458568063261578,2025,2,February,Q1,Friday
2025-03-03,24.73080792242669,24.970140002822586,24.421673346453836,24.521394729614254,2579100,24.97014045715332,-0.44874572753906605,-1.797129368611583,0.548466656368749,2.2177466182630527,24.897485188075475,22.930179595947266,22.092589645385743,19.11202088356018,1.881358088665944,2025,3,March,Q1,Monday
2025-03-04,23.943012317613864,24.331923608792525,23.663792833008053,24.10256576538086,4295800,24.521394729614254,-0.4188289642333949,-1.7080144455550839,0.6681307757844728,2.79050424784252,24.810585294451034,23.04751796722412,22.141253509521484,19.15181001663208,1.921851932431003,2025,3,March,Q1,Tuesday
2025-03-05,23.883181507560604,24.30200980550536,23.85326452126911,24.272092819213867,3469500,24.10256576538086,0.1695270538330078,0.7033568769533316,0.4487452842362494,1.878917530707506,24.745054517473495,23.161864725748696,22.209662132263183,19.19021080970764,1.917399619250838,2025,3,March,Q1,Wednesday
2025-03-06,24.631088589761102,24.75075272865316,24.311979781318826,24.33192443847656,6209600,24.272092819213867,0.05983161926269176,0.24650375107055922,0.4387729473343356,1.7813786253715522,24.649607249668666,23.27754109700521,22.284253425598145,19.229000205993653,1.9164279594815437,2025,3,March,Q1,Thursday
2025-03-07,24.08262252807617,24.132484172208628,23.55410241446283,24.08262252807617,3617100,24.33192443847656,-0.24930191040039062,-1.0245877223182709,0.5783817577457988,2.401656036719032,24.46298680986677,23.369949213663737,22.346678771972655,19.26618532180786,1.9115994215925998,2025,3,March,Q1,Friday
2025-03-10,23.13527304546641,23.15521580017116,22.656610794036343,22.7862491607666,4485800,24.08262252807617,-1.2963733673095668,-5.3830240697341765,0.4986050061348166,2.1551723429195633,24.152427128383092,23.437094688415527,22.3803844833374,19.297047576904298,2.123146794119452,2025,3,March,Q1,Monday
2025-03-11,22.816164769167003,23.07543960657003,22.616723903337352,22.885971069335938,4370500,22.7862491607666,0.09972190856933594,0.43764073615519816,0.4587157032326772,2.0104855828029877,23.85468864440918,23.50191338857015,22.416483535766602,19.329988536834716,2.1212865571001918,2025,3,March,Q1,Tuesday
2025-03-12,23.683737248682267,23.853263022964445,23.474324063877457,23.62390518188477,5327500,22.885971069335938,0.7379341125488317,3.224395024852411,0.3789389590869874,1.5999964663856887,23.726475851876394,23.564405250549317,22.466543464660646,19.367354555130007,2.087766010405347,2025,3,March,Q1,Wednesday
2025-03-13,23.4244632340125,23.554101602259397,23.29482676779278,23.34468650817871,2425800,23.62390518188477,-0.27921867370605824,-1.1819327564867144,0.25927483446661626,1.106854965582081,23.618207386561803,23.606952921549478,22.505434684753418,19.403781604766845,2.092582452917089,2025,3,March,Q1,Thursday
2025-03-14,23.803404673005303,24.102566926473173,23.803404673005303,24.03276252746582,8643000,23.34468650817871,0.6880760192871094,2.947463094207947,0.29916225346786973,1.2568044680059585,23.58401734488351,23.666785558064777,22.56307346343994,19.44415585041046,2.1497204847273292,2025,3,March,Q1,Friday
2025-03-17,24.302009170705823,24.561282103683972,24.24217519968578,24.44161796569824,8709300,24.03276252746582,0.4088554382324183,1.7012419515449295,0.3191069039981933,1.3130885671084833,23.599687848772323,23.749886385599773,22.629886550903322,19.4869917678833,2.1434053359010536,2025,3,March,Q1,Monday
2025-03-18,24.371812860667024,24.5812260470762,24.16239777223072,24.451589584350582,10612700,24.44161796569824,0.00997161865234375,0.04079770278031525,0.418828274845481,1.7184945463019539,23.652397428240096,23.837308502197267,22.698295135498046,19.531288695335387,2.137331259811807,2025,3,March,Q1,Tuesday
2025-03-19,24.531366763908096,25.01999944330371,24.461562367141173,24.900333404541016,10887300,24.451589584350582,0.44874382019043324,1.8352337325244328,0.5584370761625372,2.2764205579614942,23.954409463065012,23.918747266133625,22.77109146118164,19.57550392627716,2.1038739227557604,2025,3,March,Q1,Wednesday
2025-03-20,24.601171122267587,24.860445954159346,24.551311382376813,24.820556640625,4338300,24.900333404541016,-0.07977676391601562,-0.3203843202415402,0.3091345717825327,1.2565847790177824,24.23077883039202,23.984230677286785,22.85066879272461,19.61777992725372,2.090198137181387,2025,3,March,Q1,Thursday
2025-03-21,25.20947048413538,25.408911350825747,25.0698597852222,25.159608840942383,24505900,24.820556640625,0.3390522003173828,1.3660136846505688,0.33905156560354754,1.3449372759214309,24.450165067400253,24.058024215698243,22.936827735900877,19.660499053001402,2.099280487384209,2025,3,March,Q1,Friday
2025-03-24,25.169580238091772,25.22941230568187,25.01002678983344,25.19949722290039,13639700,25.159608840942383,0.03988838195800781,0.1585413438268457,0.2193855158484297,0.8716296170740684,24.715138026646205,24.147773106892902,23.026576614379884,19.701002764701844,2.0566679762696207,2025,3,March,Q1,Monday
2025-03-25,25.15960861859664,25.189525604248047,25.03994448004538,25.189525604248047,3278900,25.19949722290039,-0.00997161865234375,-0.03957070478090019,0.14958112420266545,0.5945288198644834,24.88038989475795,24.242175674438478,23.12450263977051,19.740850415229797,2.048685445828312,2025,3,March,Q1,Tuesday
2025-03-26,25.428855895996094,25.55849236367195,25.33910684067158,25.428855895996094,4885700,25.189525604248047,0.23933029174804688,0.9501182972166955,0.21938552300036918,0.8627424053117253,25.0214238848005,24.346550305684406,23.23000747680664,19.781308398246765,2.0466834454203497,2025,3,March,Q1,Wednesday
2025-03-27,25.279274362711423,25.708074975216903,25.279274362711423,25.568464279174805,5711400,25.428855895996094,0.13960838317871094,0.5490155898075333,0.42880061250547996,1.6962536438070739,25.180977412632533,24.468542353312174,23.344886054992674,19.824233326911926,2.0039307266191164,2025,3,March,Q1,Thursday
2025-03-28,25.189526243368565,25.27927530057276,24.900334414149,25.020000457763672,5571300,25.568464279174805,-0.5484638214111328,-2.1450792484938197,0.37894088642375934,1.5043589258591947,25.198072705950057,24.531698989868165,23.43642993927002,19.864227108955383,1.824097812710055,2025,3,March,Q1,Friday
2025-03-31,25.049999237060547,25.440000534057617,24.96999931335449,25.38999938964844,6441100,25.020000457763672,0.3699989318847692,1.4788126503409327,0.47000122070312855,1.876252435200793,25.279421670096262,24.57561066945394,23.538764343261718,19.906706910133362,1.6930882357990629,2025,3,March,Q1,Monday
2025-04-01,25.21999931335449,25.290000915527344,24.709999084472656,25.170000076293945,10219100,25.38999938964844,-0.21999931335449574,-0.866480183706464,0.5800018310546875,2.299769416518442,25.280906132289342,24.59955768585205,23.630516052246094,19.949120230674744,1.682979229919188,2025,4,April,Q2,Tuesday
2025-04-02,24.520000457763672,24.920000076293945,24.450000762939453,24.84000015258789,4696000,25.170000076293945,-0.3299999237060547,-1.3110843174643505,0.4699993133544922,1.9167997739807472,25.229549407958984,24.605856641133627,23.71048225402832,19.989744429588317,1.6969811394482017,2025,4,April,Q2,Wednesday
2025-04-03,23.51000022888184,24.020000457763672,23.36000061035156,23.3799991607666,6473500,24.84000015258789,-1.460000991821289,-5.877620703916064,0.6599998474121129,2.807315359364857,24.971045630318777,24.556840833028158,23.76084957122803,20.024936890602113,2.0038101725646693,2025,4,April,Q2,Thursday
2025-04-04,22.270000457763672,22.5,21.76000022888184,21.81999969482422,7990900,23.3799991607666,-1.5599994659423828,-6.672367501878185,0.7399997711181605,3.3228547638407657,24.455494744437082,24.460478655497234,23.771041984558106,20.053422503471374,2.3279523093036576,2025,4,April,Q2,Friday
2025-04-07,20.420000076293945,22.190000534057617,20.420000076293945,21.239999771118164,10610300,21.81999969482422,-0.5799999237060547,-2.658111511539718,1.7700004577636719,8.667974785262155,23.83714267185756,24.344118372599283,23.78040428161621,20.080488834381104,2.3624233907152887,2025,4,April,Q2,Monday
2025-04-08,22.299999237060547,22.489999771118164,21.1299991607666,21.31999969482422,5512500,21.239999771118164,0.07999992370605469,0.37664747913432883,1.3600006103515625,6.098657654173219,23.308571134294784,24.221449851989746,23.78797607421875,20.10676263809204,2.3496786708182156,2025,4,April,Q2,Tuesday
2025-04-09,21.309999465942383,23.13999938964844,21.09000015258789,22.96999931335449,7765100,21.31999969482422,1.6499996185302699,7.73921032902658,2.0499992370605504,9.61989342297665,22.96285683768136,24.140817642211914,23.812393074035644,20.14158456802368,2.770030715153374,2025,4,April,Q2,Wednesday
2025-04-10,23.520000457763672,23.57999992370605,22.21999931335449,22.920000076293945,8913700,22.96999931335449,-0.04999923706054332,-0.21767191360547722,1.3600006103515625,5.782315407662513,22.64142826625279,24.0728120803833,23.829427947998045,20.175570182800293,2.7575147199277,2025,4,April,Q2,Thursday
2025-04-11,22.530000686645508,23.020000457763672,22.290000915527344,22.940000534057617,4791100,22.920000076293945,0.020000457763671875,0.08726203183724301,0.7299995422363281,3.2401221481942963,22.369999749319895,24.005140749613442,23.843472290039063,20.208701791763307,2.757697948491172,2025,4,April,Q2,Friday
2025-04-14,23.280000686645508,23.57999992370605,23.190000534057617,23.440000534057617,4536000,22.940000534057617,0.5,2.1795989030500618,0.38999938964843395,1.6752550607619001,22.378571374075754,23.969094276428223,23.873300437927245,20.243558254241943,2.776051117398228,2025,4,April,Q2,Monday
2025-04-15,23.559999465942383,23.780000686645508,23.559999465942383,23.68000030517578,2635900,23.440000534057617,0.23999977111816406,1.0238897851962525,0.220001220703125,0.9337912805182872,22.64428574698312,23.955008761088052,23.910321922302245,20.278203563690184,2.766710521086784,2025,4,April,Q2,Tuesday
2025-04-16,23.549999237060547,23.61000061035156,23.149999618530277,23.36000061035156,3447200,23.68000030517578,-0.3199996948242223,-1.3513500451867833,0.46000099182128196,1.953295145323742,22.94714300973075,23.92460568745931,23.928378524780275,20.310583057403566,2.773565488147222,2025,4,April,Q2,Wednesday
2025-04-17,24.0,24.26000022888184,23.920000076293945,24.01000022888184,4549500,23.36000061035156,0.6499996185302805,2.7825325408692203,0.3400001525878942,1.416667302449559,23.33142880031041,23.913874880472818,23.951457443237306,20.34585478782654,2.8223998716258656,2025,4,April,Q2,Thursday
2025-04-21,23.90999984741211,23.989999771118164,23.520000457763672,23.75,3403500,24.01000022888184,-0.2600002288818395,-1.082883075399066,0.4699993133544922,1.965701866808512,23.442857469831193,23.90278746287028,23.96754138946533,20.378484935760497,2.8231455220209285,2025,4,April,Q2,Monday
2025-04-22,24.09000015258789,24.36000061035156,24.06999969482422,24.32999992370605,4681100,23.75,0.5799999237060511,2.442104941920209,0.2900009155273402,1.2038228048586648,23.644286019461497,23.954245821634927,24.004000778198243,20.41501878738403,2.666521357311241,2025,4,April,Q2,Tuesday
2025-04-23,25.01000022888184,25.229999542236328,24.790000915527344,24.88999938964844,3101500,24.32999992370605,0.5599994659423899,2.3016829745106326,0.4399986267089844,1.7592907744193815,23.9228572845459,24.021046765645345,24.054651794433592,20.45318992614746,2.6925580241969183,2025,4,April,Q2,Wednesday
2025-04-24,24.81999969482422,25.1200008392334,24.770000457763672,25.1200008392334,3193800,24.88999938964844,0.23000144958495738,0.9240717365409656,0.35000038146972656,1.4101546566203749,24.16285732814244,24.070916620890298,24.111099472045897,20.49272970199585,2.63908118977037,2025,4,April,Q2,Thursday
2025-04-25,24.81999969482422,24.96999931335449,24.700000762939453,24.96999931335449,2602100,25.1200008392334,-0.1500015258789098,-0.5971398123706728,0.2699985504150355,1.0878265662160305,24.347142900739396,24.125093714396158,24.172325401306153,20.527703409194945,2.630371798695527,2025,4,April,Q2,Friday
2025-04-28,24.739999771118164,25.450000762939453,24.690000534057617,25.280000686645508,8671000,24.96999931335449,0.3100013732910192,1.2414953216487445,0.7600002288818359,3.071949215493006,24.621428625924246,24.166668319702147,24.215419387817384,20.561951389312743,2.5883317080565704,2025,4,April,Q2,Monday
2025-04-29,25.530000686645508,25.899999618530277,25.34000015258789,25.75,7306000,25.280000686645508,0.4699993133544922,1.859174448530676,0.5599994659423864,2.193495694793759,24.87000002179827,24.210281054178875,24.248966407775878,20.595667448043823,2.5916461635672,2025,4,April,Q2,Tuesday
2025-04-30,25.700000762939453,26.07999992370605,25.280000686645508,26.0,6370800,25.75,0.25,0.9708737864077666,0.7999992370605433,3.11283740588124,25.191428593226842,24.261894734700522,24.279934616088866,20.630196237564085,2.5951556332076,2025,4,April,Q2,Wednesday
2025-05-01,25.559999465942383,25.559999465942383,25.239999771118164,25.280000686645508,7461400,26.0,-0.7199993133544922,-2.769228128286505,0.31999969482421875,1.2519550137338806,25.32714298793248,24.27455031077067,24.292513999938965,20.661562299728395,2.6332854808306907,2025,5,May,Q2,Thursday
2025-05-02,25.030000686645508,25.43000030517578,24.959999084472656,25.32999992370605,6866500,25.280000686645508,0.04999923706054332,0.19778178679779046,0.470001220703125,1.87775152940323,25.390000207083567,24.29153175354004,24.30210453033447,20.69268147468567,2.6322402833601837,2025,5,May,Q2,Friday
2025-05-05,25.200000762939453,25.36000061035156,25.13999938964844,25.239999771118164,5593300,25.32999992370605,-0.09000015258788707,-0.35531051266863845,0.2200012207031179,0.8730206906448358,25.407142911638534,24.294211451212565,24.312687225341797,20.723519592285157,2.6224649364592856,2025,5,May,Q2,Monday
2025-05-06,25.270000457763672,25.32999992370605,25.100000381469727,25.229999542236328,5322900,25.239999771118164,-0.010000228881835938,-0.03962055852820834,0.22999954223632457,0.9101683342695076,25.444285801478795,24.29522819519043,24.32267105102539,20.757050504684447,2.6224159522343853,2025,5,May,Q2,Tuesday
2025-05-07,24.989999771118164,25.290000915527344,24.82999992370605,25.020000457763672,4843700,25.229999542236328,-0.20999908447265625,-0.8323388358414618,0.4600009918212926,1.840740280249751,25.407142911638534,24.289577356974284,24.323069953918456,20.789899110794067,2.6272077961041287,2025,5,May,Q2,Wednesday
2025-05-08,24.440000534057617,24.729999542236328,24.350000381469727,24.450000762939453,5040900,25.020000457763672,-0.5699996948242188,-2.278176196624926,0.37999916076660156,1.5548246827452614,25.221428734915598,24.25694885253906,24.304290657043456,20.81991759300232,2.6533970303587004,2025,5,May,Q2,Thursday
2025-05-09,24.68000030517578,24.809999465942383,24.649999618530277,24.700000762939453,3015900,24.450000762939453,0.25,1.02249485561956,0.15999984741210582,0.6482975908981304,25.035714558192662,24.22800006866455,24.2990873336792,20.852318964004517,2.6587728056720565,2025,5,May,Q2,Friday
2025-05-12,24.799999237060547,24.899999618530277,24.59000015258789,24.739999771118164,7759700,24.700000762939453,0.03999900817871094,0.16193929936523244,0.30999946594238637,1.249997884996425,24.958571570260183,24.218666712443035,24.294484519958495,20.887384881973265,2.630220979519231,2025,5,May,Q2,Monday
2025-05-13,24.790000915527344,24.899999618530277,24.5,24.540000915527344,12707900,24.739999771118164,-0.1999988555908203,-0.8084028190828874,0.399999618530277,1.6135522539643603,24.845714569091797,24.19033342997233,24.29485664367676,20.92459111213684,2.6188823003594695,2025,5,May,Q2,Tuesday
2025-05-14,25.25,25.6200008392334,24.799999237060547,24.8799991607666,13840500,24.540000915527344,0.3399982452392578,1.3854858702312844,0.8200016021728516,3.2475310977142637,24.794285910470144,24.180666732788087,24.31040531158447,20.962215366363527,2.627827856875319,2025,5,May,Q2,Wednesday
2025-05-15,25.100000381469727,25.149999618530277,24.84000015258789,24.8700008392334,13791400,24.8799991607666,-0.009998321533203125,-0.04018618115135819,0.30999946594238637,1.235057614466197,24.74285752432687,24.181666755676268,24.322363471984865,21.000703897476196,2.61626786854342,2025,5,May,Q2,Thursday
2025-05-16,24.63999938964844,24.76000022888184,24.479999542236328,24.68000030517578,4069600,24.8700008392334,-0.1900005340576172,-0.7639747794374152,0.28000068664551137,1.1363664512229776,24.69428607395717,24.225000127156576,24.32932498931885,21.036274757385254,2.3728787667748628,2025,5,May,Q2,Friday
2025-05-19,24.649999618530277,25.059999465942383,24.59000015258789,25.040000915527344,7554300,24.68000030517578,0.3600006103515625,1.4586734436792703,0.4699993133544922,1.9066909558942837,24.778571810041154,24.332333501180013,24.348472557067872,21.073436937332154,1.994066100387673,2025,5,May,Q2,Monday
2025-05-20,25.520000457763672,25.950000762939453,25.21999931335449,25.799999237060547,7332800,25.040000915527344,0.7599983215332031,3.0351369558534014,0.7300014495849645,2.8605071962797872,24.93571444920131,24.48433348337809,24.40874755859375,21.118036289215087,1.9557890770711244,2025,5,May,Q2,Tuesday
2025-05-21,25.450000762939453,25.489999771118164,24.8799991607666,24.88999938964844,5083400,25.799999237060547,-0.9099998474121058,-3.5271312958216394,0.6100006103515625,2.3968589079174074,24.957142966134207,24.603333473205566,24.448828125,21.161384954452515,2.100394531577982,2025,5,May,Q2,Wednesday
2025-05-22,25.34000015258789,25.440000534057617,25.18000030517578,25.32999992370605,5037000,24.88999938964844,0.4400005340576101,1.7677804132072428,0.26000022888183594,1.026046674491764,25.069999967302596,24.682000160217285,24.482950019836426,21.206168422698976,1.623197863874128,2025,5,May,Q2,Thursday
2025-05-23,25.36000061035156,25.670000076293945,25.290000915527344,25.530000686645508,6527500,25.32999992370605,0.20000076293945668,0.7895805903744835,0.37999916076660156,1.4984193675905977,25.16285732814244,24.769000180562337,24.526656303405762,21.251286067962646,1.6216967846414656,2025,5,May,Q2,Friday
2025-05-27,26.020000457763672,26.600000381469727,25.959999084472656,26.559999465942383,6992500,25.530000686645508,1.029998779296875,4.034464361905243,0.6400012969970703,2.4596513671701765,25.40428570338658,24.889666811625162,24.577201042175293,21.300053119659424,1.7525699574481024,2025,5,May,Q2,Tuesday
2025-05-28,26.34000015258789,26.420000076293945,26.209999084472656,26.299999237060547,6134800,26.559999465942383,-0.26000022888183594,-0.9789165440881598,0.21000099182128906,0.7972702756444615,25.63571412222726,24.98500010172526,24.614368667602537,21.347649364471437,1.7433138567669006,2025,5,May,Q2,Wednesday
2025-05-29,26.950000762939453,26.950000762939453,26.5,26.6200008392334,10688600,26.299999237060547,0.32000160217285156,1.2167361652312136,0.4500007629394531,1.6697615962901042,25.86142839704241,25.08300011952718,24.657736892700196,21.396875429153443,1.7460503263064568,2025,5,May,Q2,Thursday
2025-05-30,26.459999084472656,26.51000022888184,26.06999969482422,26.3799991607666,6792800,26.6200008392334,-0.24000167846679688,-0.9015840379429041,0.44000053405762074,1.6628894530681344,25.944285529000418,25.18366673787435,24.687330207824708,21.444583473205565,1.7323214805990865,2025,5,May,Q2,Friday
2025-06-02,26.479999542236328,26.940000534057617,26.459999084472656,26.8799991607666,6198500,26.3799991607666,0.5,1.895375344604333,0.48000144958496094,1.8126943273520282,26.22857121058873,25.279333368937174,24.72851905822754,21.490478582382202,1.6978398392351652,2025,6,June,Q2,Monday
2025-06-03,26.690000534057617,26.8799991607666,26.690000534057617,26.770000457763672,5805100,26.8799991607666,-0.10999870300292969,-0.4092213781147769,0.18999862670898438,0.7118719479474636,26.43428557259696,25.38000005086263,24.760726890563966,21.53589324951172,1.6820558120134461,2025,6,June,Q2,Tuesday
2025-06-04,26.75,26.780000686645508,26.600000381469727,26.670000076293945,3289800,26.770000457763672,-0.10000038146972656,-0.3735539027259316,0.18000030517578125,0.6728983371057243,26.59714262826102,25.458000055948894,24.790136947631837,21.581334619522096,1.643059944121086,2025,6,June,Q2,Wednesday
2025-06-05,26.479999542236328,26.549999237060547,26.26000022888184,26.32999992370605,4173500,26.670000076293945,-0.3400001525878942,-1.2748412134055753,0.2899990081787074,1.0951624365255406,26.56428555079869,25.506000073750815,24.812946434020997,21.623307085037233,1.6239259595085895,2025,6,June,Q2,Thursday
2025-06-06,26.670000076293945,26.739999771118164,26.59000015258789,26.65999984741211,2952300,26.32999992370605,0.32999992370605824,1.2533229193401718,0.14999961853027344,0.562428264346362,26.61571420942034,25.557333374023436,24.837569313049315,21.66572708129883,1.6300864670952973,2025,6,June,Q2,Friday
2025-06-09,26.5,26.690000534057617,26.46999931335449,26.59000015258789,3611200,26.65999984741211,-0.06999969482421875,-0.2625644982177766,0.22000122070312855,0.8301932856721832,26.61142839704241,25.611333401997886,24.858000030517577,21.708452968597413,1.6255023458271813,2025,6,June,Q2,Monday
2025-06-10,26.34000015258789,26.3700008392334,26.049999237060547,26.200000762939453,3360200,26.59000015258789,-0.3899993896484375,-1.466714506996647,0.32000160217285156,1.2148883838993128,26.58571434020996,25.642000071207683,24.881600036621094,21.74724132537842,1.642077535750333,2025,6,June,Q2,Tuesday
2025-06-11,26.11000061035156,26.18000030517578,25.899999618530277,25.90999984741211,4030900,26.200000762939453,-0.29000091552734375,-1.1068736911548416,0.28000068664550426,1.072388663730997,26.44714300973075,25.64733339945475,24.892000045776367,21.78607033729553,1.6237033422554437,2025,6,June,Q2,Wednesday
2025-06-12,26.1299991607666,26.399999618530277,26.100000381469727,26.399999618530277,3234300,25.90999984741211,0.4899997711181676,1.8911608413888503,0.2999992370605504,1.1481027428083126,26.39428574698312,25.660666720072427,24.916600036621094,21.826256189346314,1.6504984827789295,2025,6,June,Q2,Thursday
2025-06-13,25.93000030517578,26.15999984741211,25.84000015258789,25.93000030517578,5147300,26.399999618530277,-0.46999931335449574,-1.7803004550977386,0.31999969482421875,1.234090594130633,26.288571493966238,25.682333374023436,24.938400039672853,21.863674669265748,1.6010964991577912,2025,6,June,Q2,Friday
2025-06-16,26.059999465942383,26.31999969482422,26.049999237060547,26.09000015258789,3965200,25.93000030517578,0.15999984741210938,0.6170452970653217,0.2700004577636719,1.0360723841016706,26.25428581237793,25.707666714986164,24.99260005950928,21.89865345954895,1.603833925376394,2025,6,June,Q2,Monday
2025-06-17,25.770000457763672,25.940000534057617,25.63999938964844,25.65999984741211,4488000,26.09000015258789,-0.43000030517578125,-1.6481422102756493,0.30000114440917613,1.1641487740788745,26.111428669520787,25.721666717529295,25.069400062561034,21.930806493759157,1.6338825368500354,2025,6,June,Q2,Tuesday
2025-06-18,25.96999931335449,26.09000015258789,25.850000381469727,25.8799991607666,2880500,25.65999984741211,0.2199993133544922,0.8573628786544107,0.23999977111816406,0.9241423853051455,26.00999995640346,25.743333371480308,25.162200050354002,21.96399990081787,1.640042940714773,2025,6,June,Q2,Wednesday
2025-06-20,25.0,25.0,24.690000534057617,24.75,8333700,25.8799991607666,-1.1299991607666016,-4.366302926623156,0.3099994659423828,1.2399978637695312,25.80285699026925,25.734333356221516,25.230800056457518,21.990797996520996,1.8255765166402043,2025,6,June,Q2,Friday
2025-06-23,24.0,24.450000762939453,23.899999618530277,24.420000076293945,8944600,24.75,-0.3299999237060547,-1.3333330250749675,0.5500011444091761,2.291671435038234,25.589999880109513,25.733333333333334,25.25980007171631,22.0180131149292,1.793137356769732,2025,6,June,Q2,Monday
2025-06-24,24.739999771118164,25.030000686645508,24.670000076293945,24.989999771118164,6395700,24.420000076293945,0.5699996948242188,2.334151077163815,0.3600006103515625,1.4551358677530486,25.388571330479213,25.74299996693929,25.301200065612793,22.049091873168944,1.8341605007221133,2025,6,June,Q2,Tuesday
2025-06-25,25.01000022888184,25.040000915527344,24.86000061035156,24.920000076293945,3554900,24.989999771118164,-0.06999969482421875,-0.28011082619184835,0.1800003051757848,0.7197133287824539,25.244285583496094,25.748999977111815,25.34080005645752,22.079920015335084,1.835048895901966,2025,6,June,Q2,Wednesday
2025-06-26,25.350000381469727,25.61000061035156,25.32999992370605,25.540000915527344,5198000,24.920000076293945,0.6200008392333984,2.4879648368187457,0.2800006866455078,1.104539181191421,25.165714263916016,25.78233331044515,25.382800064086915,22.11813129425049,1.8805920641800353,2025,6,June,Q2,Thursday
2025-06-27,26.34000015258789,26.440000534057617,26.149999618530277,26.299999237060547,6148000,25.540000915527344,0.7599983215332031,2.9757176753707704,0.2900009155273402,1.100990561303576,25.257142748151505,25.829666646321616,25.43520004272461,22.159148807525636,1.9381382576258495,2025,6,June,Q2,Friday
2025-06-30,25.799999237060547,26.049999237060547,25.71999931335449,26.030000686645508,4394800,26.299999237060547,-0.26999855041503906,-1.0266104876329063,0.32999992370605824,1.2790695095526519,25.27857153756278,25.868333307902017,25.48860004425049,22.196898345947265,1.9507389432674014,2025,6,June,Q2,Monday
2025-07-01,25.399999618530277,25.600000381469727,25.280000686645508,25.46999931335449,8264300,26.030000686645508,-0.5600013732910192,-2.15136903003742,0.31999969482421875,1.259841337126504,25.381428582327707,25.894666608174642,25.51780002593994,22.231062812805177,1.9897122984178939,2025,7,July,Q3,Tuesday
2025-07-02,25.479999542236328,25.729999542236328,25.46999931335449,25.709999084472656,4646100,25.46999931335449,0.23999977111816762,0.9422841679949778,0.2600002288818395,1.0204090798779497,25.565714154924667,25.91699988047282,25.557000007629394,22.266576328277587,1.9799798039761614,2025,7,July,Q3,Wednesday
2025-07-03,25.440000534057617,25.649999618530277,25.36000061035156,25.57999992370605,2282800,25.709999084472656,-0.12999916076660512,-0.5056365826365039,0.28999900817871804,1.1399331843192533,25.64999989100865,25.90966657002767,25.582000007629393,22.301618728637695,1.903470848730227,2025,7,July,Q3,Thursday
2025-07-07,25.40999984741211,25.540000915527344,25.149999618530277,25.299999237060547,4072200,25.57999992370605,-0.28000068664550426,-1.0946078478523247,0.39000129699706676,1.534833921050915,25.70428548540388,25.923333231608073,25.590200004577635,22.3355890750885,1.7973799583469119,2025,7,July,Q3,Monday
2025-07-08,25.280000686645508,25.309999465942383,25.1299991607666,25.25,3702700,25.299999237060547,-0.049999237060546875,-0.19762544888659583,0.18000030517578125,0.7120265042985888,25.662856783185685,25.92066656748454,25.59279998779297,22.371853466033937,1.768960026337776,2025,7,July,Q3,Tuesday
2025-07-09,25.1299991607666,25.190000534057617,25.01000022888184,25.170000076293945,3866900,25.25,-0.07999992370605469,-0.31683138101408215,0.1800003051757777,0.716276606394788,25.5014283316476,25.908666547139486,25.596800003051758,22.4077774810791,1.7635544250229778,2025,7,July,Q3,Wednesday
2025-07-10,24.75,24.770000457763672,24.559999465942383,24.649999618530277,6565300,25.170000076293945,-0.5200004577636683,-2.0659533420241183,0.21000099182128906,0.8484888558435922,25.304285321916854,25.844999885559083,25.58419998168945,22.43837857246399,1.6247020622613653,2025,7,July,Q3,Thursday
2025-07-11,24.489999771118164,24.489999771118164,24.31999969482422,24.43000030517578,4546700,24.649999618530277,-0.21999931335449574,-0.8924921572376565,0.1700000762939453,0.6941612000112463,25.15571403503418,25.78266658782959,25.55779998779297,22.46801878929138,1.6234148465301352,2025,7,July,Q3,Friday
2025-07-14,24.350000381469727,24.440000534057617,24.270000457763672,24.399999618530277,3246400,24.43000030517578,-0.03000068664550426,-0.12280264539803465,0.1700000762939453,0.6981522531035147,24.968571254185267,25.708666547139487,25.525799980163573,22.4963959980011,1.6004306502815948,2025,7,July,Q3,Monday
2025-07-15,24.209999084472656,24.239999771118164,24.040000915527344,24.07999992370605,5238600,24.399999618530277,-0.31999969482422586,-1.3114741796192764,0.1999988555908203,0.8261002195538775,24.754285539899552,25.631999905904134,25.501799964904784,22.52183162689209,1.6076760202659857,2025,7,July,Q3,Tuesday
2025-07-16,23.82999992370605,23.979999542236328,23.780000686645508,23.979999542236328,7649000,24.07999992370605,-0.10000038146972301,-0.4152839775189321,0.1999988555908203,0.8392734210286831,24.565714154924667,25.535333251953126,25.47479995727539,22.546320056915285,1.5537587646734032,2025,7,July,Q3,Wednesday
2025-07-17,24.299999237060547,24.440000534057617,24.229999542236328,24.40999984741211,5557700,23.979999542236328,0.43000030517578125,1.7931622743295517,0.21000099182128906,0.8642016395663553,24.445714133126394,25.456666564941408,25.45819995880127,22.57033493041992,1.6029993070619821,2025,7,July,Q3,Thursday
2025-07-18,24.100000381469727,24.13999938964844,23.88999938964844,23.920000076293945,3080700,24.40999984741211,-0.48999977111816406,-2.007373101930243,0.25,1.0373443819205197,24.267142704554967,25.36499989827474,25.431999969482423,22.594374284744262,1.6332390228127776,2025,7,July,Q3,Friday
2025-07-21,24.0,24.239999771118164,23.989999771118164,24.06999969482422,2751900,23.920000076293945,0.14999961853027344,0.6270887042301165,0.25,1.0416666666666665,24.18428557259696,25.28966655731201,25.412999954223633,22.618423719406128,1.6329817640179747,2025,7,July,Q3,Monday
2025-07-22,24.11000061035156,24.15999984741211,24.040000915527344,24.09000015258789,2899500,24.06999969482422,0.020000457763671875,0.0830928874833825,0.11999893188476562,0.49771434610932536,24.13571412222726,25.20399990081787,25.4057999420166,22.642343788146974,1.6087460894438725,2025,7,July,Q3,Tuesday
2025-07-23,25.149999618530277,25.600000381469727,25.13999938964844,25.26000022888184,5848200,24.09000015258789,1.1700000762939489,4.856787334508428,0.4600009918212855,1.829029816296145,24.25857135227748,25.15966657002767,25.41699993133545,22.673958702087404,1.866446216844739,2025,7,July,Q3,Wednesday
2025-07-24,25.690000534057617,25.690000534057617,25.350000381469727,25.3799991607666,5830300,25.26000022888184,0.11999893188476207,0.4750551496335964,0.3400001525878906,1.3234727346040625,24.444285529000418,25.132333183288573,25.429799919128417,22.707120962142945,1.8529785155773981,2025,7,July,Q3,Thursday
2025-07-25,25.01000022888184,25.040000915527344,24.790000915527344,24.8799991607666,3727000,25.3799991607666,-0.5,-1.9700552266877946,0.25,0.999600150788072,24.572856903076172,25.097999827067056,25.436599884033203,22.73693558692932,1.8758824396099123,2025,7,July,Q3,Friday
2025-07-28,24.43000030517578,24.489999771118164,24.290000915527344,24.36000061035156,2298300,24.8799991607666,-0.5199985504150426,-2.0900263985339285,0.1999988555908203,0.8186608804439851,24.565714154924667,25.029999860127766,25.426199913024902,22.763342475891115,1.8696441084629323,2025,7,July,Q3,Monday
2025-07-29,24.34000015258789,24.420000076293945,24.11000061035156,24.149999618530277,3297000,24.36000061035156,-0.21000099182128196,-0.8620730154335177,0.30999946594238637,1.2736214626088507,24.598571232387,24.97066650390625,25.41179988861084,22.789217910766602,1.851167779926552,2025,7,July,Q3,Tuesday
2025-07-30,24.3700008392334,24.399999618530277,24.11000061035156,24.200000762939453,2794200,24.149999618530277,0.050001144409176135,0.20704407949891923,0.28999900817871804,1.1899835789576465,24.617142813546316,24.9076665242513,25.402199897766113,22.815233659744262,1.8462798702040013,2025,7,July,Q3,Wednesday
2025-07-31,24.57999992370605,24.57999992370605,24.21999931335449,24.31999969482422,3787300,24.200000762939453,0.11999893188476562,0.49586333926292525,0.3600006103515625,1.4646078578884039,24.64999989100865,24.862999852498373,25.38779987335205,22.842796745300294,1.831083894762904,2025,7,July,Q3,Thursday
2025-08-01,24.31999969482422,24.420000076293945,24.18000030517578,24.3700008392334,4951300,24.31999969482422,0.05000114440917969,0.20559681347291914,0.23999977111816406,0.9868411765204126,24.522857121058873,24.812666575113933,25.359199905395506,22.87001152038574,1.8224123865530766,2025,8,August,Q3,Friday
2025-08-04,24.520000457763672,24.770000457763672,24.520000457763672,24.76000022888184,2362200,24.3700008392334,0.38999938964844105,1.6003257128353487,0.25,1.0195758374092667,24.434285845075333,24.81299991607666,25.356599922180177,22.898627824783325,1.6694242225471323,2025,8,August,Q3,Monday
2025-08-05,24.59000015258789,24.670000076293945,24.3799991607666,24.530000686645508,3702600,24.76000022888184,-0.22999954223633168,-0.9289157516567559,0.29000091552734375,1.179344911459155,24.384286063058035,24.81666660308838,25.340599937438967,22.928238134384156,1.6597685736764594,2025,8,August,Q3,Tuesday
2025-08-06,25.030000686645508,25.049999237060547,24.82999992370605,24.920000076293945,5571800,24.530000686645508,0.3899993896484375,1.5898873980087602,0.21999931335449574,0.8789424982791714,24.46428598676409,24.81433327992757,25.328399925231935,22.95969871520996,1.629396522101606,2025,8,August,Q3,Wednesday
2025-08-07,26.09000015258789,26.709999084472656,25.850000381469727,26.030000686645508,6712800,24.920000076293945,1.1100006103515625,4.454256047163874,0.8599987030029297,3.2962771099011494,24.73285756792341,24.851333300272625,25.317799949645995,22.99755693435669,1.819208720227123,2025,8,August,Q3,Thursday
2025-08-08,26.899999618530277,27.290000915527344,26.899999618530277,27.149999618530277,4946700,26.030000686645508,1.1199989318847692,4.302723405072273,0.39000129699706676,1.4498189685044132,25.154285975864955,24.904999923706054,25.33479995727539,23.042461099624635,1.9262686403705493,2025,8,August,Q3,Friday
2025-08-11,27.149999618530277,27.36000061035156,27.13999938964844,27.280000686645508,3651400,27.149999618530277,0.13000106811523082,0.4788253036530632,0.2200012207031179,0.8103175830358531,25.577143260410853,24.93766663869222,25.34799995422363,23.088613595962524,1.8558230108481983,2025,8,August,Q3,Monday
2025-08-12,27.149999618530277,27.270000457763672,27.020000457763672,27.190000534057617,4992100,27.280000686645508,-0.09000015258789062,-0.32991257449619393,0.25,0.9208103260133061,25.980000359671457,24.976333300272625,25.364199981689453,23.13536316871643,1.845069291036399,2025,8,August,Q3,Tuesday
2025-08-13,27.76000022888184,28.040000915527344,27.709999084472656,27.979999542236328,3798100,27.190000534057617,0.7899990081787109,2.9054762510547727,0.3300018310546875,1.1887673931333387,26.44000026157924,25.059999974568687,25.386199989318847,23.187857704162596,1.8574199360835981,2025,8,August,Q3,Wednesday
2025-08-14,27.700000762939453,27.799999237060547,27.559999465942383,27.739999771118164,2317000,27.979999542236328,-0.23999977111816406,-0.857754735684968,0.23999977111816406,0.8664251426276708,26.89857155936105,25.127666664123534,25.405599975585936,23.238354473114015,1.866020005216908,2025,8,August,Q3,Thursday
2025-08-15,28.989999771118164,29.15999984741211,28.670000076293945,28.739999771118164,5183700,27.739999771118164,1.0,3.6049026973719034,0.48999977111816406,1.6902372369327703,27.444285801478795,25.232999992370605,25.446999969482423,23.294200267791748,1.9558390972192554,2025,8,August,Q3,Friday
2025-08-18,28.290000915527344,28.40999984741211,28.21999931335449,28.350000381469727,3244300,28.739999771118164,-0.3899993896484375,-1.356991624058268,0.19000053405762074,0.6716172778677304,27.775714329310826,25.334666697184243,25.487399978637697,23.34744788169861,1.963358812098897,2025,8,August,Q3,Monday
2025-08-19,28.290000915527344,28.43000030517578,28.21999931335449,28.239999771118164,2849700,28.350000381469727,-0.1100006103515625,-0.3880092023683446,0.21000099182129262,0.7423152528285384,27.93142863682338,25.43433335622152,25.518999977111818,23.399646883010863,1.9656583860855597,2025,8,August,Q3,Tuesday
2025-08-20,28.059999465942383,28.149999618530277,27.88999938964844,28.1200008392334,2823700,28.239999771118164,-0.11999893188476562,-0.4249253996364777,0.26000022888183594,0.9265867207068528,28.051428658621653,25.532666714986167,25.549599990844726,23.450597705841066,1.9671013100642627,2025,8,August,Q3,Wednesday
2025-08-21,27.690000534057617,27.809999465942383,27.549999237060547,27.6299991607666,2930200,28.1200008392334,-0.4900016784667969,-1.7425379226274407,0.26000022888183594,0.9389679446269632,28.114285605294363,25.63200003306071,25.57819995880127,23.500993213653565,1.9540286561408726,2025,8,August,Q3,Thursday
2025-08-22,28.31999969482422,28.690000534057617,28.280000686645508,28.61000061035156,4489700,27.6299991607666,0.9800014495849574,3.546874699064473,0.4099998474121094,1.4477395897961158,28.204285757882253,25.77133337656657,25.632199974060057,23.555640554428102,2.019815991955016,2025,8,August,Q3,Friday
2025-08-25,28.25,28.350000381469727,28.1200008392334,28.1200008392334,3237500,28.61000061035156,-0.4899997711181605,-1.7126870348295964,0.22999954223632812,0.8141576716330199,28.25857162475586,25.895333417256673,25.666599998474123,23.607788028717042,2.05849183400545,2025,8,August,Q3,Monday
2025-08-26,27.790000915527344,27.940000534057617,27.71999931335449,27.8799991607666,2821200,28.1200008392334,-0.24000167846679688,-0.8534910074822766,0.22000122070312855,0.79165603978158,28.135714394705637,26.022000058492026,25.705599975585937,23.657189826965332,2.0463002834740394,2025,8,August,Q3,Tuesday
2025-08-27,27.600000381469727,27.86000061035156,27.540000915527344,27.84000015258789,3643100,27.8799991607666,-0.03999900817871094,-0.14346846980899386,0.3199996948242152,1.1594191681209496,28.062857219151088,26.150666745503745,25.740599975585937,23.706690788269043,2.0426626082022556,2025,8,August,Q3,Wednesday
2025-08-28,28.06999969482422,28.149999618530277,27.96999931335449,28.0,4573800,27.84000015258789,0.15999984741210938,0.5747120924395333,0.18000030517578836,0.6412551020047866,28.02857153756278,26.270333417256673,25.787399978637694,23.755595645904542,2.028511070858155,2025,8,August,Q3,Thursday
2025-08-29,27.59000015258789,27.6200008392334,27.440000534057617,27.520000457763672,3037900,28.0,-0.4799995422363281,-1.7142840794154623,0.18000030517578125,0.6524113960865547,27.94285719735282,26.39033342997233,25.820200004577636,23.793923387527467,2.0168002889060475,2025,8,August,Q3,Friday
2025-09-02,26.799999237060547,27.07999992370605,26.59000015258789,26.950000762939453,4919100,27.520000457763672,-0.5699996948242188,-2.0712197868565707,0.4899997711181605,1.8283574069679869,27.845714569091797,26.486333465576173,25.864200019836424,23.83334011077881,2.069844175645745,2025,9,September,Q3,Tuesday
2025-09-03,26.959999084472656,27.09000015258789,26.899999618530277,27.030000686645508,3295900,26.950000762939453,0.07999992370605469,0.29684571963377593,0.19000053405761363,0.7047497793389857,27.620000294276647,26.584333483378092,25.916400032043455,23.875400562286377,2.0690911328194512,2025,9,September,Q3,Wednesday
2025-09-04,27.540000915527344,27.8700008392334,27.520000457763672,27.84000015258789,3226200,27.030000686645508,0.8099994659423828,2.9966683143392236,0.35000038146972656,1.2708800647584315,27.580000196184432,26.670333480834962,25.973400039672853,23.922358636856078,1.9558564481367846,2025,9,September,Q3,Thursday
2025-09-05,27.790000915527344,27.84000015258789,27.459999084472656,27.56999969482422,2620600,27.84000015258789,-0.2700004577636719,-0.969829225157437,0.3800010681152344,1.3674021432036483,27.535714558192662,26.743333498636883,26.02640003204346,23.968016567230226,1.9702286448869928,2025,9,September,Q3,Friday
2025-09-08,28.299999237060547,28.709999084472656,28.280000686645508,28.670000076293945,4596100,27.56999969482422,1.1000003814697266,3.9898454611743572,0.42999839782714844,1.5194290085493702,27.654285975864955,26.869666862487794,26.08900001525879,24.019324083328247,2.033445146256468,2025,9,September,Q3,Monday
2025-09-09,28.75,28.790000915527344,28.57999992370605,28.709999084472656,3214300,28.670000076293945,0.03999900817871094,0.13951520081014746,0.21000099182129262,0.7304382324218874,27.755714416503906,27.014666811625162,26.137200012207032,24.068288707733153,1.9756907758074287,2025,9,September,Q3,Tuesday
2025-09-10,28.8799991607666,28.979999542236328,28.56999969482422,28.649999618530277,3934200,28.709999084472656,-0.05999946594237926,-0.20898456236743135,0.4099998474121094,1.4196671029308514,27.917142868041992,27.164666811625164,26.189599990844727,24.117202634811402,1.962949392779286,2025,9,September,Q3,Wednesday
2025-09-11,28.770000457763672,29.239999771118164,28.770000457763672,29.190000534057617,4384100,28.649999618530277,0.5400009155273402,1.8848199745806538,0.4699993133544922,1.6336437465285527,28.23714283534459,27.331000137329102,26.264000015258787,24.16752019882202,1.9755360542765288,2025,9,September,Q3,Thursday
2025-09-12,29.0,29.40999984741211,28.959999084472656,29.209999084472656,4680600,29.190000534057617,0.019998550415039062,0.06851164799297482,0.4500007629394531,1.5517267687567349,28.548571177891322,27.49400011698405,26.334000015258788,24.218486223220825,1.9781910079969895,2025,9,September,Q3,Friday
2025-09-15,29.3799991607666,29.440000534057617,29.209999084472656,29.34000015258789,2900600,29.209999084472656,0.13000106811523438,0.44505673464516615,0.23000144958496094,0.7828504293904125,28.762856892177037,27.659666760762533,26.409200019836426,24.270152111053466,1.9768970614541816,2025,9,September,Q3,Monday
2025-09-16,28.81999969482422,28.82999992370605,28.549999237060547,28.81999969482422,2808700,29.34000015258789,-0.5200004577636719,-1.7723260226970572,0.28000068664550426,0.971549929252045,28.941428320748464,27.795000076293945,26.479600028991698,24.31742301940918,2.0158691670044266,2025,9,September,Q3,Tuesday
2025-09-17,29.020000457763672,29.309999465942383,28.899999618530277,29.15999984741211,3240400,28.81999969482422,0.3400001525878906,1.1797368361837757,0.4099998474121058,1.412818197604195,29.01142828805106,27.94933338165283,26.55780002593994,24.36664321899414,2.000061975798115,2025,9,September,Q3,Wednesday
2025-09-18,30.040000915527344,30.25,29.920000076293945,30.06999969482422,4258200,29.15999984741211,0.9099998474121094,3.120712798950409,0.3299999237060547,1.0985349988304474,29.205714089529856,28.121000035603842,26.655800018310547,24.418468866348267,2.0452817678571513,2025,9,September,Q3,Thursday
2025-09-19,29.479999542236328,29.489999771118164,29.290000915527344,29.36000061035156,4238600,30.06999969482422,-0.7099990844726598,-2.361154278943567,0.1999988555908203,0.6784221801098731,29.30714280264718,28.23200003306071,26.750000038146972,24.465298566818237,1.9855741456121008,2025,9,September,Q3,Friday
2025-09-22,29.5,29.76000022888184,29.489999771118164,29.729999542236328,3854500,29.36000061035156,0.3699989318847692,1.2602143194585524,0.2700004577636754,0.9152557890294082,29.384285518101283,28.318000030517577,26.856000022888182,24.51417770385742,1.8537948177115489,2025,9,September,Q3,Monday
2025-09-23,29.899999618530277,29.899999618530277,29.709999084472656,29.76000022888184,3734200,29.729999542236328,0.030000686645511365,0.1009104847206288,0.19000053405762074,0.6354532992698417,29.46285711015974,28.400666681925454,26.963200035095216,24.560913257598877,1.8539588704837824,2025,9,September,Q3,Tuesday
2025-09-24,29.200000762939453,29.420000076293945,29.15999984741211,29.34000015258789,5517300,29.76000022888184,-0.42000007629394887,-1.4112905680905952,0.26000022888183594,0.8904117194812796,29.46285711015974,28.472333335876463,27.068400039672852,24.602956066131593,1.8771348948573037,2025,9,September,Q3,Wednesday
2025-09-25,29.71999931335449,29.90999984741211,29.46999931335449,29.82999992370605,4792300,29.34000015258789,0.4899997711181605,1.6700741941712005,0.44000053405762074,1.4804863533758876,29.607142857142858,28.53400001525879,27.185400047302245,24.64789761543274,1.8303113988124058,2025,9,September,Q3,Thursday
2025-09-26,29.6200008392334,30.1200008392334,29.540000915527344,29.780000686645508,5873200,29.82999992370605,-0.04999923706054332,-0.16761393626691934,0.5799999237060547,1.9581360812718525,29.69571440560477,28.602000045776368,27.292800064086915,24.692389726638794,1.8204831131990589,2025,9,September,Q3,Friday
2025-09-29,29.040000915527344,29.1299991607666,28.96999931335449,29.100000381469727,3049300,29.780000686645508,-0.6800003051757812,-2.2834126578133995,0.15999984741211293,0.550963644517528,29.55714307512556,28.61400006612142,27.39640007019043,24.73268406867981,1.7631213021014822,2025,9,September,Q3,Monday
2025-09-30,28.709999084472656,28.799999237060547,28.540000915527344,28.790000915527344,3455100,29.100000381469727,-0.3099994659423828,-1.0652902470055792,0.2599983215332031,0.9056019847587493,29.475714547293528,28.628666750590007,27.49080009460449,24.768087759017945,1.755847143539782,2025,9,September,Q3,Tuesday
2025-10-01,28.790000915527344,29.01000022888184,28.729999542236328,28.739999771118164,2947300,28.790000915527344,-0.05000114440917969,-0.17367538318560083,0.28000068664551137,0.9725622707239938,29.334286008562362,28.645333417256673,27.5838000869751,24.80124702453613,1.7543709787516262,2025,10,October,Q4,Wednesday
2025-10-02,28.06999969482422,28.13999938964844,27.790000915527344,28.07999992370605,6133300,28.739999771118164,-0.6599998474121129,-2.2964504268207064,0.3499984741210973,1.2468773705958855,29.09428596496582,28.64400005340576,27.640200080871583,24.83005922317505,1.8052352703149859,2025,10,October,Q4,Thursday
2025-10-03,28.68000030517578,29.0,28.670000076293945,28.959999084472656,4296700,28.07999992370605,0.8799991607666051,3.1339001536950795,0.3299999237060547,1.1506273368013207,29.040000098092214,28.688333384195964,27.711800079345704,24.86671178817749,1.8606020355924895,2025,10,October,Q4,Friday
2025-10-06,30.100000381469727,30.200000762939453,30.030000686645508,30.100000381469727,6413700,28.959999084472656,1.1400012969970703,3.936468691424433,0.1700000762939453,0.5647842994666584,29.078571592058456,28.738000043233235,27.816200103759765,24.910061569213866,1.8861438620398328,2025,10,October,Q4,Monday
2025-10-07,29.81999969482422,30.0,29.690000534057617,29.739999771118164,10172000,30.100000381469727,-0.3600006103515625,-1.1960153016250086,0.3099994659423828,1.0395689775818093,29.07285717555455,28.792000007629394,27.9238000869751,24.95041470527649,1.8704990620088864,2025,10,October,Q4,Tuesday
2025-10-08,29.899999618530277,29.959999084472656,29.75,29.75,3975100,29.739999771118164,0.010000228881835938,0.033625517682578376,0.20999908447265625,0.7023380841199445,29.165714263916016,28.854333368937173,28.035800094604493,24.994906396865844,1.8601943258443074,2025,10,October,Q4,Wednesday
2025-10-09,30.25,30.290000915527344,29.690000534057617,29.84000015258789,5144700,29.75,0.09000015258789062,0.3025215213038335,0.6000003814697266,1.9834723354371124,29.315714154924667,28.921000035603843,28.14860008239746,25.04109459877014,1.858861749733118,2025,10,October,Q4,Thursday
2025-10-10,28.8799991607666,28.989999771118164,28.01000022888184,28.25,6862100,29.84000015258789,-1.5900001525878906,-5.3284187146694695,0.9799995422363246,3.3933503141082193,29.24571418762207,28.929333368937176,28.227200088500975,25.07753782272339,2.1175360066249094,2025,10,October,Q4,Friday
2025-10-13,28.59000015258789,28.96999931335449,28.559999465942383,28.8700008392334,3402900,28.25,0.6200008392333984,2.19469323622441,0.4099998474121058,1.4340673145291807,29.358571461268834,28.974333381652833,28.317200088500975,25.11638300895691,2.1253980850726184,2025,10,October,Q4,Monday
2025-10-14,28.280000686645508,28.96999931335449,28.26000022888184,28.82999992370605,3963700,28.8700008392334,-0.0400009155273473,-0.13855529741788608,0.7099990844726491,2.5106049053525226,29.34000015258789,29.03700002034505,28.39860008239746,25.15512791633606,2.0836385032129785,2025,10,October,Q4,Tuesday
2025-10-15,28.96999931335449,29.06999969482422,28.61000061035156,28.88999938964844,2482700,28.82999992370605,0.05999946594238992,0.20811469337900235,0.4599990844726598,1.5878463768572166,29.167142868041992,29.098999977111816,28.48580005645752,25.19397336959839,2.083626869859324,2025,10,October,Q4,Wednesday
2025-10-16,28.76000022888184,28.770000457763672,28.420000076293945,28.5,4430200,28.88999938964844,-0.38999938964844105,-1.3499459947658665,0.35000038146972656,1.2169693278313796,28.99000004359654,29.120999972025555,28.55740005493164,25.229472742080688,2.036132523604023,2025,10,October,Q4,Thursday
2025-10-17,28.63999938964844,29.059999465942383,28.6200008392334,28.899999618530277,4124600,28.5,0.399999618530277,1.403507433439577,0.4399986267089844,1.5363080868919858,28.868571417672293,29.165333302815757,28.614800033569335,25.26821862220764,2.0393090075410942,2025,10,October,Q4,Friday
2025-10-20,29.34000015258789,29.489999771118164,29.170000076293945,29.190000534057617,5311100,28.899999618530277,0.2900009155273402,1.0034633887724853,0.31999969482421875,1.0906601675528407,28.775714329310826,29.182666651407878,28.655600051879883,25.308663806915284,1.915944307458375,2025,10,October,Q4,Monday
2025-10-21,29.0,29.21999931335449,28.96999931335449,29.13999938964844,2665100,29.190000534057617,-0.050001144409176135,-0.17129545561617165,0.25,0.8620689655172413,28.902857099260604,29.196999994913735,28.692800025939942,25.349208002090453,1.9164391198427875,2025,10,October,Q4,Tuesday
2025-10-22,28.739999771118164,28.940000534057617,28.540000915527344,28.75,2899800,29.13999938964844,-0.38999938964844105,-1.338364440004014,0.39999961853027344,1.3917871319270054,28.88571412222726,29.20033334096273,28.724000015258788,25.386655416488647,1.933075888997767,2025,10,October,Q4,Wednesday
2025-10-23,28.799999237060547,28.8799991607666,28.59000015258789,28.709999084472656,4064100,28.75,-0.04000091552734375,-0.1391336192255399,0.28999900817871094,1.0069410272953518,28.86857114519392,29.184333292643228,28.738600006103514,25.42599696159363,1.9011555766376471,2025,10,October,Q4,Thursday
2025-10-24,28.86000061035156,28.86000061035156,28.600000381469727,28.649999618530277,2768800,28.709999084472656,-0.05999946594237926,-0.20898456236743135,0.2600002288818324,0.9009016749243416,28.834285463605607,29.165666643778483,28.756800003051758,25.464988651275636,1.9012959825574247,2025,10,October,Q4,Friday
2025-10-27,28.82999992370605,28.8799991607666,28.68000030517578,28.700000762939453,1878200,28.649999618530277,0.050001144409176135,0.17452406657916253,0.1999988555908203,0.6937178498788937,28.862857001168386,29.1443333307902,28.756000022888184,25.50492838859558,1.8995226153787528,2025,10,October,Q4,Monday
2025-10-28,28.8799991607666,29.049999237060547,28.780000686645508,28.989999771118164,2073300,28.700000762939453,0.28999900817871094,1.0104494789881402,0.26999855041503906,0.9348980549204147,28.8757141658238,29.15,28.76880001068115,25.54841226577759,1.8806703688889166,2025,10,October,Q4,Tuesday
2025-10-29,28.459999084472656,28.46999931335449,28.059999465942383,28.18000030517578,3628600,28.989999771118164,-0.8099994659423828,-2.794065099473919,0.4099998474121058,1.440617922000551,28.731428418840682,29.117333348592123,28.767600021362306,25.58854419708252,1.936506375886287,2025,10,October,Q4,Wednesday
2025-10-30,27.600000381469727,27.899999618530277,27.549999237060547,27.75,6245800,28.18000030517578,-0.43000030517578125,-1.5259059635169825,0.3500003814697301,1.2681173066385742,28.53285707746233,29.040000025431315,28.760200004577637,25.628171520233153,1.8544660557106831,2025,10,October,Q4,Thursday
2025-10-31,28.149999618530277,28.229999542236328,27.809999465942383,27.88999938964844,3021800,27.75,0.13999938964844105,0.5045023050394226,0.4200000762939453,1.492007396040859,28.40999984741211,28.99099998474121,28.76540000915527,25.665407485961914,1.8153951063992677,2025,10,October,Q4,Friday
2025-11-03,27.96999931335449,28.049999237060547,27.799999237060547,27.950000762939453,2581300,27.88999938964844,0.06000137329101207,0.21513579994298926,0.25,0.8938148235156932,28.301428658621653,28.93166669209798,28.75220001220703,25.703791093826293,1.7972371911546947,2025,11,November,Q4,Monday
2025-11-04,27.71999931335449,27.959999084472656,27.690000534057617,27.90999984741211,3182400,27.950000762939453,-0.04000091552734375,-0.14311597293543699,0.26999855041503906,0.9740207687702344,28.19571440560477,28.870000012715657,28.747999992370605,25.74042901992798,1.7964277278480385,2025,11,November,Q4,Tuesday
2025-11-05,27.88999938964844,28.1200008392334,27.8799991607666,28.07999992370605,3892600,27.90999984741211,0.17000007629394176,0.60910095744664,0.24000167846679688,0.8605295221192263,28.107142857142858,28.828000005086263,28.752000007629395,25.776620569229127,1.7872225731732596,2025,11,November,Q4,Wednesday
2025-11-06,28.25,28.40999984741211,28.06999969482422,28.290000915527344,2600900,28.07999992370605,0.21000099182129262,0.7478667820223217,0.3400001525878906,1.2035403631429755,28.007143020629883,28.77666670481364,28.761000022888183,25.813762407302857,1.7629478233446991,2025,11,November,Q4,Thursday
2025-11-07,27.649999618530277,27.709999084472656,27.350000381469727,27.709999084472656,2968800,28.290000915527344,-0.5800018310546875,-2.0502008210835587,0.3599987030029297,1.3019844772860987,27.939999989100865,28.707666651407877,28.755200004577638,25.84576050758362,1.796365215527495,2025,11,November,Q4,Friday
2025-11-10,27.940000534057617,28.059999465942383,27.799999237060547,27.96999931335449,3325000,27.709999084472656,0.2600002288818324,0.9382902831906792,0.26000022888183594,0.9305662988979089,27.97142846243722,28.66999994913737,28.764199981689455,25.881751079559326,1.7650411276607425,2025,11,November,Q4,Monday
2025-11-11,29.420000076293945,29.59000015258789,28.43000030517578,29.15999984741211,6900100,27.96999931335449,1.1900005340576207,4.254560469329172,1.1599998474121094,3.9428954602444555,28.152857099260604,28.68233324686686,28.808399963378907,25.922844028472902,1.9263263999196125,2025,11,November,Q4,Tuesday
2025-11-12,30.1200008392334,30.34000015258789,29.979999542236328,30.26000022888184,5464600,29.15999984741211,1.1000003814697301,3.772292137262667,0.3600006103515625,1.1952211166031463,28.48285702296666,28.732999928792317,28.872999954223634,25.96539828300476,2.0410814327461893,2025,11,November,Q4,Wednesday
2025-11-13,30.0,30.01000022888184,29.43000030517578,29.440000534057617,5123300,30.26000022888184,-0.8199996948242223,-2.70984695512847,0.5799999237060582,1.9333330790201941,28.7014285496303,28.778333282470705,28.904999961853026,26.00225700378418,2.059771441986331,2025,11,November,Q4,Thursday
2025-11-14,29.96999931335449,30.32999992370605,29.850000381469727,30.1200008392334,5121500,29.440000534057617,0.6800003051757812,2.3097836033974417,0.4799995422363246,1.601600110889689,28.992857251848495,28.817000007629396,28.95599998474121,26.041668090820313,2.024182370649047,2025,11,November,Q4,Friday
2025-11-17,29.270000457763672,29.40999984741211,28.8799991607666,29.09000015258789,3908300,30.1200008392334,-1.0300006866455078,-3.4196568988931086,0.5300006866455078,1.8107300251337326,29.107142857142858,28.783333333333335,28.96439998626709,26.07737512588501,1.9951298639536221,2025,11,November,Q4,Monday
2025-11-18,28.57999992370605,28.81999969482422,28.420000076293945,28.670000076293945,3137000,29.09000015258789,-0.4200000762939453,-1.4437953732928444,0.39999961853027344,1.3995787949547494,29.24428585597447,28.74766667683919,28.963600006103515,26.11158049583435,2.000353696783841,2025,11,November,Q4,Tuesday
2025-11-19,28.190000534057617,28.61000061035156,28.06999969482422,28.549999237060547,5382600,28.670000076293945,-0.12000083923339844,-0.41855890796673734,0.5400009155273402,1.9155761096029091,29.32714298793248,28.707666651407877,28.96159999847412,26.142044639587404,2.000995128927629,2025,11,November,Q4,Wednesday
2025-11-20,28.540000915527344,28.68000030517578,27.75,27.75,5021700,28.549999237060547,-0.7999992370605469,-2.8020989787701067,0.9300003051757812,3.258585407647305,29.125714438302175,28.637999979654946,28.93279998779297,26.16651436805725,2.057983434027535,2025,11,November,Q4,Thursday
2025-11-21,28.68000030517578,28.82999992370605,28.36000061035156,28.530000686645508,3959900,27.75,0.7800006866455078,2.810813285209046,0.4699993133544922,1.6387702522781111,28.87857164655413,28.647333335876464,28.919200019836424,26.194435358047485,1.8912190764432006,2025,11,November,Q4,Friday
2025-11-24,28.6200008392334,29.049999237060547,28.56999969482422,29.01000022888184,2859900,28.530000686645508,0.4799995422363317,1.682437892337707,0.4799995422363281,1.6771471983268647,28.817143031529017,28.65199998219808,28.912600021362305,26.22695020675659,1.8734174732252813,2025,11,November,Q4,Monday
2025-11-25,28.1200008392334,28.61000061035156,28.07999992370605,28.600000381469727,3038700,29.01000022888184,-0.4099998474121129,-1.4133052195012596,0.5300006866455078,1.8847819019480392,28.60000010899135,28.6443333307902,28.908200035095216,26.258162965774535,1.8918100363106292,2025,11,November,Q4,Tuesday
2025-11-26,29.11000061035156,29.239999771118164,29.059999465942383,29.07999992370605,2933800,28.600000381469727,0.4799995422363246,1.6783200553637911,0.18000030517578125,0.6183452470000048,28.598571504865372,28.650666681925454,28.906600036621093,26.292074880599976,1.9165215233323936,2025,11,November,Q4,Wednesday
2025-11-28,29.280000686645508,29.36000061035156,29.209999084472656,29.350000381469727,1250800,29.07999992370605,0.2700004577636754,0.9284747540304172,0.1500015258789027,0.5123002812883054,28.69571440560477,28.679000027974446,28.892200050354003,26.329281368255614,1.904667535696004,2025,11,November,Q4,Friday
2025-12-01,28.65999984741211,28.8700008392334,28.530000686645508,28.780000686645508,5589800,29.350000381469727,-0.5699996948242188,-1.9420772995426994,0.3400001525878906,1.1863229392814927,28.72857175554548,28.67500006357829,28.88060005187988,26.357554864883422,1.9244936716723398,2025,12,December,Q4,Monday
2025-12-02,28.82999992370605,28.82999992370605,28.489999771118164,28.56999969482422,3187100,28.780000686645508,-0.21000099182128906,-0.7296768131028308,0.3400001525878871,1.1793276222256077,28.845714569091797,28.654333368937174,28.85740005493164,26.380041618347168,1.919462788963314,2025,12,December,Q4,Tuesday
2025-12-03,28.149999618530277,28.46999931335449,28.020000457763672,28.459999084472656,3461300,28.56999969482422,-0.1100006103515625,-0.38502139141251,0.44999885559081676,1.5985749971186372,28.83571434020996,28.631666692097983,28.831400032043458,26.400083665847777,1.920310418870808,2025,12,December,Q4,Wednesday
2025-12-04,28.530000686645508,28.56999969482422,28.21999931335449,28.290000915527344,2812800,28.459999084472656,-0.1699981689453125,-0.5973231708150673,0.3500003814697301,1.2267801368597948,28.732857295445033,28.616333389282225,28.810400047302245,26.41827851295471,1.9080384709577527,2025,12,December,Q4,Thursday
2025-12-05,28.06999969482422,28.170000076293945,27.959999084472656,28.030000686645508,3012600,28.290000915527344,-0.26000022888183594,-0.9190534481005708,0.21000099182128906,0.7481332173295705,28.651428767613,28.593666776021323,28.774400062561035,26.434176149368287,1.9147905373378757,2025,12,December,Q4,Friday
2025-12-08,27.700000762939453,27.799999237060547,27.530000686645508,27.549999237060547,3198800,28.030000686645508,-0.48000144958496094,-1.7124560750141238,0.26999855041503906,0.974723981871788,28.432857240949357,28.557000096638998,28.729800033569337,26.44837182044983,1.9382955503532207,2025,12,December,Q4,Monday
2025-12-09,27.75,27.81999969482422,27.540000915527344,27.559999465942383,2901200,27.549999237060547,0.010000228881835938,0.03629847244563944,0.279998779296875,1.0090046100788288,28.17714282444545,28.51900005340576,28.69900001525879,26.462517776489257,1.9377543932625783,2025,12,December,Q4,Tuesday
2025-12-10,26.81999969482422,27.1299991607666,26.739999771118164,27.07999992370605,4940500,27.559999465942383,-0.4799995422363317,-1.7416529446217743,0.3899993896484375,1.4541364432740855,27.93428557259696,28.45533339182536,28.664799995422364,26.472917499542238,1.9476613231162792,2025,12,December,Q4,Wednesday
2025-12-11,26.75,26.93000030517578,26.65999984741211,26.729999542236328,5588100,27.07999992370605,-0.350000381469723,-1.2924681774586388,0.2700004577636719,1.0093475056585863,27.671428407941544,28.407000033060708,28.624599990844725,26.47962266921997,1.8975785712250313,2025,12,December,Q4,Thursday
2025-12-12,26.8700008392334,26.90999984741211,26.59000015258789,26.770000457763672,4069900,26.729999542236328,0.04000091552734375,0.14964802174477487,0.31999969482421875,1.190918067843828,27.430000032697404,28.374333381652832,28.598400001525878,26.488671836853026,1.8805288584616435,2025,12,December,Q4,Friday
2025-12-15,26.86000061035156,26.86000061035156,26.61000061035156,26.63999938964844,3347300,26.770000457763672,-0.13000106811523082,-0.485622211028125,0.25,0.9307520265046184,27.194285529000418,28.332666714986164,28.552000007629395,26.497021131515503,1.8781907440982044,2025,12,December,Q4,Monday
2025-12-16,26.32999992370605,26.59000015258789,26.299999237060547,26.450000762939453,3381600,26.63999938964844,-0.18999862670898793,-0.7132080745573033,0.29000091552734375,1.1014087214874742,26.968571254185267,28.282666714986167,28.47900001525879,26.506664161682128,1.8798569092369457,2025,12,December,Q4,Tuesday
2025-12-17,26.200000762939453,26.229999542236328,25.90999984741211,25.959999084472656,5770800,26.450000762939453,-0.4900016784667969,-1.8525582772510374,0.31999969482421875,1.2213728454423032,26.74142837524414,28.21766668955485,28.403400001525878,26.515951328277588,1.9048588032360252,2025,12,December,Q4,Wednesday
2025-12-18,26.190000534057617,26.239999771118164,25.88999938964844,25.90999984741211,4962000,25.959999084472656,-0.049999237060546875,-0.1926010740518569,0.350000381469723,1.3363893636221222,26.50571414402553,28.145333353678385,28.326599998474123,26.52414086341858,1.8983852175184623,2025,12,December,Q4,Thursday
2025-12-19,25.6200008392334,25.670000076293945,25.3700008392334,25.399999618530277,5702800,25.90999984741211,-0.5100002288818324,-1.968352882614055,0.2999992370605469,1.170957171090879,26.26571410042899,28.048999977111816,28.237799987792968,26.529481239318848,1.9138420650263337,2025,12,December,Q4,Friday
2025-12-22,25.200000762939453,25.3799991607666,25.11000061035156,25.229999542236328,6448600,25.399999618530277,-0.17000007629394887,-0.669291649004311,0.2699985504150426,1.0714227866695851,26.051428386143275,27.96633332570394,28.177399978637695,26.535218124389647,1.8877433063064344,2025,12,December,Q4,Monday
2025-12-23,25.899999618530277,26.0,25.690000534057617,25.76000022888184,5609300,25.229999542236328,0.5300006866455114,2.1006765606882416,0.3099994659423828,1.1969091525414242,25.907142639160156,27.89266668955485,28.115199966430666,26.550086879730223,1.9254799170830141,2025,12,December,Q4,Tuesday
2025-12-24,25.5,25.729999542236328,25.479999542236328,25.700000762939453,1796300,25.76000022888184,-0.059999465942386365,-0.23291717938385137,0.25,0.9803921568627451,25.772857121058873,27.777333386739095,28.05259998321533,26.56415702819824,1.7270590034426183,2025,12,December,Q4,Wednesday
2025-12-26,25.770000457763672,25.86000061035156,25.729999542236328,25.81999969482422,2248300,25.700000762939453,0.11999893188476562,0.4669219000873026,0.13000106811523082,0.5044666891966069,25.682856968470983,27.629333368937175,27.991199989318847,26.57513750076294,1.5474174620716763,2025,12,December,Q4,Friday
2025-12-29,25.68000030517578,25.850000381469727,25.670000076293945,25.770000457763672,2805400,25.81999969482422,-0.049999237060546875,-0.1936453820739925,0.18000030517578125,0.7009357594886879,25.655714307512557,27.50700003306071,27.936599998474122,26.587264070510866,1.4915870015455717,2025,12,December,Q4,Monday
2025-12-30,25.790000915527344,25.8700008392334,25.709999084472656,25.71999931335449,2437800,25.770000457763672,-0.05000114440918324,-0.19402849639500452,0.1600017547607422,0.6204022841442017,25.628571374075754,27.360333315531413,27.872999992370605,26.595700254440306,1.4001240996654536,2025,12,December,Q4,Tuesday
2025-12-31,25.670000076293945,25.700000762939453,25.549999237060547,25.600000381469727,2054900,25.71999931335449,-0.11999893188476207,-0.46655884560018457,0.15000152587890625,0.5843456386173974,25.657142911638534,27.243999989827476,27.801199989318846,26.601492166519165,1.288246679451954,2025,12,December,Q4,Wednesday
2026-01-02,25.93000030517578,25.989999771118164,25.670000076293945,25.8799991607666,3030600,25.600000381469727,0.279998779296875,1.093745215330344,0.31999969482421875,1.234090594130633,25.75,27.150999959309896,27.735999984741213,26.608634214401246,1.301745042705412,2026,1,January,Q1,Friday
2026-01-05,26.06999969482422,26.149999618530277,25.81999969482422,25.82999992370605,4253400,25.8799991607666,-0.04999923706055043,-0.19319644003832348,0.32999992370605824,1.2658225069775295,25.75999995640346,27.060333315531413,27.67759998321533,26.61328254699707,1.301881569953078,2026,1,January,Q1,Monday
2026-01-06,26.06999969482422,26.06999969482422,25.59000015258789,25.739999771118164,5968300,25.82999992370605,-0.09000015258788707,-0.34843264751730496,0.4799995422363281,1.841195043556615,25.76571410042899,26.993333307902017,27.618199996948242,26.617879762649537,1.215074622813323,2026,1,January,Q1,Tuesday
2026-01-07,25.40999984741211,25.40999984741211,25.07999992370605,25.1200008392334,5518500,25.739999771118164,-0.6199989318847656,-2.4086982804888857,0.32999992370605824,1.2987010062484012,25.665714263916016,26.879666646321613,27.547600021362303,26.61768172264099,1.1336547647255626,2026,1,January,Q1,Wednesday
2026-01-08,25.100000381469727,25.290000915527344,25.049999237060547,25.25,3785900,25.1200008392334,0.12999916076660156,0.5175125653800183,0.24000167846679688,0.9561819713914427,25.59142848423549,26.754333305358887,27.478600006103516,26.61793423652649,1.0778334459507917,2026,1,January,Q1,Thursday
2026-01-09,24.979999542236328,25.170000076293945,24.899999618530277,25.040000915527344,5190700,25.25,-0.20999908447265625,-0.8316795424659684,0.2700004577636683,1.0808665440811958,25.49428585597447,26.63566665649414,27.3996000289917,26.617186613082886,1.065177174821663,2026,1,January,Q1,Friday
2026-01-12,25.13999938964844,25.32999992370605,25.09000015258789,25.18000030517578,3639500,25.040000915527344,0.1399993896484375,0.5591029733614139,0.2399997711181605,0.9546530506957052,25.434285845075333,26.5056666692098,27.3396000289917,26.615942335128786,1.0065335498579877,2026,1,January,Q1,Monday
2026-01-13,24.38999938964844,24.5,24.26000022888184,24.40999984741211,6205300,25.18000030517578,-0.7700004577636719,-3.0579843067174095,0.2399997711181605,0.9840089262979678,25.22428594316755,26.34099998474121,27.27280002593994,26.61015001296997,1.0757673944174093,2026,1,January,Q1,Tuesday
2026-01-14,24.25,24.25,24.020000457763672,24.09000015258789,3814300,24.40999984741211,-0.31999969482421875,-1.3109368980931957,0.22999954223632812,0.9484517205621777,24.975714547293528,26.184666633605957,27.19680004119873,26.605500011444093,1.054719764767899,2026,1,January,Q1,Wednesday
2026-01-15,24.61000061035156,24.63999938964844,24.06999969482422,24.1200008392334,9476600,24.09000015258789,0.030000686645507812,0.12453585079070795,0.5699996948242223,2.316130356309161,24.744286128452845,26.036333338419595,27.12020004272461,26.599150018692015,1.062204972223719,2026,1,January,Q1,Thursday
2026-01-16,24.18000030517578,24.190000534057617,23.93000030517578,24.049999237060547,5238600,24.1200008392334,-0.07000160217285156,-0.2902222211327077,0.26000022888183594,1.0752697502083253,24.591428756713867,25.88933334350586,27.04300003051758,26.59355001449585,1.0628759829590109,2026,1,January,Q1,Friday
2026-01-20,23.549999237060547,23.959999084472656,23.549999237060547,23.71999931335449,9451900,24.049999237060547,-0.32999992370605824,-1.37214109843935,0.4099998474121094,1.7409760539053187,24.372857230050222,25.736999956766763,26.955800018310548,26.587950010299682,1.073323747500047,2026,1,January,Q1,Tuesday
2026-01-21,23.5,23.809999465942383,23.36000061035156,23.68000030517578,5703100,23.71999931335449,-0.039999008178707385,-0.16862988759105413,0.44999885559082387,1.9148887471949951,24.178571428571427,25.591999944051107,26.863600006103514,26.58945001602173,1.0738932120388855,2026,1,January,Q1,Wednesday
2026-01-22,23.040000915527344,23.09000015258789,22.850000381469727,22.959999084472656,9550100,23.68000030517578,-0.720001220703125,-3.040545656351845,0.23999977111816406,1.041665631863847,23.86142839704241,25.438999938964844,26.768600006103515,26.59515001296997,1.148067243749809,2026,1,January,Q1,Thursday
2026-01-23,22.799999237060547,23.18000030517578,22.739999771118164,23.09000015258789,6203300,22.959999084472656,0.13000106811523438,0.5662067652395963,0.4400005340576172,1.9298269683378444,23.67285701206752,25.289999961853027,26.671000022888183,26.60440001487732,1.1621721768640636,2026,1,January,Q1,Friday
2026-01-26,23.07999992370605,23.1299991607666,22.93000030517578,22.959999084472656,5546100,23.09000015258789,-0.13000106811523438,-0.5630189140586217,0.1999988555908203,0.8665461709356266,23.51142828805106,25.15266660054525,26.547000007629393,26.612600011825563,1.1413380011472238,2026,1,January,Q1,Monday
2026-01-27,22.65999984741211,22.729999542236328,22.440000534057617,22.600000381469727,6685000,22.959999084472656,-0.3599987030029297,-1.5679386644505078,0.28999900817871094,1.279783804640362,23.294285365513392,25.01499996185303,26.39380001068115,26.610750017166136,1.1486661634430857,2026,1,January,Q1,Tuesday
2026-01-28,22.280000686645508,22.399999618530277,22.1299991607666,22.280000686645508,7569300,22.600000381469727,-0.31999969482421875,-1.4159278293047861,0.2700004577636754,1.2118512093471883,23.041428429739817,24.865333302815756,26.25060001373291,26.607550020217897,1.1512756014811956,2026,1,January,Q1,Wednesday
2026-01-29,22.489999771118164,22.520000457763672,22.13999938964844,22.290000915527344,9212900,22.280000686645508,0.010000228881835938,0.04488432932512332,0.3800010681152308,1.6896446064140525,22.837142944335938,24.720333353678384,26.09400001525879,26.604300022125244,1.1572099692062772,2026,1,January,Q1,Thursday
2026-01-30,22.40999984741211,22.440000534057617,21.799999237060547,22.100000381469727,10641400,22.290000915527344,-0.1900005340576172,-0.8524025403931712,0.6400012969970703,2.8558737231360456,22.611428669520787,24.57533334096273,25.954200019836424,26.597600021362304,1.1580165117291994,2026,1,January,Q1,Friday
2026-02-02,22.09000015258789,22.26000022888184,22.0,22.1200008392334,7134200,22.100000381469727,0.020000457763671875,0.09049980732327434,0.2600002288818395,1.1770041968577347,22.491428920200892,24.447333399454752,25.823200035095216,26.58980002403259,1.1391858855547323,2026,2,February,Q1,Monday
2026-02-03,22.36000061035156,22.3700008392334,21.84000015258789,21.93000030517578,7780300,22.1200008392334,-0.1900005340576172,-0.8589535571835061,0.5300006866455078,2.3703071206542994,22.325714656284877,24.314666748046875,25.69080005645752,26.582650022506712,1.1389606817131124,2026,2,February,Q1,Tuesday
2026-02-04,21.61000061035156,22.1299991607666,21.520000457763672,21.90999984741211,12618500,21.93000030517578,-0.020000457763671875,-0.09120135652233019,0.6099987030029297,2.8227611558267607,22.17571476527623,24.198333422342937,25.57400005340576,26.572150020599366,1.1094219528864473,2026,2,February,Q1,Wednesday
2026-02-05,21.46999931335449,21.59000015258789,21.18000030517578,21.239999771118164,9906400,21.90999984741211,-0.6700000762939453,-3.0579647693292022,0.4099998474121094,1.909640710407879,21.981428963797434,24.06533342997233,25.428200035095216,26.559600019454955,1.204695062823926,2026,2,February,Q1,Thursday
2026-02-06,22.84000015258789,22.84000015258789,21.920000076293945,22.26000022888184,14121300,21.239999771118164,1.0200004577636754,4.8022620939509375,0.9200000762939453,4.028021322888234,21.97857175554548,23.948666763305663,25.293200035095214,26.549250020980836,1.4802880691858495,2026,2,February,Q1,Friday
2026-02-09,22.1299991607666,22.350000381469727,21.989999771118164,22.32999992370605,5848800,22.26000022888184,0.06999969482421164,0.3144640346112393,0.3600006103515625,1.6267538364384275,21.98428589957101,23.836333401997884,25.16780002593994,26.536450023651124,1.4867349260505984,2026,2,February,Q1,Monday
2026-02-10,23.030000686645508,23.21999931335449,22.799999237060547,22.82999992370605,6384600,22.32999992370605,0.5,2.2391401778250275,0.42000007629394176,1.823708483593267,22.088571548461914,23.73666674296061,25.04280002593994,26.525000019073488,1.558194993671838,2026,2,February,Q1,Tuesday
2026-02-11,23.059999465942383,23.149999618530277,22.68000030517578,22.950000762939453,5118100,22.82999992370605,0.12000083923340199,0.525627856480182,0.46999931335449574,2.038158387855316,22.207142966134207,23.64266675313314,24.914800033569335,26.51490002632141,1.5669525063079024,2026,2,February,Q1,Wednesday
2026-02-12,23.36000061035156,23.46999931335449,22.649999618530277,22.8700008392334,7982600,22.950000762939453,-0.07999992370605469,-0.34858353397200226,0.8199996948242116,3.5102725744829124,22.341428756713867,23.547666803995767,24.796600036621093,26.50285002708435,1.5665952764651339,2026,2,February,Q1,Thursday
2026-02-13,23.350000381469727,23.3799991607666,23.11000061035156,23.190000534057617,6887800,22.8700008392334,0.31999969482421875,1.3992115569810615,0.2699985504150426,1.1563106895249138,22.524285997663224,23.4673334757487,24.689000053405763,26.490050029754638,1.599680640933382,2026,2,February,Q1,Friday
2026-02-17,22.709999084472656,22.88999938964844,22.59000015258789,22.81999969482422,4929000,23.190000534057617,-0.37000083923339844,-1.5955188905235396,0.2999992370605504,1.3210006567797121,22.750000272478378,23.36533349355062,24.57620006561279,26.47415002822876,1.5932537690923059,2026,2,February,Q1,Tuesday
2026-02-18,22.600000381469727,22.68000030517578,22.489999771118164,22.5,4946000,22.81999969482422,-0.31999969482421875,-1.4022773843279102,0.1900005340576172,0.8407103134980612,22.784285954066686,23.25433349609375,24.460400047302247,26.46025002479553,1.6029388415210126,2026,2,February,Q1,Wednesday
2026-02-19,22.1299991607666,22.290000915527344,22.059999465942383,22.25,4366400,22.5,-0.25,-1.1111111111111072,0.23000144958496094,1.0393197393008555,22.772857393537247,23.138000170389812,24.344800033569335,26.444850025177,1.6073692579134662,2026,2,February,Q1,Thursday
2026-02-20,21.59000015258789,21.940000534057617,21.520000457763672,21.93000030517578,5430500,22.25,-0.31999969482421875,-1.4382008756144704,0.4200000762939453,1.9453454067882527,22.644286019461497,23.031666819254557,24.23240005493164,26.42830002784729,1.5765188457995065,2026,2,February,Q1,Friday
2026-02-23,21.799999237060547,21.950000762939453,21.57999992370605,21.670000076293945,4776000,21.93000030517578,-0.26000022888183594,-1.1855915424701213,0.370000839233402,1.6972516155156154,22.461428778512136,22.912333488464355,24.11460006713867,26.41050003051758,1.5715165253580101,2026,2,February,Q1,Monday
2026-02-24,21.32999992370605,21.6200008392334,21.229999542236328,21.600000381469727,5321000,21.670000076293945,-0.06999969482421875,-0.3230258171562972,0.3900012969970703,1.8284167763339976,22.280000141688756,22.797666803995767,24.005000076293946,26.393400030136107,1.5705191500336422,2026,2,February,Q1,Tuesday
2026-02-25,21.25,21.459999084472656,21.25,21.40999984741211,5031800,21.600000381469727,-0.1900005340576172,-0.879632086583737,0.20999908447265625,0.9882309857536764,22.025714329310826,22.672000122070312,23.89860008239746,26.37820002555847,1.559638259106952,2026,2,February,Q1,Wednesday
2026-02-26,22.1299991607666,22.649999618530277,22.1200008392334,22.59000015258789,7239300,21.40999984741211,1.1800003051757812,5.511444715486125,0.5299987792968786,2.394933571603981,21.992857251848495,22.611333465576173,23.815000076293945,26.367650022506712,1.8397837706547464,2026,2,February,Q1,Thursday
2026-02-27,23.040000915527344,23.149999618530277,22.84000015258789,23.059999465942383,6082400,22.59000015258789,0.4699993133544922,2.080563568746374,0.30999946594238637,1.3454837396879984,22.07285717555455,22.577000109354653,23.743400077819825,26.359250020980834,1.8756753716619852,2026,2,February,Q1,Friday
2026-03-02,22.43000030517578,22.790000915527344,22.299999237060547,22.690000534057617,7155200,23.059999465942383,-0.3699989318847656,-1.6045053792443587,0.4900016784667969,2.184581684351238,22.135714394705637,22.52933343251546,23.668200073242186,26.350000019073487,1.8940965821038542,2026,3,March,Q1,Monday
2026-03-03,20.96999931335449,21.649999618530277,20.8700008392334,21.57999992370605,12244700,22.690000534057617,-1.110000610351566,-4.892025492398988,0.7799987792968786,3.719593728361001,22.08571434020996,22.447000122070314,23.580600090026856,26.333500022888185,2.080006348925119,2026,3,March,Q1,Tuesday
2026-03-04,22.049999237060547,22.239999771118164,21.84000015258789,21.989999771118164,6244800,21.57999992370605,0.4099998474121129,1.8999066212308957,0.39999961853027344,1.8140572896618241,22.131428582327707,22.389333470662436,23.502200088500977,26.31910001754761,2.1095860148139933,2026,3,March,Q1,Wednesday
2026-03-05,21.559999465942383,21.649999618530277,21.200000762939453,21.3700008392334,7898100,21.989999771118164,-0.6199989318847656,-2.8194585645202053,0.44999885559082387,2.087193259451013,22.098571504865372,22.312333488464354,23.42160011291504,26.302550020217897,2.161764158886452,2026,3,March,Q1,Thursday
2026-03-06,21.399999618530277,21.6299991607666,21.34000015258789,21.479999542236328,3956100,21.3700008392334,0.10999870300292969,0.5147342006696753,0.28999900817871094,1.355135576393191,22.108571461268834,22.263000170389812,23.346600112915038,26.28475001335144,2.104112087664071,2026,3,March,Q1,Friday
2026-03-09,21.11000061035156,21.68000030517578,21.0,21.6200008392334,6449900,21.479999542236328,0.1400012969970703,0.6517751395747728,0.6800003051757812,3.2212235220984993,21.97000013078962,22.214000193277993,23.26380012512207,26.263850021362305,2.105245104774467,2026,3,March,Q1,Monday
2026-03-10,21.690000534057617,21.979999542236328,21.559999465942383,21.68000030517578,6905900,21.6200008392334,0.05999946594238281,0.277518333086757,0.4200000762939453,1.9363765143041909,21.772857393537247,22.17133356730143,23.183400115966798,26.24780002593994,2.105809519701732,2026,3,March,Q1,Tuesday
2026-03-11,21.63999938964844,21.670000076293945,21.38999938964844,21.489999771118164,4798800,21.68000030517578,-0.1900005340576172,-0.8763862148666868,0.28000068664550426,1.2939033943755258,21.601428713117325,22.13433354695638,23.096800117492677,26.228600025177002,2.093726509069045,2026,3,March,Q1,Wednesday
2026-03-12,21.690000534057617,21.729999542236328,21.440000534057617,21.459999084472656,5821000,21.489999771118164,-0.030000686645507812,-0.13960301053994595,0.28999900817871094,1.337017063339186,21.584285736083984,22.107000160217286,23.010600090026855,26.208250017166137,2.0799686542314317,2026,3,March,Q1,Thursday
2026-03-13,21.670000076293945,21.770000457763672,21.459999084472656,21.489999771118164,4178100,21.459999084472656,0.030000686645507812,0.13979817299811792,0.3100013732910156,1.4305554785398635,21.51285716465541,22.080333455403647,22.92600009918213,26.182900018692017,2.0802753224232076,2026,3,March,Q1,Friday
2026-03-16,21.479999542236328,21.729999542236328,21.399999618530277,21.649999618530277,4147100,21.489999771118164,0.15999984741211293,0.7445316385119138,0.32999992370605113,1.5363125267166284,21.55285699026925,22.06533342997233,22.84700008392334,26.159650020599365,2.0808161095448856,2026,3,March,Q1,Monday
2026-03-17,21.200000762939453,21.32999992370605,20.88999938964844,20.920000076293945,5743300,21.649999618530277,-0.7299995422363317,-3.371822425398674,0.4400005340576101,2.075474142561316,21.472857066563197,22.025333404541016,22.747800102233885,26.13115001678467,2.167111663030942,2026,3,March,Q1,Tuesday
2026-03-18,20.46999931335449,20.700000762939453,20.31999969482422,20.3799991607666,5195100,20.920000076293945,-0.5400009155273438,-2.581266317198827,0.3800010681152344,1.8563804634195775,21.29571396963937,21.973666699727378,22.6388000869751,26.10115001678467,2.2085963477113344,2026,3,March,Q1,Wednesday
2026-03-19,20.299999237060547,20.71999931335449,20.26000022888184,20.6200008392334,4789600,20.3799991607666,0.24000167846679688,1.177633407016132,0.45999908447264914,2.2660054273935892,21.144285474504745,21.930666732788087,22.536400108337403,26.069850025177,2.223259621263423,2026,3,March,Q1,Thursday
2026-03-20,20.65999984741211,20.700000762939453,20.1299991607666,20.21999931335449,4934300,20.6200008392334,-0.4000015258789098,-1.9398715305473324,0.5700016021728516,2.758962276779738,20.96285683768136,21.896666717529296,22.438400077819825,26.037100019454957,2.1823157850868737,2026,3,March,Q1,Friday
2026-03-23,20.65999984741211,20.850000381469727,20.56999969482422,20.68000030517578,4935500,20.21999931335449,0.4600009918212926,2.2749802544131725,0.2800006866455078,1.3552792290101636,20.85142844063895,21.84400005340576,22.34700008392334,26.007150020599365,2.028255012428756,2026,3,March,Q1,Monday
2026-03-24,20.40999984741211,20.71999931335449,20.3799991607666,20.56999969482422,3709600,20.68000030517578,-0.1100006103515625,-0.5319178371773647,0.3400001525878871,1.6658508335608706,20.719999858311244,21.7853333791097,22.257600059509276,25.978350019454957,2.0263744233038596,2026,3,March,Q1,Tuesday
2026-03-25,20.600000381469727,20.790000915527344,20.440000534057617,20.540000915527344,4065600,20.56999969482422,-0.029998779296875,-0.14583752912948889,0.35000038146972656,1.6990309465458149,20.56142861502511,21.709000078837075,22.164800071716307,25.947750024795532,1.9712459542019432,2026,3,March,Q1,Wednesday
2026-03-26,20.190000534057617,20.32999992370605,19.979999542236328,20.030000686645508,3436000,20.540000915527344,-0.5100002288818359,-2.4829610815464864,0.350000381469723,1.7335332947580804,20.434285845075333,21.61166674296061,22.077200088500977,25.91495002746582,2.002344289567782,2026,3,March,Q1,Thursday
2026-03-27,19.86000061035156,20.11000061035156,19.739999771118164,19.90999984741211,5673900,20.030000686645508,-0.12000083923339844,-0.5991055173223514,0.3700008392333949,1.863045457513937,20.367143086024694,21.513000043233237,21.99360008239746,25.883500022888185,2.002501406271285,2026,3,March,Q1,Friday
2026-03-30,19.979999542236328,20.299999237060547,19.81999969482422,19.920000076293945,5372100,19.90999984741211,0.010000228881835938,0.050227167044081256,0.4799995422363281,2.4024001663345516,20.26714297703334,21.404000027974448,21.909600067138673,25.853550024032593,1.9746932615350141,2026,3,March,Q1,Monday
2026-03-31,20.3799991607666,20.729999542236328,20.299999237060547,20.700000762939453,5687700,19.920000076293945,0.7800006866455078,3.91566608262095,0.43000030517578125,2.109913262428253,20.33571461268834,21.33333339691162,21.84260009765625,25.82505002975464,2.119046892950564,2026,3,March,Q1,Tuesday
2026-04-01,21.25,21.43000030517578,21.11000061035156,21.1200008392334,5609800,20.700000762939453,0.4200000762939453,2.028985801033878,0.3199996948242223,1.5058809168198697,20.398571831839426,21.287333424886068,21.79060012817383,25.801000032424927,2.15003424985736,2026,4,April,Q2,Wednesday
2026-04-02,20.690000534057617,21.209999084472656,20.6299991607666,21.13999938964844,4236500,21.1200008392334,0.019998550415042615,0.09469010236917708,0.5799999237060547,2.803286170782462,20.480000359671457,21.250333404541017,21.739800109863282,25.776250028610228,2.1434523839959194,2026,4,April,Q2,Thursday
2026-04-06,20.649999618530277,20.82999992370605,20.63999938964844,20.780000686645508,3279800,21.13999938964844,-0.35999870300293324,-1.7029267426526662,0.19000053405761008,0.9200994555327406,20.514286041259766,21.21200008392334,21.69620014190674,25.751850032806395,2.1494822464348697,2026,4,April,Q2,Monday
2026-04-07,20.81999969482422,20.899999618530277,20.6299991607666,20.8799991607666,4280700,20.780000686645508,0.09999847412109375,0.481224594883467,0.2700004577636754,1.2968321888630796,20.635714394705637,21.18566672007243,21.652000122070312,25.726850032806396,2.1435150931813753,2026,4,April,Q2,Tuesday
2026-04-08,21.68000030517578,21.71999931335449,21.309999465942383,21.3799991607666,5400300,20.8799991607666,0.5,2.394636111573689,0.4099998474121058,1.8911431809999761,20.84571429661342,21.17833334604899,21.62040012359619,25.710000028610228,2.1907390166765177,2026,4,April,Q2,Wednesday
2026-04-09,21.21999931335449,21.489999771118164,21.100000381469727,21.420000076293945,3004200,21.3799991607666,0.04000091552734375,0.1870950285196793,0.3899993896484375,1.837885967333643,21.060000010899135,21.17866668701172,21.596800117492677,25.69500002861023,2.184802560374265,2026,4,April,Q2,Thursday
2026-04-10,21.0,21.100000381469727,20.940000534057617,21.049999237060547,2924600,21.420000076293945,-0.37000083923339844,-1.7273615215477434,0.15999984741210938,0.7619040352957589,21.109999792916433,21.12733332316081,21.572200088500978,25.67530002593994,1.9444403336570906,2026,4,April,Q2,Friday
2026-04-13,20.479999542236328,21.059999465942383,20.479999542236328,21.049999237060547,6746200,21.049999237060547,0.0,0.0,0.5799999237060547,2.8320309407717943,21.099999564034597,21.060333315531413,21.54740005493164,25.655950021743774,1.8961834091497816,2026,4,April,Q2,Monday
2026-04-14,20.75,21.01000022888184,20.729999542236328,20.950000762939453,4382900,21.049999237060547,-0.09999847412109375,-0.4750521508097627,0.28000068664551137,1.3494008994964402,21.072856903076172,21.00233332316081,21.524400062561035,25.633000020980834,1.8802487016104583,2026,4,April,Q2,Tuesday
2026-04-15,21.01000022888184,21.299999237060547,21.01000022888184,21.239999771118164,3747300,20.950000762939453,0.28999900817871094,1.3842434253831692,0.2899990081787074,1.3802903618251947,21.13857105800084,20.99099998474121,21.50680004119873,25.607700023651123,1.6847594345041172,2026,4,April,Q2,Wednesday
2026-04-16,21.34000015258789,21.520000457763672,21.309999465942383,21.459999084472656,3940400,21.239999771118164,0.2199993133544922,1.0357783226233597,0.21000099182128906,0.9840721195862896,21.221428189958846,20.97333329518636,21.497400016784667,25.58485001564026,1.6576320240216929,2026,4,April,Q2,Thursday
2026-04-17,21.81999969482422,22.049999237060547,21.700000762939453,21.700000762939453,3832300,21.459999084472656,0.24000167846679688,1.1183676081349292,0.34999847412109375,1.6040260266553288,21.267142704554967,20.984333292643228,21.493200035095214,25.566000022888183,1.586632185609398,2026,4,April,Q2,Friday
2026-04-20,21.5,21.530000686645508,21.350000381469727,21.440000534057617,3495000,21.700000762939453,-0.26000022888183594,-1.1981576946572314,0.18000030517578125,0.8372107217478197,21.26999991280692,20.982999992370605,21.497200050354003,25.544650030136108,1.6005838562618484,2026,4,April,Q2,Monday
2026-04-21,21.149999618530277,21.149999618530277,20.770000457763672,20.780000686645508,4282400,21.440000534057617,-0.6599998474121094,-3.0783574205779263,0.3799991607666051,1.7966863717277526,21.231428691319056,20.954999987284342,21.467600059509277,25.520650033950805,1.691029522724434,2026,4,April,Q2,Tuesday
2026-04-22,20.96999931335449,21.09000015258789,20.770000457763672,20.84000015258789,3733100,20.780000686645508,0.05999946594238281,0.2887365926842467,0.31999969482421875,1.5259881034923584,21.201428822108678,20.92699998219808,21.437800064086915,25.498350038528443,1.6911212786214609,2026,4,April,Q2,Wednesday
2026-04-23,20.6200008392334,20.700000762939453,20.299999237060547,20.489999771118164,4902500,20.84000015258789,-0.35000038146972656,-1.679464390149077,0.40000152587890625,1.9398715305473158,21.135714394705637,20.893666648864745,21.391000061035157,25.474550037384034,1.709796189153521,2026,4,April,Q2,Thursday
2026-04-24,20.299999237060547,20.309999465942383,20.0,20.280000686645508,7408800,20.489999771118164,-0.20999908447265625,-1.024885733618519,0.3099994659423828,1.5270910226264172,20.9985716683524,20.854333368937173,21.337600059509278,25.450100040435792,1.7173304618476621,2026,4,April,Q2,Friday
2026-04-27,20.11000061035156,20.34000015258789,20.030000686645508,20.13999938964844,5981100,20.280000686645508,-0.14000129699706676,-0.6903416777952032,0.3099994659423828,1.5415189285614024,20.810000283377512,20.80933335622152,21.283000030517577,25.427550039291383,1.7187859532113905,2026,4,April,Q2,Monday
2026-04-28,20.209999084472656,20.229999542236328,19.8700008392334,19.96999931335449,5385500,20.13999938964844,-0.17000007629395242,-0.8440917648752766,0.3599987030029297,1.7812900510199268,20.562857219151088,20.75333334604899,21.218600006103514,25.405250034332276,1.713089120962837,2026,4,April,Q2,Tuesday
2026-04-29,19.959999084472656,20.020000457763672,19.729999542236328,19.780000686645508,9342300,19.96999931335449,-0.18999862670898082,-0.9514202966543039,0.29000091552734375,1.4529104650758333,20.325714383806503,20.71533336639404,21.15780002593994,25.38215003967285,1.6154349238541341,2026,4,April,Q2,Wednesday
2026-04-30,19.729999542236328,20.190000534057617,19.6299991607666,20.09000015258789,7334800,19.780000686645508,0.3099994659423828,1.5672368816027404,0.5600013732910156,2.838324309598749,20.227142878941127,20.705666732788085,21.1096000289917,25.36220004081726,1.5794235525611808,2026,4,April,Q2,Thursday
2026-05-01,19.90999984741211,20.040000915527344,19.780000686645508,19.780000686645508,5054600,20.09000015258789,-0.3099994659423828,-1.543053576843556,0.26000022888183594,1.3058776035883828,20.075714383806503,20.677666727701823,21.06020004272461,25.341200046539306,1.5854484400148805,2026,5,May,Q2,Friday
2026-05-04,19.88999938964844,19.979999542236328,19.6299991607666,19.63999938964844,5104700,19.780000686645508,-0.14000129699706676,-0.7077921746058813,0.35000038146972656,1.7596802021616997,19.954285757882253,20.658333396911623,21.014400024414062,25.31735004425049,1.5524682264084242,2026,5,May,Q2,Monday
2026-05-05,19.780000686645508,20.280000686645508,19.670000076293945,20.1200008392334,10166400,19.63999938964844,0.4800014495849574,2.4439993100913604,0.6100006103515625,3.083926133346422,19.93142863682338,20.639666748046874,20.98340003967285,25.298350048065185,1.561609150705858,2026,5,May,Q2,Tuesday
2026-05-06,20.540000915527344,20.81999969482422,20.3700008392334,20.729999542236328,10934600,20.1200008392334,0.6099987030029297,3.0318025723609754,0.4499988555908203,2.190841458291469,20.015714372907365,20.645000076293947,20.966000022888185,25.281650047302247,1.6585606675336162,2026,5,May,Q2,Wednesday
2026-05-07,20.25,20.25,19.82999992370605,19.88999938964844,8649000,20.729999542236328,-0.8400001525878871,-4.052099233656181,0.42000007629394887,2.0740744508343156,20.00428581237793,20.623333358764647,20.93560001373291,25.260650043487548,1.8191383854428465,2026,5,May,Q2,Thursday
2026-05-08,20.270000457763672,20.8700008392334,20.059999465942383,20.149999618530277,13256700,19.88999938964844,0.26000022888183594,1.3071907333348065,0.8100013732910156,3.99605996545883,20.05714280264718,20.62733332316081,20.886800003051757,25.235100040435793,1.7784572390907658,2026,5,May,Q2,Friday
2026-05-11,21.51000022888184,21.6299991607666,21.190000534057617,21.290000915527344,16234300,20.149999618530277,1.1400012969970668,5.657574782029795,0.4399986267089844,2.0455537983592897,20.228571483067103,20.673333358764648,20.851400032043458,25.214650049209595,2.04794578795078,2026,5,May,Q2,Monday
2026-05-12,21.8799991607666,22.290000915527344,21.81999969482422,22.15999984741211,12735400,21.290000915527344,0.8699989318847656,4.086420359194309,0.470001220703125,2.1480861002311746,20.56857136317662,20.74800001780192,20.840800018310546,25.201050052642824,2.164080004441025,2026,5,May,Q2,Tuesday
2026-05-13,22.959999084472656,22.979999542236328,22.6299991607666,22.790000915527344,12793600,22.15999984741211,0.6300010681152344,2.8429651283991664,0.35000038146972656,1.5243919661409053,21.018571581159318,20.81766668955485,20.865000038146974,25.193200054168702,2.111848833632585,2026,5,May,Q2,Wednesday
2026-05-14,22.13999938964844,22.209999084472656,22.01000022888184,22.1200008392334,8154100,22.790000915527344,-0.6700000762939453,-2.9398861315422686,0.19999885559081676,0.9033372226935392,21.304285866873606,20.851000022888183,20.86760005950928,25.183050060272215,2.1690964788782257,2026,5,May,Q2,Thursday
2026-05-15,22.51000022888184,22.670000076293945,22.290000915527344,22.309999465942383,8111300,22.1200008392334,0.18999862670898438,0.858944934450423,0.37999916076660156,1.688134859630242,21.530000141688756,20.890000025431316,20.886400032043458,25.173600053787233,2.172582764555757,2026,5,May,Q2,Friday
2026-05-18,22.71999931335449,22.8700008392334,22.549999237060547,22.709999084472656,6994700,22.309999465942383,0.39999961853027344,1.7929163070617538,0.32000160217285156,1.4084577986089957,21.932857240949357,20.954333305358887,20.911000022888185,25.165550050735472,2.1605844154951295,2026,5,May,Q2,Monday
2026-05-19,23.18000030517578,23.280000686645508,22.739999771118164,22.76000022888184,8027700,22.709999084472656,0.05000114440918324,0.2201723752748741,0.5400009155273438,2.3295983969714134,22.305714470999582,21.017000007629395,20.933800010681153,25.157500047683715,2.1604338220070134,2026,5,May,Q2,Tuesday
2026-05-20,22.780000686645508,22.82999992370605,22.46999931335449,22.81999969482422,4497600,22.76000022888184,0.05999946594237926,0.26361803751759894,0.3600006103515625,1.5803362576832947,22.52428572518485,21.065000025431313,20.956599998474122,25.147800045013426,2.124266142117856,2026,5,May,Q2,Wednesday
2026-05-21,22.13999938964844,22.59000015258789,22.100000381469727,22.559999465942383,6681800,22.81999969482422,-0.26000022888183594,-1.1393524643245612,0.48999977111816406,2.2131878257741215,22.58142852783203,21.103000005086262,20.977999992370606,25.137950038909914,2.139139821725153,2026,5,May,Q2,Thursday
2026-05-22,22.15999984741211,22.51000022888184,22.020000457763672,22.13999938964844,10353200,22.559999465942383,-0.42000007629394176,-1.8617025099135875,0.4899997711181676,2.2111903181054884,22.488571166992188,21.13933334350586,20.991599998474122,25.124050035476685,2.1434390177430247,2026,5,May,Q2,Friday
2026-05-26,22.270000457763672,22.420000076293945,22.13999938964844,22.15999984741211,6810700,22.13999938964844,0.020000457763668322,0.09033630675265858,0.28000068664550426,1.2572998692862245,22.494285311017716,21.17633336385091,21.005,25.10470003128052,2.1432256426906253,2026,5,May,Q2,Tuesday
2026-05-27,22.0,22.06999969482422,21.81999969482422,21.86000061035156,5338900,22.15999984741211,-0.2999992370605504,-1.353787180172683,0.25,1.1363636363636365,22.42999976021903,21.206666692097983,21.009200019836427,25.078250036239623,2.1586269922803982,2026,5,May,Q2,Wednesday
2026-05-28,21.61000061035156,21.90999984741211,21.559999465942383,21.71999931335449,6537800,21.86000061035156,-0.1400012969970703,-0.6404450735960854,0.35000038146972656,1.6196222655452883,22.288571221487864,21.222666676839193,21.025200004577638,25.05045002937317,2.1508036556602423,2026,5,May,Q2,Thursday
2026-05-29,21.6299991607666,21.71999931335449,21.530000686645508,21.56999969482422,6151000,21.71999931335449,-0.14999961853026988,-0.6906060003328052,0.18999862670898082,0.8784033013445893,22.11857114519392,21.226333363850912,21.049000015258787,25.022350025177,2.1479051231961654,2026,5,May,Q2,Friday
2026-06-01,22.1299991607666,22.63999938964844,22.07999992370605,22.56999969482422,8600300,21.56999969482422,1.0,4.6360686794073125,0.5599994659423899,2.530499264252982,22.08285685947963,21.25533332824707,21.087999992370605,24.99530002593994,2.2995186407353105,2026,6,June,Q2,Monday
2026-06-02,22.809999465942383,23.0,22.739999771118164,22.790000915527344,5720600,22.56999969482422,0.220001220703125,0.9747506587409305,0.26000022888183594,1.1398519726843586,22.11571420942034,21.300333340962727,21.139400024414062,24.970550031661986,2.289580612938177,2026,6,June,Q2,Tuesday
2026-06-03,22.51000022888184,22.530000686645508,22.13999938964844,22.200000762939453,4252900,22.790000915527344,-0.5900001525878906,-2.588855326398476,0.39000129699706676,1.732569049451492,22.1242858341762,21.347666676839193,21.169800033569334,24.937850036621093,2.2668302273872323,2026,6,June,Q2,Wednesday
2026-06-04,22.020000457763672,22.31999969482422,22.0,22.229999542236328,5476400,22.200000762939453,0.029998779296875,0.13512963182846782,0.31999969482421875,1.4532229253946054,22.13428579057966,21.393999989827474,21.20300003051758,24.907250032424926,2.2669018954986826,2026,6,June,Q2,Thursday
2026-06-05,22.190000534057617,22.270000457763672,21.8700008392334,21.88999938964844,4884400,22.229999542236328,-0.3400001525878871,-1.5294654052596668,0.39999961853027344,1.8026120275046713,22.138571330479213,21.44066664377848,21.23,24.87550003051758,2.2626836581172634,2026,6,June,Q2,Friday
2026-06-08,22.07999992370605,22.239999771118164,22.06999969482422,22.149999618530277,4416200,21.88999938964844,0.26000022888183594,1.1877580453692804,0.1700000762939453,0.7699278844264208,22.199999945504324,21.502999941507976,21.272399978637694,24.845650024414063,2.255913108633468,2026,6,June,Q2,Monday
2026-06-09,21.57999992370605,21.6200008392334,21.21999931335449,21.309999465942383,6558400,22.149999618530277,-0.8400001525878942,-3.79232581062966,0.4000015258789098,1.8535751959827411,22.162857055664062,21.541999944051106,21.3003999710083,24.81405002593994,2.371871200299674,2026,6,June,Q2,Tuesday
2026-06-10,21.190000534057617,21.190000534057617,20.729999542236328,20.76000022888184,6537100,21.309999465942383,-0.5499992370605433,-2.5809443962659495,0.46000099182128906,2.170839925567499,21.904285703386584,21.56833330790202,21.31719997406006,24.774800024032594,2.419346455557698,2026,6,June,Q2,Wednesday
2026-06-11,20.81999969482422,21.270000457763672,20.790000915527344,21.149999618530277,6822700,20.76000022888184,0.3899993896484375,1.8786097560146375,0.4799995422363281,2.3054733394432008,21.669999803815575,21.613999938964845,21.326199951171876,24.739950017929075,2.4297679633132443,2026,6,June,Q2,Thursday
2026-06-12,20.850000381469727,20.899999618530277,20.459999084472656,20.530000686645508,6500600,21.149999618530277,-0.6199989318847692,-2.931437083060584,0.44000053405762074,2.110314273416838,21.43142836434501,21.628666623433432,21.314399948120116,24.703200025558473,2.4840024283732354,2026,6,June,Q2,Friday
2026-06-15,20.56999969482422,20.649999618530277,20.32999992370605,20.399999618530277,6028000,20.530000686645508,-0.13000106811523082,-0.633224860044912,0.31999969482422586,1.5556621272325226,21.169999803815575,21.649333254496256,21.299599952697754,24.666000022888184,2.468733775793914,2026,6,June,Q2,Monday
2026-06-16,20.299999237060547,20.399999618530277,20.26000022888184,20.3799991607666,3632900,20.399999618530277,-0.020000457763675428,-0.09804146145918624,0.1399993896484375,0.6896521916752028,20.95428548540388,21.673999913533528,21.291599922180175,24.627900018692017,2.4640852308384193,2026,6,June,Q2,Tuesday
2026-06-17,20.399999618530277,20.700000762939453,20.21999931335449,20.239999771118164,4980400,20.3799991607666,-0.1399993896484375,-0.6869450216560824,0.4800014495849645,2.352948326278186,20.681428364345006,21.677999877929686,21.27879993438721,24.591500015258788,2.4297504453093826,2026,6,June,Q2,Wednesday
2026-06-18,20.15999984741211,20.36000061035156,20.100000381469727,20.32999992370605,5524900,20.239999771118164,0.09000015258788707,0.4446647905417267,0.2600002288818324,1.2896836847705035,20.541428429739817,21.66466655731201,21.257799949645996,24.558400011062623,2.365258401882454,2026,6,June,Q2,Thursday
2026-06-22,19.82999992370605,19.940000534057617,19.46999931335449,19.51000022888184,9419400,20.32999992370605,-0.8199996948242116,-4.0334466202729296,0.47000122070312855,2.370152408025272,20.362857001168386,21.65199991861979,21.219599952697752,24.520800008773804,2.3641690517103924,2026,6,June,Q2,Monday
2026-06-23,19.479999542236328,19.68000030517578,19.38999938964844,19.63999938964844,5880000,19.51000022888184,0.12999916076660156,0.6663206521861254,0.2900009155273402,1.488711100318885,20.147142682756698,21.6349999109904,21.19139995574951,24.479800004959106,2.3544756677007586,2026,6,June,Q2,Tuesday
2026-06-24,20.11000061035156,20.270000457763672,19.959999084472656,20.01000022888184,5416800,19.63999938964844,0.37000083923339844,1.883914718594193,0.3100013732910156,1.5415284131390994,20.072856903076175,21.592333221435545,21.170599975585937,24.442000007629396,2.128505842405264,2026,6,June,Q2,Wednesday
2026-06-25,19.770000457763672,19.790000915527344,19.31999969482422,19.31999969482422,6698500,20.01000022888184,-0.6900005340576207,-3.4482784915798925,0.470001220703125,2.3773455226125484,19.91857119968959,21.497666549682616,21.137999954223634,24.395250005722048,2.0502584542675995,2026,6,June,Q2,Thursday
2026-06-26,19.68000030517578,19.88999938964844,19.670000076293945,19.709999084472656,5312300,19.31999969482422,0.3899993896484375,2.018630413089073,0.21999931335449574,1.1178826724745354,19.822856903076172,21.394999821980793,21.107399940490723,24.350250005722046,2.009928695663767,2026,6,June,Q2,Friday
2026-06-29,20.290000915527344,20.440000534057617,20.21999931335449,20.43000030517578,5546200,19.709999084472656,0.720001220703125,3.6529743995286967,0.22000122070312855,1.0842839367974995,19.849999836512975,21.338666470845542,21.086799964904785,24.309150009155275,2.0886808571604054,2026,6,June,Q2,Monday
2026-06-30,20.15999984741211,20.200000762939453,20.030000686645508,20.059999465942383,5628000,20.43000030517578,-0.37000083923339844,-1.8110662442802905,0.1700000762939453,0.8432543530786177,19.811428342546737,21.26366647084554,21.053999938964843,24.2635000038147,2.09695559728722,2026,6,June,Q2,Tuesday
2026-07-01,19.96999931335449,20.26000022888184,19.940000534057617,20.209999084472656,4725200,20.059999465942383,0.14999961853027344,0.7477548480743446,0.3199996948242223,1.6024021323337239,19.91142817905971,21.180333137512207,21.029399909973144,24.218500003814697,2.0689216753469277,2026,7,July,Q3,Wednesday
2026-07-02,20.63999938964844,20.799999237060547,20.559999465942383,20.790000915527344,5584700,20.209999084472656,0.5800018310546875,2.8698755929202457,0.23999977111816406,1.1627896231359915,20.075714111328125,21.114666493733726,21.029599914550783,24.175750007629393,2.1498424975234363,2026,7,July,Q3,Thursday
2026-07-06,21.100000381469727,21.190000534057617,20.940000534057617,21.15999984741211,5016000,20.790000915527344,0.3699989318847656,1.7796965636900364,0.25,1.1848341018019743,20.239999771118164,21.059333165486652,21.035999908447266,24.137450008392335,2.1806357197240565,2026,7,July,Q3,Monday
2026-07-07,21.57999992370605,21.649999618530277,21.36000061035156,21.399999618530277,4637000,21.15999984741211,0.23999977111816762,1.134214427451985,0.28999900817871804,1.3438322947357775,20.537142617361887,21.02066650390625,21.054199905395507,24.098650007247926,2.187383812521175,2026,7,July,Q3,Tuesday
2026-07-08,21.239999771118164,21.350000381469727,21.049999237060547,21.149999618530277,4961400,21.399999618530277,-0.25,-1.1682243198898212,0.3000011444091797,1.412434781741932,20.742856979370117,20.987666511535643,21.071599884033205,24.054050006866454,2.1723125122144475,2026,7,July,Q3,Wednesday
2026-07-09,20.899999618530277,21.0,20.809999465942383,20.93000030517578,3858900,21.149999618530277,-0.21999931335449574,-1.040185897505863,0.1900005340576172,0.9090934809834142,20.81428555079869,20.946666526794434,21.08739990234375,24.011900005340575,2.1781645305511974,2026,7,July,Q3,Thursday
2026-07-10,20.770000457763672,20.93000030517578,20.649999618530277,20.850000381469727,4625400,20.93000030517578,-0.07999992370605469,-0.38222609909026595,0.28000068664550426,1.3481014948213066,20.92714282444545,20.912999852498373,21.104999923706053,23.967500009536742,2.1671088558183116,2026,7,July,Q3,Friday
2026-07-13,20.65999984741211,20.86000061035156,20.65999984741211,20.68000030517578,4657000,20.850000381469727,-0.1700000762939453,-0.8153480728232076,0.20000076293944957,0.9680579110193065,20.99428585597447,20.878333218892415,21.12299991607666,23.922100009918214,2.168750603571165,2026,7,July,Q3,Monday
2026-07-14,20.850000381469727,21.01000022888184,20.799999237060547,20.799999237060547,4229200,20.68000030517578,0.11999893188476562,0.5802656195064593,0.21000099182129262,1.0071989831133497,20.99571418762207,20.85266653696696,21.137199897766113,23.879400005340575,2.1700499837106344,2026,7,July,Q3,Tuesday
2026-07-15,20.88999938964844,20.899999618530277,20.65999984741211,20.709999084472656,3046900,20.799999237060547,-0.09000015258789062,-0.43269305715901707,0.23999977111816762,1.1488739977517375,20.931428364345006,20.790666516621908,21.155799865722656,23.83380000114441,1.977506448712893,2026,7,July,Q3,Wednesday
2026-07-16,21.0,21.399999618530277,21.0,21.38999938964844,4574700,20.709999084472656,0.6800003051757848,3.283439571398228,0.399999618530277,1.9047600882394142,20.92999976021903,20.74399979909261,21.190799865722656,23.791849994659422,2.070254717591941,2026,7,July,Q3,Thursday
2026-07-17,21.209999084472656,21.31999969482422,21.11000061035156,21.1200008392334,3739500,21.38999938964844,-0.2699985504150426,-1.2622653488513325,0.2099990844726598,0.990094736149212,20.925714220319474,20.707999801635744,21.210799865722656,23.75194999694824,2.031052933750088,2026,7,July,Q3,Friday
2026-07-20,21.32999992370605,21.459999084472656,21.1299991607666,21.149999618530277,5237800,21.1200008392334,0.029998779296878553,0.1420396690569703,0.3299999237060547,1.5471163848401823,20.957142693655832,20.671999804178874,21.219199867248534,23.713749990463256,2.03108631781736,2026,7,July,Q3,Monday
2026-07-21,21.229999542236328,21.239999771118164,21.020000457763672,21.020000457763672,3363000,21.149999618530277,-0.12999916076660512,-0.6146532534814231,0.2199993133544922,1.0362662180788624,20.981428418840682,20.642999839782714,21.24179988861084,23.675149993896483,2.0164115800224205,2026,7,July,Q3,Tuesday
2026-07-22,21.149999618530277,21.15999984741211,20.920000076293945,20.920000076293945,2718400,21.020000457763672,-0.10000038146972656,-0.47573919739279935,0.23999977111816406,1.1347507113328343,21.01571410042899,20.601999855041505,21.257199897766114,23.639349994659423,2.0021628944284044,2026,7,July,Q3,Wednesday
2026-07-23,20.71999931335449,20.850000381469727,20.57999992370605,20.690000534057617,3972600,20.920000076293945,-0.22999954223632812,-1.0994241940608718,0.2700004577636754,1.303091055556427,21.0,20.581333223978678,21.245199890136718,23.598000001907348,1.8915084000715126,2026,7,July,Q3,Thursday
2026-07-24,20.790000915527344,21.149999618530277,20.790000915527344,20.979999542236328,3872800,20.690000534057617,0.28999900817871094,1.4016384760423106,0.35999870300293324,1.7315954167854914,21.038571493966238,20.58866653442383,21.221599884033203,23.55239999771118,1.8492922733526092,2026,7,July,Q3,Friday
2026-07-27,21.75,22.43000030517578,21.739999771118164,22.290000915527344,7494900,20.979999542236328,1.3100013732910156,6.244048626663501,0.6900005340576172,3.1724162485407685,21.16714314052037,20.626666577657065,21.211599884033202,23.515150003433227,2.1459582618013897,2026,7,July,Q3,Monday
2026-07-28,22.200000762939453,22.739999771118164,22.200000762939453,22.709999084472656,9777100,22.290000915527344,0.4199981689453125,1.884244736180074,0.5399990081787109,2.4324278811745903,21.39428574698312,20.69933319091797,21.223399848937987,23.47994999885559,2.0830481886153462,2026,7,July,Q3,Tuesday
2026-07-29,23.100000381469727,23.549999237060547,22.93000030517578,23.270000457763672,9040600,22.709999084472656,0.5600013732910156,2.4658802107742073,0.6199989318847656,2.6839780157844246,21.69714300973075,20.794999885559083,21.242599868774413,23.447100000381468,2.1088953449236967,2026,7,July,Q3,Wednesday
2026-07-30,23.309999465942383,23.40999984741211,22.729999542236328,22.770000457763672,7715300,23.270000457763672,-0.5,-2.148689257258618,0.6800003051757812,2.917204293244672,21.94714300973075,20.874666595458983,21.243799896240233,23.41970000267029,2.160249604204,2026,7,July,Q3,Thursday
2026-07-31,23.88999938964844,23.979999542236328,22.63999938964844,23.26000022888184,9674300,22.770000457763672,0.4899997711181676,2.15195327741462,1.340000152587887,5.609042221945432,22.281428745814733,20.97533327738444,21.253799896240235,23.39164999961853,2.173464390619386,2026,7,July,Q3,Friday
2026-08-03,22.700000762939453,22.96999931335449,22.559999465942383,22.6299991607666,5736700,23.26000022888184,-0.6300010681152379,-2.7085170331725417,0.4099998474121058,1.8061666679830297,22.558571406773158,21.051999918619792,21.24999988555908,23.360649995803833,2.250475451910036,2026,8,August,Q3,Monday
2026-08-04,22.3700008392334,22.5,22.21999931335449,22.350000381469727,7056900,22.6299991607666,-0.279998779296875,-1.2372902769802407,0.28000068664551137,1.2516793747921324,22.75428581237793,21.14666659037272,21.245799903869628,23.32795000076294,2.115123908136285,2026,8,August,Q3,Tuesday
2026-08-05,22.549999237060547,22.739999771118164,22.399999618530277,22.440000534057617,4230300,22.350000381469727,0.09000015258789062,0.4026852396052272,0.3400001525878871,1.507761259827905,22.775714329310826,21.239999961853027,21.251799926757812,23.297650003433226,2.1148510204735484,2026,8,August,Q3,Wednesday
2026-08-06,22.8799991607666,23.11000061035156,22.81999969482422,23.100000381469727,5511800,22.440000534057617,0.6599998474121094,2.9411757206084577,0.2900009155273402,1.2674865654043304,22.83142880031041,21.342999966939292,21.270599937438966,23.268650007247924,2.1478352218827874,2026,8,August,Q3,Thursday
2026-08-07,23.51000022888184,23.600000381469727,23.31999969482422,23.459999084472656,4414600,23.100000381469727,0.3599987030029297,1.5584359179998675,0.2800006866455078,1.1909854696706013,22.858571461268834,21.48099994659424,21.302599906921387,23.24,2.0210942301788664,2026,8,August,Q3,Friday
2026-08-10,23.71999931335449,23.8700008392334,23.59000015258789,23.81999969482422,4567000,23.459999084472656,0.3600006103515625,1.5345295157740857,0.2800006866455078,1.1804413775335394,23.00857135227748,21.61799996693929,21.34459991455078,23.21340000152588,2.011856444211071,2026,8,August,Q3,Monday
2026-08-11,23.71999931335449,23.809999465942383,23.520000457763672,23.61000061035156,3757400,23.81999969482422,-0.2099990844726598,-0.8816082584513607,0.28999900817871094,1.222592818607039,23.058571406773158,21.723999977111816,21.38539993286133,23.187700004577636,1.9479938244434698,2026,8,August,Q3,Tuesday
2026-08-12,23.56999969482422,23.649999618530277,23.350000381469727,23.540000915527344,4107100,23.61000061035156,-0.0699996948242152,-0.29648324021441796,0.2999992370605504,1.2728011919594036,23.188571657453263,21.840000025431316,21.40479995727539,23.16185001373291,1.9051488652420623,2026,8,August,Q3,Wednesday
2026-08-13,23.229999542236328,23.649999618530277,23.18000030517578,23.61000061035156,4299300,23.540000915527344,0.0699996948242152,0.29736487723772687,0.46999931335449574,2.0232428868539243,23.36857169015067,21.95333340962728,21.421199951171875,23.136650018692016,1.9053272596198716,2026,8,August,Q3,Thursday
2026-08-14,24.43000030517578,24.670000076293945,24.200000762939453,24.290000915527344,5821900,23.61000061035156,0.6800003051757848,2.8801367539043943,0.4699993133544922,1.923861266816756,23.632857458932058,22.070000076293944,21.462999954223633,23.114600019454954,1.9057613746762034,2026,8,August,Q3,Friday
2026-08-17,23.81999969482422,23.81999969482422,23.56999969482422,23.700000762939453,4180900,24.290000915527344,-0.5900001525878906,-2.4289836572658707,0.25,1.0495382166370129,23.71857179914202,22.15466677347819,21.492399978637696,23.088150024414062,1.9651318703530036,2026,8,August,Q3,Monday
2026-08-18,23.38999938964844,23.489999771118164,23.299999237060547,23.43000030517578,3751400,23.700000762939453,-0.2700004577636719,-1.1392424011474334,0.1900005340576172,0.8123152587242243,23.714286259242467,22.222333463033042,21.523199996948243,23.064400024414063,1.9795051740817478,2026,8,August,Q3,Tuesday
2026-08-19,23.489999771118164,23.8700008392334,23.43000030517578,23.489999771118164,3854000,23.43000030517578,0.05999946594238281,0.25607966351210987,0.4400005340576172,1.8731397971259853,23.667143412998744,22.3003334681193,21.55,23.043100023269652,1.9595301215626155,2026,8,August,Q3,Wednesday
2026-08-20,23.61000061035156,23.68000030517578,23.5,23.57999992370605,3686000,23.489999771118164,0.09000015258788707,0.3831424157719532,0.18000030517578125,0.7623900911584983,23.662857600620814,22.38866678873698,21.595400009155274,23.02155002593994,1.9413890501949809,2026,8,August,Q3,Thursday
2026-08-21,23.76000022888184,24.07999992370605,23.739999771118164,23.920000076293945,3718400,23.57999992370605,0.3400001525878942,1.4419005669549456,0.3400001525878871,1.4309770593966349,23.717143195016043,22.491000111897787,21.658600006103516,23.001400022506715,1.9440862621512007,2026,8,August,Q3,Friday
2026-08-24,24.149999618530277,24.31999969482422,24.100000381469727,24.26000022888184,3191700,23.920000076293945,0.3400001525878942,1.4214053156498707,0.2199993133544922,0.9109702560230556,23.810000283377512,22.61033344268799,21.72080001831055,22.983150024414062,1.9356896139094957,2026,8,August,Q3,Monday
